solid OpenSCAD_Model
  facet normal -1 0 0
    outer loop
      vertex -43 0 0
      vertex -43 50.8 77
      vertex -43 50.8 0
    endloop
  endfacet
  facet normal -1 -0 0
    outer loop
      vertex -43 50.8 77
      vertex -43 0 0
      vertex -43 0 77
    endloop
  endfacet
  facet normal -0 0 1
    outer loop
      vertex 34.4712 18.2926 77
      vertex 43 0 77
      vertex 43 50.8 77
    endloop
  endfacet
  facet normal 0 0 1
    outer loop
      vertex 43 0 77
      vertex 34.4928 18.147 77
      vertex 34.5 18 77
    endloop
  endfacet
  facet normal 0 0 1
    outer loop
      vertex 43 0 77
      vertex 34.4712 18.2926 77
      vertex 34.4928 18.147 77
    endloop
  endfacet
  facet normal 0 0 1
    outer loop
      vertex 43 50.8 77
      vertex 34.4354 18.4354 77
      vertex 34.4712 18.2926 77
    endloop
  endfacet
  facet normal 0 0 1
    outer loop
      vertex 43 50.8 77
      vertex 34.3858 18.574 77
      vertex 34.4354 18.4354 77
    endloop
  endfacet
  facet normal 0 0 1
    outer loop
      vertex 43 50.8 77
      vertex 34.3229 18.7071 77
      vertex 34.3858 18.574 77
    endloop
  endfacet
  facet normal 0 0 1
    outer loop
      vertex 43 50.8 77
      vertex 34.2472 18.8334 77
      vertex 34.3229 18.7071 77
    endloop
  endfacet
  facet normal 0 0 1
    outer loop
      vertex 43 50.8 77
      vertex 34.1595 18.9516 77
      vertex 34.2472 18.8334 77
    endloop
  endfacet
  facet normal 0 0 1
    outer loop
      vertex 43 50.8 77
      vertex 34.0607 19.0607 77
      vertex 34.1595 18.9516 77
    endloop
  endfacet
  facet normal 0 0 1
    outer loop
      vertex 43 50.8 77
      vertex 33.9516 19.1595 77
      vertex 34.0607 19.0607 77
    endloop
  endfacet
  facet normal 0 0 1
    outer loop
      vertex 43 50.8 77
      vertex 33.8334 19.2472 77
      vertex 33.9516 19.1595 77
    endloop
  endfacet
  facet normal 0 0 1
    outer loop
      vertex 43 50.8 77
      vertex 33.7071 19.3229 77
      vertex 33.8334 19.2472 77
    endloop
  endfacet
  facet normal 0 0 1
    outer loop
      vertex 43 50.8 77
      vertex 33.574 19.3858 77
      vertex 33.7071 19.3229 77
    endloop
  endfacet
  facet normal 0 0 1
    outer loop
      vertex 43 50.8 77
      vertex 33.4354 19.4354 77
      vertex 33.574 19.3858 77
    endloop
  endfacet
  facet normal 0 0 1
    outer loop
      vertex 43 50.8 77
      vertex 33.2926 19.4712 77
      vertex 33.4354 19.4354 77
    endloop
  endfacet
  facet normal 0 0 1
    outer loop
      vertex 43 50.8 77
      vertex 33.147 19.4928 77
      vertex 33.2926 19.4712 77
    endloop
  endfacet
  facet normal 0 0 1
    outer loop
      vertex 43 50.8 77
      vertex 33 19.5 77
      vertex 33.147 19.4928 77
    endloop
  endfacet
  facet normal 0 0 1
    outer loop
      vertex 43 50.8 77
      vertex 32.853 19.4928 77
      vertex 33 19.5 77
    endloop
  endfacet
  facet normal 0 0 1
    outer loop
      vertex 43 50.8 77
      vertex 32.7074 19.4712 77
      vertex 32.853 19.4928 77
    endloop
  endfacet
  facet normal 0 0 1
    outer loop
      vertex 43 50.8 77
      vertex 32.5646 19.4354 77
      vertex 32.7074 19.4712 77
    endloop
  endfacet
  facet normal 0 0 1
    outer loop
      vertex 43 50.8 77
      vertex 32.426 19.3858 77
      vertex 32.5646 19.4354 77
    endloop
  endfacet
  facet normal 0 0 1
    outer loop
      vertex 43 50.8 77
      vertex 32.2929 19.3229 77
      vertex 32.426 19.3858 77
    endloop
  endfacet
  facet normal 0 0 1
    outer loop
      vertex 43 50.8 77
      vertex 32.1666 19.2472 77
      vertex 32.2929 19.3229 77
    endloop
  endfacet
  facet normal 0 0 1
    outer loop
      vertex 43 50.8 77
      vertex 32.0484 19.1595 77
      vertex 32.1666 19.2472 77
    endloop
  endfacet
  facet normal 0 0 1
    outer loop
      vertex 43 50.8 77
      vertex 31.9393 19.0607 77
      vertex 32.0484 19.1595 77
    endloop
  endfacet
  facet normal 0 0 1
    outer loop
      vertex 43 50.8 77
      vertex 31.8405 18.9516 77
      vertex 31.9393 19.0607 77
    endloop
  endfacet
  facet normal 0 0 1
    outer loop
      vertex -31.8405 18.9516 77
      vertex 31.8405 18.9516 77
      vertex 43 50.8 77
    endloop
  endfacet
  facet normal 0 0 1
    outer loop
      vertex 31.8405 18.9516 77
      vertex -31.8405 18.9516 77
      vertex 31.7528 18.8334 77
    endloop
  endfacet
  facet normal 0 -0 1
    outer loop
      vertex -31.7528 18.8334 77
      vertex 31.7528 18.8334 77
      vertex -31.8405 18.9516 77
    endloop
  endfacet
  facet normal 0 0 1
    outer loop
      vertex 31.7528 18.8334 77
      vertex -31.7528 18.8334 77
      vertex 31.6771 18.7071 77
    endloop
  endfacet
  facet normal 0 0 1
    outer loop
      vertex 31.5072 18.147 77
      vertex -31.5 18 77
      vertex 31.5 18 77
    endloop
  endfacet
  facet normal 0 0 1
    outer loop
      vertex -31.5072 18.147 77
      vertex 31.5072 18.147 77
      vertex 31.5288 18.2926 77
    endloop
  endfacet
  facet normal 0 0 1
    outer loop
      vertex -31.5288 18.2926 77
      vertex 31.5288 18.2926 77
      vertex 31.5646 18.4354 77
    endloop
  endfacet
  facet normal 0 -0 1
    outer loop
      vertex -31.6771 18.7071 77
      vertex 31.6771 18.7071 77
      vertex -31.7528 18.8334 77
    endloop
  endfacet
  facet normal 0 0 1
    outer loop
      vertex 31.5072 18.147 77
      vertex -31.5072 18.147 77
      vertex -31.5 18 77
    endloop
  endfacet
  facet normal 0 0 1
    outer loop
      vertex 31.5288 18.2926 77
      vertex -31.5288 18.2926 77
      vertex -31.5072 18.147 77
    endloop
  endfacet
  facet normal 0 0 1
    outer loop
      vertex 31.5646 18.4354 77
      vertex -31.5646 18.4354 77
      vertex -31.5288 18.2926 77
    endloop
  endfacet
  facet normal 0 0 1
    outer loop
      vertex 31.5646 18.4354 77
      vertex -31.6142 18.574 77
      vertex -31.5646 18.4354 77
    endloop
  endfacet
  facet normal 0 0 1
    outer loop
      vertex 31.6142 18.574 77
      vertex -31.6142 18.574 77
      vertex 31.5646 18.4354 77
    endloop
  endfacet
  facet normal 0 -0 1
    outer loop
      vertex -31.6142 18.574 77
      vertex 31.6142 18.574 77
      vertex -31.6771 18.7071 77
    endloop
  endfacet
  facet normal 0 0 1
    outer loop
      vertex 31.6771 18.7071 77
      vertex -31.6771 18.7071 77
      vertex 31.6142 18.574 77
    endloop
  endfacet
  facet normal 0 0 1
    outer loop
      vertex 43 50.8 77
      vertex -31.9393 19.0607 77
      vertex -31.8405 18.9516 77
    endloop
  endfacet
  facet normal -0 0 1
    outer loop
      vertex -43 50.8 77
      vertex -31.9393 19.0607 77
      vertex 43 50.8 77
    endloop
  endfacet
  facet normal 0 0 1
    outer loop
      vertex -31.9393 19.0607 77
      vertex -43 50.8 77
      vertex -32.0484 19.1595 77
    endloop
  endfacet
  facet normal 0 0 1
    outer loop
      vertex -32.0484 19.1595 77
      vertex -43 50.8 77
      vertex -32.1666 19.2472 77
    endloop
  endfacet
  facet normal 0 0 1
    outer loop
      vertex -32.1666 19.2472 77
      vertex -43 50.8 77
      vertex -32.2929 19.3229 77
    endloop
  endfacet
  facet normal 0 0 1
    outer loop
      vertex -32.2929 19.3229 77
      vertex -43 50.8 77
      vertex -32.426 19.3858 77
    endloop
  endfacet
  facet normal 0 0 1
    outer loop
      vertex -32.426 19.3858 77
      vertex -43 50.8 77
      vertex -32.5646 19.4354 77
    endloop
  endfacet
  facet normal 0 0 1
    outer loop
      vertex -32.5646 19.4354 77
      vertex -43 50.8 77
      vertex -32.7074 19.4712 77
    endloop
  endfacet
  facet normal 0 0 1
    outer loop
      vertex -32.7074 19.4712 77
      vertex -43 50.8 77
      vertex -32.853 19.4928 77
    endloop
  endfacet
  facet normal 0 0 1
    outer loop
      vertex -32.853 19.4928 77
      vertex -43 50.8 77
      vertex -33 19.5 77
    endloop
  endfacet
  facet normal 0 0 1
    outer loop
      vertex -33 19.5 77
      vertex -43 50.8 77
      vertex -33.147 19.4928 77
    endloop
  endfacet
  facet normal 0 0 1
    outer loop
      vertex -33.147 19.4928 77
      vertex -43 50.8 77
      vertex -33.2926 19.4712 77
    endloop
  endfacet
  facet normal 0 0 1
    outer loop
      vertex -33.2926 19.4712 77
      vertex -43 50.8 77
      vertex -33.4354 19.4354 77
    endloop
  endfacet
  facet normal 0 0 1
    outer loop
      vertex -34.4712 18.2926 77
      vertex -43 0 77
      vertex -34.4928 18.147 77
    endloop
  endfacet
  facet normal 0 0 1
    outer loop
      vertex -43 0 77
      vertex -34.4712 18.2926 77
      vertex -43 50.8 77
    endloop
  endfacet
  facet normal 0 0 1
    outer loop
      vertex -34.4354 18.4354 77
      vertex -43 50.8 77
      vertex -34.4712 18.2926 77
    endloop
  endfacet
  facet normal 0 0 1
    outer loop
      vertex -34.3858 18.574 77
      vertex -43 50.8 77
      vertex -34.4354 18.4354 77
    endloop
  endfacet
  facet normal 0 0 1
    outer loop
      vertex -34.3229 18.7071 77
      vertex -43 50.8 77
      vertex -34.3858 18.574 77
    endloop
  endfacet
  facet normal 0 0 1
    outer loop
      vertex -34.2472 18.8334 77
      vertex -43 50.8 77
      vertex -34.3229 18.7071 77
    endloop
  endfacet
  facet normal 0 0 1
    outer loop
      vertex -34.1595 18.9516 77
      vertex -43 50.8 77
      vertex -34.2472 18.8334 77
    endloop
  endfacet
  facet normal 0 0 1
    outer loop
      vertex -34.0607 19.0607 77
      vertex -43 50.8 77
      vertex -34.1595 18.9516 77
    endloop
  endfacet
  facet normal 0 0 1
    outer loop
      vertex -33.9516 19.1595 77
      vertex -43 50.8 77
      vertex -34.0607 19.0607 77
    endloop
  endfacet
  facet normal 0 0 1
    outer loop
      vertex -33.8334 19.2472 77
      vertex -43 50.8 77
      vertex -33.9516 19.1595 77
    endloop
  endfacet
  facet normal 0 0 1
    outer loop
      vertex -33.7071 19.3229 77
      vertex -43 50.8 77
      vertex -33.8334 19.2472 77
    endloop
  endfacet
  facet normal 0 0 1
    outer loop
      vertex -33.574 19.3858 77
      vertex -43 50.8 77
      vertex -33.7071 19.3229 77
    endloop
  endfacet
  facet normal 0 0 1
    outer loop
      vertex -33.4354 19.4354 77
      vertex -43 50.8 77
      vertex -33.574 19.3858 77
    endloop
  endfacet
  facet normal -0 0 1
    outer loop
      vertex 34.4928 17.853 77
      vertex 43 0 77
      vertex 34.5 18 77
    endloop
  endfacet
  facet normal -0 0 1
    outer loop
      vertex 34.4712 17.7074 77
      vertex 43 0 77
      vertex 34.4928 17.853 77
    endloop
  endfacet
  facet normal -0 0 1
    outer loop
      vertex 34.4354 17.5646 77
      vertex 43 0 77
      vertex 34.4712 17.7074 77
    endloop
  endfacet
  facet normal -0 0 1
    outer loop
      vertex 34.3858 17.426 77
      vertex 43 0 77
      vertex 34.4354 17.5646 77
    endloop
  endfacet
  facet normal -0 0 1
    outer loop
      vertex 34.3229 17.2929 77
      vertex 43 0 77
      vertex 34.3858 17.426 77
    endloop
  endfacet
  facet normal -0 0 1
    outer loop
      vertex 34.2472 17.1666 77
      vertex 43 0 77
      vertex 34.3229 17.2929 77
    endloop
  endfacet
  facet normal -0 0 1
    outer loop
      vertex 34.1595 17.0484 77
      vertex 43 0 77
      vertex 34.2472 17.1666 77
    endloop
  endfacet
  facet normal -0 0 1
    outer loop
      vertex 34.0607 16.9393 77
      vertex 43 0 77
      vertex 34.1595 17.0484 77
    endloop
  endfacet
  facet normal -0 0 1
    outer loop
      vertex 33.9516 16.8405 77
      vertex 43 0 77
      vertex 34.0607 16.9393 77
    endloop
  endfacet
  facet normal -0 0 1
    outer loop
      vertex 33.8334 16.7528 77
      vertex 43 0 77
      vertex 33.9516 16.8405 77
    endloop
  endfacet
  facet normal -0 0 1
    outer loop
      vertex 33.7071 16.6771 77
      vertex 43 0 77
      vertex 33.8334 16.7528 77
    endloop
  endfacet
  facet normal -0 0 1
    outer loop
      vertex 33.574 16.6142 77
      vertex 43 0 77
      vertex 33.7071 16.6771 77
    endloop
  endfacet
  facet normal -0 0 1
    outer loop
      vertex 33.4354 16.5646 77
      vertex 43 0 77
      vertex 33.574 16.6142 77
    endloop
  endfacet
  facet normal -0 0 1
    outer loop
      vertex 33.2926 16.5288 77
      vertex 43 0 77
      vertex 33.4354 16.5646 77
    endloop
  endfacet
  facet normal -0 0 1
    outer loop
      vertex 33.147 16.5072 77
      vertex 43 0 77
      vertex 33.2926 16.5288 77
    endloop
  endfacet
  facet normal -0 0 1
    outer loop
      vertex 33 16.5 77
      vertex 43 0 77
      vertex 33.147 16.5072 77
    endloop
  endfacet
  facet normal 0 0 1
    outer loop
      vertex 32.853 16.5072 77
      vertex 43 0 77
      vertex 33 16.5 77
    endloop
  endfacet
  facet normal 0 0 1
    outer loop
      vertex 32.7074 16.5288 77
      vertex 43 0 77
      vertex 32.853 16.5072 77
    endloop
  endfacet
  facet normal 0 0 1
    outer loop
      vertex 32.5646 16.5646 77
      vertex 43 0 77
      vertex 32.7074 16.5288 77
    endloop
  endfacet
  facet normal 0 0 1
    outer loop
      vertex 32.426 16.6142 77
      vertex 43 0 77
      vertex 32.5646 16.5646 77
    endloop
  endfacet
  facet normal 0 0 1
    outer loop
      vertex 32.2929 16.6771 77
      vertex 43 0 77
      vertex 32.426 16.6142 77
    endloop
  endfacet
  facet normal 0 0 1
    outer loop
      vertex 32.1666 16.7528 77
      vertex 43 0 77
      vertex 32.2929 16.6771 77
    endloop
  endfacet
  facet normal 0 0 1
    outer loop
      vertex 32.0484 16.8405 77
      vertex 43 0 77
      vertex 32.1666 16.7528 77
    endloop
  endfacet
  facet normal 0 0 1
    outer loop
      vertex 31.9393 16.9393 77
      vertex 43 0 77
      vertex 32.0484 16.8405 77
    endloop
  endfacet
  facet normal 0 0 1
    outer loop
      vertex -31.9393 16.9393 77
      vertex 31.9393 16.9393 77
      vertex 31.8405 17.0484 77
    endloop
  endfacet
  facet normal 0 0 1
    outer loop
      vertex -31.8405 17.0484 77
      vertex 31.8405 17.0484 77
      vertex 31.7528 17.1666 77
    endloop
  endfacet
  facet normal -0 0 1
    outer loop
      vertex -31.5 18 77
      vertex 31.5072 17.853 77
      vertex 31.5 18 77
    endloop
  endfacet
  facet normal 0 0 1
    outer loop
      vertex -31.5072 17.853 77
      vertex 31.5072 17.853 77
      vertex -31.5 18 77
    endloop
  endfacet
  facet normal 0 0 1
    outer loop
      vertex 31.5072 17.853 77
      vertex -31.5072 17.853 77
      vertex 31.5288 17.7074 77
    endloop
  endfacet
  facet normal 0 0 1
    outer loop
      vertex -31.5288 17.7074 77
      vertex 31.5288 17.7074 77
      vertex -31.5072 17.853 77
    endloop
  endfacet
  facet normal 0 0 1
    outer loop
      vertex 31.5288 17.7074 77
      vertex -31.5288 17.7074 77
      vertex 31.5646 17.5646 77
    endloop
  endfacet
  facet normal 0 0 1
    outer loop
      vertex -31.5646 17.5646 77
      vertex 31.5646 17.5646 77
      vertex -31.5288 17.7074 77
    endloop
  endfacet
  facet normal 0 0 1
    outer loop
      vertex 31.5646 17.5646 77
      vertex -31.5646 17.5646 77
      vertex 31.6142 17.426 77
    endloop
  endfacet
  facet normal 0 0 1
    outer loop
      vertex -31.6142 17.426 77
      vertex 31.6142 17.426 77
      vertex -31.5646 17.5646 77
    endloop
  endfacet
  facet normal 0 0 1
    outer loop
      vertex 31.6142 17.426 77
      vertex -31.6142 17.426 77
      vertex 31.6771 17.2929 77
    endloop
  endfacet
  facet normal 0 0 1
    outer loop
      vertex -31.6771 17.2929 77
      vertex 31.6771 17.2929 77
      vertex -31.6142 17.426 77
    endloop
  endfacet
  facet normal 0 0 1
    outer loop
      vertex 31.6771 17.2929 77
      vertex -31.6771 17.2929 77
      vertex 31.7528 17.1666 77
    endloop
  endfacet
  facet normal 0 0 1
    outer loop
      vertex -31.7528 17.1666 77
      vertex 31.7528 17.1666 77
      vertex -31.6771 17.2929 77
    endloop
  endfacet
  facet normal 0 0 1
    outer loop
      vertex -31.8405 17.0484 77
      vertex 31.7528 17.1666 77
      vertex -31.7528 17.1666 77
    endloop
  endfacet
  facet normal 0 0 1
    outer loop
      vertex 31.8405 17.0484 77
      vertex -31.8405 17.0484 77
      vertex -31.9393 16.9393 77
    endloop
  endfacet
  facet normal 0 0 1
    outer loop
      vertex 31.9393 16.9393 77
      vertex -31.9393 16.9393 77
      vertex 43 0 77
    endloop
  endfacet
  facet normal 0 0 1
    outer loop
      vertex -43 0 77
      vertex -31.9393 16.9393 77
      vertex -32.0484 16.8405 77
    endloop
  endfacet
  facet normal 0 0 1
    outer loop
      vertex -43 0 77
      vertex -32.0484 16.8405 77
      vertex -32.1666 16.7528 77
    endloop
  endfacet
  facet normal 0 0 1
    outer loop
      vertex -43 0 77
      vertex -32.1666 16.7528 77
      vertex -32.2929 16.6771 77
    endloop
  endfacet
  facet normal 0 0 1
    outer loop
      vertex -43 0 77
      vertex -32.2929 16.6771 77
      vertex -32.426 16.6142 77
    endloop
  endfacet
  facet normal 0 0 1
    outer loop
      vertex -43 0 77
      vertex -32.426 16.6142 77
      vertex -32.5646 16.5646 77
    endloop
  endfacet
  facet normal 0 0 1
    outer loop
      vertex -43 0 77
      vertex -32.5646 16.5646 77
      vertex -32.7074 16.5288 77
    endloop
  endfacet
  facet normal 0 0 1
    outer loop
      vertex -43 0 77
      vertex -32.7074 16.5288 77
      vertex -32.853 16.5072 77
    endloop
  endfacet
  facet normal 0 0 1
    outer loop
      vertex -43 0 77
      vertex -32.853 16.5072 77
      vertex -33 16.5 77
    endloop
  endfacet
  facet normal 0 0 1
    outer loop
      vertex -43 0 77
      vertex -33 16.5 77
      vertex -33.147 16.5072 77
    endloop
  endfacet
  facet normal 0 0 1
    outer loop
      vertex -43 0 77
      vertex -33.147 16.5072 77
      vertex -33.2926 16.5288 77
    endloop
  endfacet
  facet normal 0 0 1
    outer loop
      vertex -34.4928 18.147 77
      vertex -43 0 77
      vertex -34.5 18 77
    endloop
  endfacet
  facet normal 0 0 1
    outer loop
      vertex -34.5 18 77
      vertex -43 0 77
      vertex -34.4928 17.853 77
    endloop
  endfacet
  facet normal 0 0 1
    outer loop
      vertex -34.4928 17.853 77
      vertex -43 0 77
      vertex -34.4712 17.7074 77
    endloop
  endfacet
  facet normal 0 0 1
    outer loop
      vertex -31.9393 16.9393 77
      vertex -43 0 77
      vertex 43 0 77
    endloop
  endfacet
  facet normal 0 0 1
    outer loop
      vertex -33.4354 16.5646 77
      vertex -43 0 77
      vertex -33.2926 16.5288 77
    endloop
  endfacet
  facet normal 0 0 1
    outer loop
      vertex -33.574 16.6142 77
      vertex -43 0 77
      vertex -33.4354 16.5646 77
    endloop
  endfacet
  facet normal 0 0 1
    outer loop
      vertex -33.7071 16.6771 77
      vertex -43 0 77
      vertex -33.574 16.6142 77
    endloop
  endfacet
  facet normal 0 0 1
    outer loop
      vertex -33.8334 16.7528 77
      vertex -43 0 77
      vertex -33.7071 16.6771 77
    endloop
  endfacet
  facet normal 0 0 1
    outer loop
      vertex -33.9516 16.8405 77
      vertex -43 0 77
      vertex -33.8334 16.7528 77
    endloop
  endfacet
  facet normal 0 0 1
    outer loop
      vertex -34.0607 16.9393 77
      vertex -43 0 77
      vertex -33.9516 16.8405 77
    endloop
  endfacet
  facet normal 0 0 1
    outer loop
      vertex -34.1595 17.0484 77
      vertex -43 0 77
      vertex -34.0607 16.9393 77
    endloop
  endfacet
  facet normal 0 0 1
    outer loop
      vertex -34.2472 17.1666 77
      vertex -43 0 77
      vertex -34.1595 17.0484 77
    endloop
  endfacet
  facet normal 0 0 1
    outer loop
      vertex -34.3229 17.2929 77
      vertex -43 0 77
      vertex -34.2472 17.1666 77
    endloop
  endfacet
  facet normal 0 0 1
    outer loop
      vertex -34.3858 17.426 77
      vertex -43 0 77
      vertex -34.3229 17.2929 77
    endloop
  endfacet
  facet normal 0 0 1
    outer loop
      vertex -34.4354 17.5646 77
      vertex -43 0 77
      vertex -34.3858 17.426 77
    endloop
  endfacet
  facet normal 0 0 1
    outer loop
      vertex -34.4712 17.7074 77
      vertex -43 0 77
      vertex -34.4354 17.5646 77
    endloop
  endfacet
  facet normal 1 -0 0
    outer loop
      vertex 43 0 77
      vertex 43 50.8 0
      vertex 43 50.8 77
    endloop
  endfacet
  facet normal 1 0 0
    outer loop
      vertex 43 50.8 0
      vertex 43 0 77
      vertex 43 0 0
    endloop
  endfacet
  facet normal 0 0 -1
    outer loop
      vertex 37.9759 18.4901 0
      vertex 43 0 0
      vertex 38 18 0
    endloop
  endfacet
  facet normal 0 0 -1
    outer loop
      vertex 43 0 0
      vertex 37.9759 17.5099 0
      vertex 38 18 0
    endloop
  endfacet
  facet normal 0 0 -1
    outer loop
      vertex 43 0 0
      vertex 37.9039 17.0245 0
      vertex 37.9759 17.5099 0
    endloop
  endfacet
  facet normal 0 0 -1
    outer loop
      vertex 43 0 0
      vertex 37.7847 16.5486 0
      vertex 37.9039 17.0245 0
    endloop
  endfacet
  facet normal 0 0 -1
    outer loop
      vertex 43 0 0
      vertex 37.6194 16.0866 0
      vertex 37.7847 16.5486 0
    endloop
  endfacet
  facet normal 0 0 -1
    outer loop
      vertex 43 0 0
      vertex 37.4096 15.643 0
      vertex 37.6194 16.0866 0
    endloop
  endfacet
  facet normal 0 0 -1
    outer loop
      vertex 43 0 0
      vertex 37.1573 15.2221 0
      vertex 37.4096 15.643 0
    endloop
  endfacet
  facet normal 0 0 -1
    outer loop
      vertex 43 0 0
      vertex 36.8651 14.828 0
      vertex 37.1573 15.2221 0
    endloop
  endfacet
  facet normal 0 0 -1
    outer loop
      vertex 43 0 0
      vertex 36.5355 14.4645 0
      vertex 36.8651 14.828 0
    endloop
  endfacet
  facet normal 0 0 -1
    outer loop
      vertex 43 0 0
      vertex 36.172 14.1349 0
      vertex 36.5355 14.4645 0
    endloop
  endfacet
  facet normal 0 0 -1
    outer loop
      vertex 43 0 0
      vertex 35.7779 13.8427 0
      vertex 36.172 14.1349 0
    endloop
  endfacet
  facet normal 0 0 -1
    outer loop
      vertex 43 0 0
      vertex 35.357 13.5904 0
      vertex 35.7779 13.8427 0
    endloop
  endfacet
  facet normal 0 0 -1
    outer loop
      vertex 43 0 0
      vertex 34.9134 13.3806 0
      vertex 35.357 13.5904 0
    endloop
  endfacet
  facet normal 0 0 -1
    outer loop
      vertex 43 0 0
      vertex 34.4514 13.2153 0
      vertex 34.9134 13.3806 0
    endloop
  endfacet
  facet normal 0 0 -1
    outer loop
      vertex 43 0 0
      vertex 33.9755 13.0961 0
      vertex 34.4514 13.2153 0
    endloop
  endfacet
  facet normal 0 0 -1
    outer loop
      vertex 43 0 0
      vertex 33.4901 13.0241 0
      vertex 33.9755 13.0961 0
    endloop
  endfacet
  facet normal 0 0 -1
    outer loop
      vertex 43 0 0
      vertex 33 13 0
      vertex 33.4901 13.0241 0
    endloop
  endfacet
  facet normal 0 0 -1
    outer loop
      vertex 43 0 0
      vertex 32.5099 13.0241 0
      vertex 33 13 0
    endloop
  endfacet
  facet normal 0 0 -1
    outer loop
      vertex 43 0 0
      vertex 32.0245 13.0961 0
      vertex 32.5099 13.0241 0
    endloop
  endfacet
  facet normal 0 0 -1
    outer loop
      vertex 43 0 0
      vertex 31.5486 13.2153 0
      vertex 32.0245 13.0961 0
    endloop
  endfacet
  facet normal 0 0 -1
    outer loop
      vertex 43 0 0
      vertex 31.0866 13.3806 0
      vertex 31.5486 13.2153 0
    endloop
  endfacet
  facet normal 0 0 -1
    outer loop
      vertex 43 0 0
      vertex 30.643 13.5904 0
      vertex 31.0866 13.3806 0
    endloop
  endfacet
  facet normal 0 0 -1
    outer loop
      vertex 43 0 0
      vertex 30.2221 13.8427 0
      vertex 30.643 13.5904 0
    endloop
  endfacet
  facet normal 0 0 -1
    outer loop
      vertex 43 0 0
      vertex 29.828 14.1349 0
      vertex 30.2221 13.8427 0
    endloop
  endfacet
  facet normal 0 0 -1
    outer loop
      vertex -29.828 14.1349 0
      vertex 29.828 14.1349 0
      vertex 43 0 0
    endloop
  endfacet
  facet normal 0 0 -1
    outer loop
      vertex 28.0241 17.5099 0
      vertex -28 18 0
      vertex 28 18 0
    endloop
  endfacet
  facet normal 0 0 -1
    outer loop
      vertex -28.0241 17.5099 0
      vertex 28.0241 17.5099 0
      vertex 28.0961 17.0245 0
    endloop
  endfacet
  facet normal 0 0 -1
    outer loop
      vertex -28.0961 17.0245 0
      vertex 28.0961 17.0245 0
      vertex 28.2153 16.5486 0
    endloop
  endfacet
  facet normal 0 0 -1
    outer loop
      vertex -28.2153 16.5486 0
      vertex 28.2153 16.5486 0
      vertex 28.3806 16.0866 0
    endloop
  endfacet
  facet normal 0 0 -1
    outer loop
      vertex -28.3806 16.0866 0
      vertex 28.3806 16.0866 0
      vertex 28.5904 15.643 0
    endloop
  endfacet
  facet normal 0 0 -1
    outer loop
      vertex -28.5904 15.643 0
      vertex 28.5904 15.643 0
      vertex 28.8427 15.2221 0
    endloop
  endfacet
  facet normal 0 0 -1
    outer loop
      vertex -28.8427 15.2221 0
      vertex 28.8427 15.2221 0
      vertex 29.1349 14.828 0
    endloop
  endfacet
  facet normal 0 0 -1
    outer loop
      vertex -29.1349 14.828 0
      vertex 29.1349 14.828 0
      vertex 29.4645 14.4645 0
    endloop
  endfacet
  facet normal 0 0 -1
    outer loop
      vertex 29.828 14.1349 0
      vertex -29.828 14.1349 0
      vertex 29.4645 14.4645 0
    endloop
  endfacet
  facet normal 0 0 -1
    outer loop
      vertex 28.0241 17.5099 0
      vertex -28.0241 17.5099 0
      vertex -28 18 0
    endloop
  endfacet
  facet normal 0 0 -1
    outer loop
      vertex 28.0961 17.0245 0
      vertex -28.0961 17.0245 0
      vertex -28.0241 17.5099 0
    endloop
  endfacet
  facet normal 0 0 -1
    outer loop
      vertex 28.2153 16.5486 0
      vertex -28.2153 16.5486 0
      vertex -28.0961 17.0245 0
    endloop
  endfacet
  facet normal 0 0 -1
    outer loop
      vertex 28.3806 16.0866 0
      vertex -28.3806 16.0866 0
      vertex -28.2153 16.5486 0
    endloop
  endfacet
  facet normal 0 0 -1
    outer loop
      vertex 28.5904 15.643 0
      vertex -28.5904 15.643 0
      vertex -28.3806 16.0866 0
    endloop
  endfacet
  facet normal 0 0 -1
    outer loop
      vertex 28.8427 15.2221 0
      vertex -28.8427 15.2221 0
      vertex -28.5904 15.643 0
    endloop
  endfacet
  facet normal 0 0 -1
    outer loop
      vertex 29.1349 14.828 0
      vertex -29.1349 14.828 0
      vertex -28.8427 15.2221 0
    endloop
  endfacet
  facet normal 0 0 -1
    outer loop
      vertex 29.4645 14.4645 0
      vertex -29.4645 14.4645 0
      vertex -29.1349 14.828 0
    endloop
  endfacet
  facet normal -0 0 -1
    outer loop
      vertex 29.4645 14.4645 0
      vertex -29.828 14.1349 0
      vertex -29.4645 14.4645 0
    endloop
  endfacet
  facet normal 0 0 -1
    outer loop
      vertex 43 0 0
      vertex -30.2221 13.8427 0
      vertex -29.828 14.1349 0
    endloop
  endfacet
  facet normal 0 0 -1
    outer loop
      vertex -43 0 0
      vertex -30.2221 13.8427 0
      vertex 43 0 0
    endloop
  endfacet
  facet normal 0 0 -1
    outer loop
      vertex -30.2221 13.8427 0
      vertex -43 0 0
      vertex -30.643 13.5904 0
    endloop
  endfacet
  facet normal 0 0 -1
    outer loop
      vertex -30.643 13.5904 0
      vertex -43 0 0
      vertex -31.0866 13.3806 0
    endloop
  endfacet
  facet normal 0 0 -1
    outer loop
      vertex -31.0866 13.3806 0
      vertex -43 0 0
      vertex -31.5486 13.2153 0
    endloop
  endfacet
  facet normal 0 0 -1
    outer loop
      vertex -31.5486 13.2153 0
      vertex -43 0 0
      vertex -32.0245 13.0961 0
    endloop
  endfacet
  facet normal 0 0 -1
    outer loop
      vertex -32.0245 13.0961 0
      vertex -43 0 0
      vertex -32.5099 13.0241 0
    endloop
  endfacet
  facet normal 0 0 -1
    outer loop
      vertex -32.5099 13.0241 0
      vertex -43 0 0
      vertex -33 13 0
    endloop
  endfacet
  facet normal -0 0 -1
    outer loop
      vertex -33 13 0
      vertex -43 0 0
      vertex -33.4901 13.0241 0
    endloop
  endfacet
  facet normal -0 0 -1
    outer loop
      vertex -37.9759 17.5099 0
      vertex -43 0 0
      vertex -38 18 0
    endloop
  endfacet
  facet normal -0 0 -1
    outer loop
      vertex -37.9039 17.0245 0
      vertex -43 0 0
      vertex -37.9759 17.5099 0
    endloop
  endfacet
  facet normal -0 0 -1
    outer loop
      vertex -37.7847 16.5486 0
      vertex -43 0 0
      vertex -37.9039 17.0245 0
    endloop
  endfacet
  facet normal -0 0 -1
    outer loop
      vertex -37.6194 16.0866 0
      vertex -43 0 0
      vertex -37.7847 16.5486 0
    endloop
  endfacet
  facet normal -0 0 -1
    outer loop
      vertex -37.4096 15.643 0
      vertex -43 0 0
      vertex -37.6194 16.0866 0
    endloop
  endfacet
  facet normal -0 0 -1
    outer loop
      vertex -37.1573 15.2221 0
      vertex -43 0 0
      vertex -37.4096 15.643 0
    endloop
  endfacet
  facet normal -0 0 -1
    outer loop
      vertex -36.8651 14.828 0
      vertex -43 0 0
      vertex -37.1573 15.2221 0
    endloop
  endfacet
  facet normal -0 0 -1
    outer loop
      vertex -36.5355 14.4645 0
      vertex -43 0 0
      vertex -36.8651 14.828 0
    endloop
  endfacet
  facet normal -0 0 -1
    outer loop
      vertex -36.172 14.1349 0
      vertex -43 0 0
      vertex -36.5355 14.4645 0
    endloop
  endfacet
  facet normal -0 0 -1
    outer loop
      vertex -35.7779 13.8427 0
      vertex -43 0 0
      vertex -36.172 14.1349 0
    endloop
  endfacet
  facet normal -0 0 -1
    outer loop
      vertex -35.357 13.5904 0
      vertex -43 0 0
      vertex -35.7779 13.8427 0
    endloop
  endfacet
  facet normal -0 0 -1
    outer loop
      vertex -34.9134 13.3806 0
      vertex -43 0 0
      vertex -35.357 13.5904 0
    endloop
  endfacet
  facet normal -0 0 -1
    outer loop
      vertex -34.4514 13.2153 0
      vertex -43 0 0
      vertex -34.9134 13.3806 0
    endloop
  endfacet
  facet normal -0 0 -1
    outer loop
      vertex -33.9755 13.0961 0
      vertex -43 0 0
      vertex -34.4514 13.2153 0
    endloop
  endfacet
  facet normal -0 0 -1
    outer loop
      vertex -33.4901 13.0241 0
      vertex -43 0 0
      vertex -33.9755 13.0961 0
    endloop
  endfacet
  facet normal 0 0 -1
    outer loop
      vertex 43 0 0
      vertex 37.9759 18.4901 0
      vertex 43 50.8 0
    endloop
  endfacet
  facet normal 0 0 -1
    outer loop
      vertex 37.9039 18.9755 0
      vertex 43 50.8 0
      vertex 37.9759 18.4901 0
    endloop
  endfacet
  facet normal 0 0 -1
    outer loop
      vertex 37.7847 19.4514 0
      vertex 43 50.8 0
      vertex 37.9039 18.9755 0
    endloop
  endfacet
  facet normal 0 0 -1
    outer loop
      vertex 37.6194 19.9134 0
      vertex 43 50.8 0
      vertex 37.7847 19.4514 0
    endloop
  endfacet
  facet normal 0 0 -1
    outer loop
      vertex 37.4096 20.357 0
      vertex 43 50.8 0
      vertex 37.6194 19.9134 0
    endloop
  endfacet
  facet normal 0 0 -1
    outer loop
      vertex 37.1573 20.7779 0
      vertex 43 50.8 0
      vertex 37.4096 20.357 0
    endloop
  endfacet
  facet normal 0 0 -1
    outer loop
      vertex 36.8651 21.172 0
      vertex 43 50.8 0
      vertex 37.1573 20.7779 0
    endloop
  endfacet
  facet normal 0 0 -1
    outer loop
      vertex 36.5355 21.5355 0
      vertex 43 50.8 0
      vertex 36.8651 21.172 0
    endloop
  endfacet
  facet normal 0 0 -1
    outer loop
      vertex 36.172 21.8651 0
      vertex 43 50.8 0
      vertex 36.5355 21.5355 0
    endloop
  endfacet
  facet normal 0 0 -1
    outer loop
      vertex 35.7779 22.1573 0
      vertex 43 50.8 0
      vertex 36.172 21.8651 0
    endloop
  endfacet
  facet normal 0 0 -1
    outer loop
      vertex 35.357 22.4096 0
      vertex 43 50.8 0
      vertex 35.7779 22.1573 0
    endloop
  endfacet
  facet normal 0 0 -1
    outer loop
      vertex 34.9134 22.6194 0
      vertex 43 50.8 0
      vertex 35.357 22.4096 0
    endloop
  endfacet
  facet normal 0 0 -1
    outer loop
      vertex 34.4514 22.7847 0
      vertex 43 50.8 0
      vertex 34.9134 22.6194 0
    endloop
  endfacet
  facet normal 0 0 -1
    outer loop
      vertex 33.9755 22.9039 0
      vertex 43 50.8 0
      vertex 34.4514 22.7847 0
    endloop
  endfacet
  facet normal 0 0 -1
    outer loop
      vertex 33.4901 22.9759 0
      vertex 43 50.8 0
      vertex 33.9755 22.9039 0
    endloop
  endfacet
  facet normal 0 0 -1
    outer loop
      vertex 33 23 0
      vertex 43 50.8 0
      vertex 33.4901 22.9759 0
    endloop
  endfacet
  facet normal 0 0 -1
    outer loop
      vertex 32.5099 22.9759 0
      vertex 43 50.8 0
      vertex 33 23 0
    endloop
  endfacet
  facet normal 0 0 -1
    outer loop
      vertex 32.0245 22.9039 0
      vertex 43 50.8 0
      vertex 32.5099 22.9759 0
    endloop
  endfacet
  facet normal 0 0 -1
    outer loop
      vertex 31.5486 22.7847 0
      vertex 43 50.8 0
      vertex 32.0245 22.9039 0
    endloop
  endfacet
  facet normal 0 0 -1
    outer loop
      vertex 31.0866 22.6194 0
      vertex 43 50.8 0
      vertex 31.5486 22.7847 0
    endloop
  endfacet
  facet normal 0 0 -1
    outer loop
      vertex 30.643 22.4096 0
      vertex 43 50.8 0
      vertex 31.0866 22.6194 0
    endloop
  endfacet
  facet normal 0 0 -1
    outer loop
      vertex 30.2221 22.1573 0
      vertex 43 50.8 0
      vertex 30.643 22.4096 0
    endloop
  endfacet
  facet normal 0 0 -1
    outer loop
      vertex 29.828 21.8651 0
      vertex 43 50.8 0
      vertex 30.2221 22.1573 0
    endloop
  endfacet
  facet normal 0 0 -1
    outer loop
      vertex 29.4645 21.5355 0
      vertex 43 50.8 0
      vertex 29.828 21.8651 0
    endloop
  endfacet
  facet normal 0 0 -1
    outer loop
      vertex -29.4645 21.5355 0
      vertex 29.4645 21.5355 0
      vertex 29.1349 21.172 0
    endloop
  endfacet
  facet normal 0 0 -1
    outer loop
      vertex -29.1349 21.172 0
      vertex 29.1349 21.172 0
      vertex 28.8427 20.7779 0
    endloop
  endfacet
  facet normal 0 0 -1
    outer loop
      vertex -28.8427 20.7779 0
      vertex 28.8427 20.7779 0
      vertex 28.5904 20.357 0
    endloop
  endfacet
  facet normal 0 0 -1
    outer loop
      vertex -28 18 0
      vertex 28.0241 18.4901 0
      vertex 28 18 0
    endloop
  endfacet
  facet normal 0 0 -1
    outer loop
      vertex -28.0241 18.4901 0
      vertex 28.0241 18.4901 0
      vertex -28 18 0
    endloop
  endfacet
  facet normal 0 0 -1
    outer loop
      vertex 28.0241 18.4901 0
      vertex -28.0241 18.4901 0
      vertex 28.0961 18.9755 0
    endloop
  endfacet
  facet normal 0 0 -1
    outer loop
      vertex -28.0961 18.9755 0
      vertex 28.0961 18.9755 0
      vertex -28.0241 18.4901 0
    endloop
  endfacet
  facet normal 0 0 -1
    outer loop
      vertex 28.0961 18.9755 0
      vertex -28.0961 18.9755 0
      vertex 28.2153 19.4514 0
    endloop
  endfacet
  facet normal 0 0 -1
    outer loop
      vertex -28.2153 19.4514 0
      vertex 28.2153 19.4514 0
      vertex -28.0961 18.9755 0
    endloop
  endfacet
  facet normal 0 0 -1
    outer loop
      vertex 28.2153 19.4514 0
      vertex -28.2153 19.4514 0
      vertex 28.3806 19.9134 0
    endloop
  endfacet
  facet normal 0 0 -1
    outer loop
      vertex -28.3806 19.9134 0
      vertex 28.3806 19.9134 0
      vertex -28.2153 19.4514 0
    endloop
  endfacet
  facet normal 0 0 -1
    outer loop
      vertex 28.3806 19.9134 0
      vertex -28.3806 19.9134 0
      vertex 28.5904 20.357 0
    endloop
  endfacet
  facet normal 0 0 -1
    outer loop
      vertex -28.5904 20.357 0
      vertex 28.5904 20.357 0
      vertex -28.3806 19.9134 0
    endloop
  endfacet
  facet normal 0 0 -1
    outer loop
      vertex -28.8427 20.7779 0
      vertex 28.5904 20.357 0
      vertex -28.5904 20.357 0
    endloop
  endfacet
  facet normal 0 0 -1
    outer loop
      vertex 28.8427 20.7779 0
      vertex -28.8427 20.7779 0
      vertex -29.1349 21.172 0
    endloop
  endfacet
  facet normal 0 0 -1
    outer loop
      vertex 29.1349 21.172 0
      vertex -29.1349 21.172 0
      vertex -29.4645 21.5355 0
    endloop
  endfacet
  facet normal 0 0 -1
    outer loop
      vertex 29.4645 21.5355 0
      vertex -29.4645 21.5355 0
      vertex 43 50.8 0
    endloop
  endfacet
  facet normal 0 0 -1
    outer loop
      vertex -43 50.8 0
      vertex -29.4645 21.5355 0
      vertex -29.828 21.8651 0
    endloop
  endfacet
  facet normal 0 0 -1
    outer loop
      vertex -43 50.8 0
      vertex -29.828 21.8651 0
      vertex -30.2221 22.1573 0
    endloop
  endfacet
  facet normal 0 0 -1
    outer loop
      vertex -43 50.8 0
      vertex -30.2221 22.1573 0
      vertex -30.643 22.4096 0
    endloop
  endfacet
  facet normal 0 0 -1
    outer loop
      vertex -43 50.8 0
      vertex -30.643 22.4096 0
      vertex -31.0866 22.6194 0
    endloop
  endfacet
  facet normal 0 0 -1
    outer loop
      vertex -43 50.8 0
      vertex -31.0866 22.6194 0
      vertex -31.5486 22.7847 0
    endloop
  endfacet
  facet normal 0 0 -1
    outer loop
      vertex -43 50.8 0
      vertex -31.5486 22.7847 0
      vertex -32.0245 22.9039 0
    endloop
  endfacet
  facet normal 0 0 -1
    outer loop
      vertex -43 50.8 0
      vertex -32.0245 22.9039 0
      vertex -32.5099 22.9759 0
    endloop
  endfacet
  facet normal 0 0 -1
    outer loop
      vertex -43 50.8 0
      vertex -32.5099 22.9759 0
      vertex -33 23 0
    endloop
  endfacet
  facet normal 0 0 -1
    outer loop
      vertex -43 50.8 0
      vertex -33 23 0
      vertex -33.4901 22.9759 0
    endloop
  endfacet
  facet normal 0 0 -1
    outer loop
      vertex -43 50.8 0
      vertex -33.4901 22.9759 0
      vertex -33.9755 22.9039 0
    endloop
  endfacet
  facet normal 0 0 -1
    outer loop
      vertex -43 50.8 0
      vertex -33.9755 22.9039 0
      vertex -34.4514 22.7847 0
    endloop
  endfacet
  facet normal 0 0 -1
    outer loop
      vertex -43 50.8 0
      vertex -34.4514 22.7847 0
      vertex -34.9134 22.6194 0
    endloop
  endfacet
  facet normal 0 0 -1
    outer loop
      vertex -43 0 0
      vertex -37.9759 18.4901 0
      vertex -38 18 0
    endloop
  endfacet
  facet normal 0 0 -1
    outer loop
      vertex -43 50.8 0
      vertex -37.9759 18.4901 0
      vertex -43 0 0
    endloop
  endfacet
  facet normal 0 0 -1
    outer loop
      vertex -37.9759 18.4901 0
      vertex -43 50.8 0
      vertex -37.9039 18.9755 0
    endloop
  endfacet
  facet normal 0 0 -1
    outer loop
      vertex -29.4645 21.5355 0
      vertex -43 50.8 0
      vertex 43 50.8 0
    endloop
  endfacet
  facet normal 0 0 -1
    outer loop
      vertex -35.357 22.4096 0
      vertex -43 50.8 0
      vertex -34.9134 22.6194 0
    endloop
  endfacet
  facet normal 0 0 -1
    outer loop
      vertex -35.7779 22.1573 0
      vertex -43 50.8 0
      vertex -35.357 22.4096 0
    endloop
  endfacet
  facet normal 0 0 -1
    outer loop
      vertex -36.172 21.8651 0
      vertex -43 50.8 0
      vertex -35.7779 22.1573 0
    endloop
  endfacet
  facet normal 0 0 -1
    outer loop
      vertex -36.5355 21.5355 0
      vertex -43 50.8 0
      vertex -36.172 21.8651 0
    endloop
  endfacet
  facet normal 0 0 -1
    outer loop
      vertex -36.8651 21.172 0
      vertex -43 50.8 0
      vertex -36.5355 21.5355 0
    endloop
  endfacet
  facet normal 0 0 -1
    outer loop
      vertex -37.1573 20.7779 0
      vertex -43 50.8 0
      vertex -36.8651 21.172 0
    endloop
  endfacet
  facet normal 0 0 -1
    outer loop
      vertex -37.4096 20.357 0
      vertex -43 50.8 0
      vertex -37.1573 20.7779 0
    endloop
  endfacet
  facet normal 0 0 -1
    outer loop
      vertex -37.6194 19.9134 0
      vertex -43 50.8 0
      vertex -37.4096 20.357 0
    endloop
  endfacet
  facet normal 0 0 -1
    outer loop
      vertex -37.7847 19.4514 0
      vertex -43 50.8 0
      vertex -37.6194 19.9134 0
    endloop
  endfacet
  facet normal 0 0 -1
    outer loop
      vertex -37.9039 18.9755 0
      vertex -43 50.8 0
      vertex -37.7847 19.4514 0
    endloop
  endfacet
  facet normal 0 -1 0
    outer loop
      vertex -43 0 77
      vertex 0 0 54.2
      vertex 43 0 77
    endloop
  endfacet
  facet normal 0 -1 0
    outer loop
      vertex -43 0 77
      vertex -2.22499 0 54.0907
      vertex 0 0 54.2
    endloop
  endfacet
  facet normal 0 -1 0
    outer loop
      vertex -43 0 77
      vertex -4.42855 0 53.7638
      vertex -2.22499 0 54.0907
    endloop
  endfacet
  facet normal 0 -1 0
    outer loop
      vertex -43 0 77
      vertex -6.58946 0 53.2225
      vertex -4.42855 0 53.7638
    endloop
  endfacet
  facet normal 0 -1 0
    outer loop
      vertex -43 0 77
      vertex -8.68691 0 52.4721
      vertex -6.58946 0 53.2225
    endloop
  endfacet
  facet normal 0 -1 0
    outer loop
      vertex -43 0 77
      vertex -10.7007 0 51.5196
      vertex -8.68691 0 52.4721
    endloop
  endfacet
  facet normal 0 -1 0
    outer loop
      vertex -43 0 77
      vertex -12.6114 0 50.3744
      vertex -10.7007 0 51.5196
    endloop
  endfacet
  facet normal 0 -1 0
    outer loop
      vertex -43 0 77
      vertex -14.4007 0 49.0473
      vertex -12.6114 0 50.3744
    endloop
  endfacet
  facet normal 0 -1 0
    outer loop
      vertex -43 0 77
      vertex -16.0513 0 47.5513
      vertex -14.4007 0 49.0473
    endloop
  endfacet
  facet normal 0 -1 0
    outer loop
      vertex -43 0 77
      vertex -17.5473 0 45.9007
      vertex -16.0513 0 47.5513
    endloop
  endfacet
  facet normal 0 -1 0
    outer loop
      vertex -43 0 77
      vertex -18.8744 0 44.1114
      vertex -17.5473 0 45.9007
    endloop
  endfacet
  facet normal 0 -1 0
    outer loop
      vertex -43 0 77
      vertex -20.0196 0 42.2007
      vertex -18.8744 0 44.1114
    endloop
  endfacet
  facet normal 0 -1 0
    outer loop
      vertex -43 0 77
      vertex -20.9721 0 40.1869
      vertex -20.0196 0 42.2007
    endloop
  endfacet
  facet normal 0 -1 0
    outer loop
      vertex -43 0 77
      vertex -21.7225 0 38.0895
      vertex -20.9721 0 40.1869
    endloop
  endfacet
  facet normal 0 -1 0
    outer loop
      vertex -43 0 77
      vertex -22.2638 0 35.9286
      vertex -21.7225 0 38.0895
    endloop
  endfacet
  facet normal 0 -1 0
    outer loop
      vertex -43 0 77
      vertex -22.5907 0 33.725
      vertex -22.2638 0 35.9286
    endloop
  endfacet
  facet normal 0 -1 0
    outer loop
      vertex -43 0 0
      vertex -22.5907 0 33.725
      vertex -43 0 77
    endloop
  endfacet
  facet normal 0 -1 0
    outer loop
      vertex -22.5907 0 33.725
      vertex -43 0 0
      vertex -22.7 0 31.5
    endloop
  endfacet
  facet normal 0 -1 -0
    outer loop
      vertex -22.7 0 31.5
      vertex -43 0 0
      vertex -22.5907 0 29.275
    endloop
  endfacet
  facet normal 0 -1 -0
    outer loop
      vertex -22.5907 0 29.275
      vertex -43 0 0
      vertex -22.2638 0 27.0714
    endloop
  endfacet
  facet normal 0 -1 -0
    outer loop
      vertex -22.2638 0 27.0714
      vertex -43 0 0
      vertex -21.7225 0 24.9105
    endloop
  endfacet
  facet normal 0 -1 -0
    outer loop
      vertex -2.22499 0 8.90931
      vertex -43 0 0
      vertex 0 0 8.8
    endloop
  endfacet
  facet normal 0 -1 -0
    outer loop
      vertex -4.42855 0 9.23617
      vertex -43 0 0
      vertex -2.22499 0 8.90931
    endloop
  endfacet
  facet normal 0 -1 -0
    outer loop
      vertex -6.58946 0 9.77745
      vertex -43 0 0
      vertex -4.42855 0 9.23617
    endloop
  endfacet
  facet normal 0 -1 -0
    outer loop
      vertex -8.68691 0 10.5279
      vertex -43 0 0
      vertex -6.58946 0 9.77745
    endloop
  endfacet
  facet normal 0 -1 -0
    outer loop
      vertex -10.7007 0 11.4804
      vertex -43 0 0
      vertex -8.68691 0 10.5279
    endloop
  endfacet
  facet normal 0 -1 -0
    outer loop
      vertex -12.6114 0 12.6256
      vertex -43 0 0
      vertex -10.7007 0 11.4804
    endloop
  endfacet
  facet normal 0 -1 -0
    outer loop
      vertex -14.4007 0 13.9527
      vertex -43 0 0
      vertex -12.6114 0 12.6256
    endloop
  endfacet
  facet normal 0 -1 -0
    outer loop
      vertex -16.0513 0 15.4487
      vertex -43 0 0
      vertex -14.4007 0 13.9527
    endloop
  endfacet
  facet normal 0 -1 -0
    outer loop
      vertex -17.5473 0 17.0993
      vertex -43 0 0
      vertex -16.0513 0 15.4487
    endloop
  endfacet
  facet normal 0 -1 -0
    outer loop
      vertex -18.8744 0 18.8886
      vertex -43 0 0
      vertex -17.5473 0 17.0993
    endloop
  endfacet
  facet normal 0 -1 -0
    outer loop
      vertex -20.0196 0 20.7993
      vertex -43 0 0
      vertex -18.8744 0 18.8886
    endloop
  endfacet
  facet normal 0 -1 -0
    outer loop
      vertex -20.9721 0 22.8131
      vertex -43 0 0
      vertex -20.0196 0 20.7993
    endloop
  endfacet
  facet normal 0 -1 -0
    outer loop
      vertex -21.7225 0 24.9105
      vertex -43 0 0
      vertex -20.9721 0 22.8131
    endloop
  endfacet
  facet normal 0 -1 0
    outer loop
      vertex 2.22499 0 54.0907
      vertex 43 0 77
      vertex 0 0 54.2
    endloop
  endfacet
  facet normal 0 -1 0
    outer loop
      vertex 4.42855 0 53.7638
      vertex 43 0 77
      vertex 2.22499 0 54.0907
    endloop
  endfacet
  facet normal 0 -1 0
    outer loop
      vertex 6.58946 0 53.2225
      vertex 43 0 77
      vertex 4.42855 0 53.7638
    endloop
  endfacet
  facet normal 0 -1 0
    outer loop
      vertex 8.68691 0 52.4721
      vertex 43 0 77
      vertex 6.58946 0 53.2225
    endloop
  endfacet
  facet normal 0 -1 0
    outer loop
      vertex 10.7007 0 51.5196
      vertex 43 0 77
      vertex 8.68691 0 52.4721
    endloop
  endfacet
  facet normal 0 -1 0
    outer loop
      vertex 12.6114 0 50.3744
      vertex 43 0 77
      vertex 10.7007 0 51.5196
    endloop
  endfacet
  facet normal 0 -1 0
    outer loop
      vertex 14.4007 0 49.0473
      vertex 43 0 77
      vertex 12.6114 0 50.3744
    endloop
  endfacet
  facet normal 0 -1 0
    outer loop
      vertex 16.0513 0 47.5513
      vertex 43 0 77
      vertex 14.4007 0 49.0473
    endloop
  endfacet
  facet normal 0 -1 0
    outer loop
      vertex 17.5473 0 45.9007
      vertex 43 0 77
      vertex 16.0513 0 47.5513
    endloop
  endfacet
  facet normal 0 -1 0
    outer loop
      vertex 18.8744 0 44.1114
      vertex 43 0 77
      vertex 17.5473 0 45.9007
    endloop
  endfacet
  facet normal 0 -1 0
    outer loop
      vertex 20.0196 0 42.2007
      vertex 43 0 77
      vertex 18.8744 0 44.1114
    endloop
  endfacet
  facet normal 0 -1 0
    outer loop
      vertex 20.9721 0 40.1869
      vertex 43 0 77
      vertex 20.0196 0 42.2007
    endloop
  endfacet
  facet normal 0 -1 0
    outer loop
      vertex 21.7225 0 38.0895
      vertex 43 0 77
      vertex 20.9721 0 40.1869
    endloop
  endfacet
  facet normal 0 -1 0
    outer loop
      vertex 22.2638 0 35.9286
      vertex 43 0 77
      vertex 21.7225 0 38.0895
    endloop
  endfacet
  facet normal 0 -1 0
    outer loop
      vertex 22.5907 0 33.725
      vertex 43 0 77
      vertex 22.2638 0 35.9286
    endloop
  endfacet
  facet normal 0 -1 0
    outer loop
      vertex 43 0 0
      vertex 22.5907 0 33.725
      vertex 22.7 0 31.5
    endloop
  endfacet
  facet normal 0 -1 0
    outer loop
      vertex 43 0 0
      vertex 22.7 0 31.5
      vertex 22.5907 0 29.275
    endloop
  endfacet
  facet normal 0 -1 0
    outer loop
      vertex 43 0 0
      vertex 22.5907 0 29.275
      vertex 22.2638 0 27.0714
    endloop
  endfacet
  facet normal 0 -1 0
    outer loop
      vertex 43 0 0
      vertex 22.2638 0 27.0714
      vertex 21.7225 0 24.9105
    endloop
  endfacet
  facet normal 0 -1 0
    outer loop
      vertex 43 0 0
      vertex 21.7225 0 24.9105
      vertex 20.9721 0 22.8131
    endloop
  endfacet
  facet normal 0 -1 0
    outer loop
      vertex 43 0 0
      vertex 0 0 8.8
      vertex -43 0 0
    endloop
  endfacet
  facet normal 0 -1 0
    outer loop
      vertex 0 0 8.8
      vertex 43 0 0
      vertex 2.22499 0 8.90931
    endloop
  endfacet
  facet normal 0 -1 0
    outer loop
      vertex 22.5907 0 33.725
      vertex 43 0 0
      vertex 43 0 77
    endloop
  endfacet
  facet normal 0 -1 0
    outer loop
      vertex 20.0196 0 20.7993
      vertex 43 0 0
      vertex 20.9721 0 22.8131
    endloop
  endfacet
  facet normal 0 -1 0
    outer loop
      vertex 18.8744 0 18.8886
      vertex 43 0 0
      vertex 20.0196 0 20.7993
    endloop
  endfacet
  facet normal 0 -1 0
    outer loop
      vertex 17.5473 0 17.0993
      vertex 43 0 0
      vertex 18.8744 0 18.8886
    endloop
  endfacet
  facet normal 0 -1 0
    outer loop
      vertex 16.0513 0 15.4487
      vertex 43 0 0
      vertex 17.5473 0 17.0993
    endloop
  endfacet
  facet normal 0 -1 0
    outer loop
      vertex 14.4007 0 13.9527
      vertex 43 0 0
      vertex 16.0513 0 15.4487
    endloop
  endfacet
  facet normal 0 -1 0
    outer loop
      vertex 12.6114 0 12.6256
      vertex 43 0 0
      vertex 14.4007 0 13.9527
    endloop
  endfacet
  facet normal 0 -1 0
    outer loop
      vertex 10.7007 0 11.4804
      vertex 43 0 0
      vertex 12.6114 0 12.6256
    endloop
  endfacet
  facet normal 0 -1 0
    outer loop
      vertex 8.68691 0 10.5279
      vertex 43 0 0
      vertex 10.7007 0 11.4804
    endloop
  endfacet
  facet normal 0 -1 0
    outer loop
      vertex 6.58946 0 9.77745
      vertex 43 0 0
      vertex 8.68691 0 10.5279
    endloop
  endfacet
  facet normal 0 -1 0
    outer loop
      vertex 4.42855 0 9.23617
      vertex 43 0 0
      vertex 6.58946 0 9.77745
    endloop
  endfacet
  facet normal 0 -1 0
    outer loop
      vertex 2.22499 0 8.90931
      vertex 43 0 0
      vertex 4.42855 0 9.23617
    endloop
  endfacet
  facet normal 0 1 0
    outer loop
      vertex 43 50.8 77
      vertex 0 50.8 69
      vertex -43 50.8 77
    endloop
  endfacet
  facet normal 0 1 0
    outer loop
      vertex 43 50.8 77
      vertex 0.392068 50.8 68.9807
      vertex 0 50.8 69
    endloop
  endfacet
  facet normal 0 1 0
    outer loop
      vertex 43 50.8 77
      vertex 0.780361 50.8 68.9231
      vertex 0.392068 50.8 68.9807
    endloop
  endfacet
  facet normal 0 1 0
    outer loop
      vertex 43 50.8 77
      vertex 1.16114 50.8 68.8278
      vertex 0.780361 50.8 68.9231
    endloop
  endfacet
  facet normal 0 1 0
    outer loop
      vertex 43 50.8 77
      vertex 1.53073 50.8 68.6955
      vertex 1.16114 50.8 68.8278
    endloop
  endfacet
  facet normal 0 1 0
    outer loop
      vertex 43 50.8 77
      vertex 1.88559 50.8 68.5277
      vertex 1.53073 50.8 68.6955
    endloop
  endfacet
  facet normal 0 1 0
    outer loop
      vertex 43 50.8 77
      vertex 2.22228 50.8 68.3259
      vertex 1.88559 50.8 68.5277
    endloop
  endfacet
  facet normal 0 1 0
    outer loop
      vertex 43 50.8 77
      vertex 2.53757 50.8 68.092
      vertex 2.22228 50.8 68.3259
    endloop
  endfacet
  facet normal 0 1 0
    outer loop
      vertex 43 50.8 77
      vertex 2.82843 50.8 67.8284
      vertex 2.53757 50.8 68.092
    endloop
  endfacet
  facet normal 0 1 0
    outer loop
      vertex 43 50.8 77
      vertex 3.09204 50.8 67.5376
      vertex 2.82843 50.8 67.8284
    endloop
  endfacet
  facet normal 0 1 0
    outer loop
      vertex 43 50.8 77
      vertex 3.32588 50.8 67.2223
      vertex 3.09204 50.8 67.5376
    endloop
  endfacet
  facet normal 0 1 0
    outer loop
      vertex 43 50.8 77
      vertex 3.52768 50.8 66.8856
      vertex 3.32588 50.8 67.2223
    endloop
  endfacet
  facet normal 0 1 0
    outer loop
      vertex 43 50.8 77
      vertex 3.69552 50.8 66.5307
      vertex 3.52768 50.8 66.8856
    endloop
  endfacet
  facet normal 0 1 0
    outer loop
      vertex 43 50.8 77
      vertex 3.82776 50.8 66.1611
      vertex 3.69552 50.8 66.5307
    endloop
  endfacet
  facet normal 0 1 0
    outer loop
      vertex 43 50.8 77
      vertex 3.92314 50.8 65.7804
      vertex 3.82776 50.8 66.1611
    endloop
  endfacet
  facet normal 0 1 0
    outer loop
      vertex 43 50.8 77
      vertex 3.98074 50.8 65.3921
      vertex 3.92314 50.8 65.7804
    endloop
  endfacet
  facet normal 0 1 0
    outer loop
      vertex 43 50.8 77
      vertex 4 50.8 65
      vertex 3.98074 50.8 65.3921
    endloop
  endfacet
  facet normal 0 1 0
    outer loop
      vertex 43 50.8 77
      vertex 3.98074 50.8 64.6079
      vertex 4 50.8 65
    endloop
  endfacet
  facet normal 0 1 0
    outer loop
      vertex 43 50.8 77
      vertex 3.92314 50.8 64.2196
      vertex 3.98074 50.8 64.6079
    endloop
  endfacet
  facet normal 0 1 -0
    outer loop
      vertex 17 50.8 40.5
      vertex 3.92314 50.8 64.2196
      vertex 43 50.8 77
    endloop
  endfacet
  facet normal 0 1 0
    outer loop
      vertex 3.92314 50.8 64.2196
      vertex 17 50.8 40.5
      vertex 3.82776 50.8 63.8389
    endloop
  endfacet
  facet normal 0 1 0
    outer loop
      vertex 3.82776 50.8 63.8389
      vertex 17 50.8 40.5
      vertex 3.69552 50.8 63.4693
    endloop
  endfacet
  facet normal 0 1 0
    outer loop
      vertex 3.69552 50.8 63.4693
      vertex 17 50.8 40.5
      vertex 3.52768 50.8 63.1144
    endloop
  endfacet
  facet normal 0 1 0
    outer loop
      vertex 3.52768 50.8 63.1144
      vertex 17 50.8 40.5
      vertex 3.32588 50.8 62.7777
    endloop
  endfacet
  facet normal 0 1 0
    outer loop
      vertex 3.32588 50.8 62.7777
      vertex 17 50.8 40.5
      vertex 3.09204 50.8 62.4624
    endloop
  endfacet
  facet normal 0 1 0
    outer loop
      vertex 3.09204 50.8 62.4624
      vertex 17 50.8 40.5
      vertex 2.82843 50.8 62.1716
    endloop
  endfacet
  facet normal 0 1 0
    outer loop
      vertex 2.82843 50.8 62.1716
      vertex 17 50.8 40.5
      vertex 2.53757 50.8 61.908
    endloop
  endfacet
  facet normal 0 1 0
    outer loop
      vertex 2.53757 50.8 61.908
      vertex 17 50.8 40.5
      vertex 2.22228 50.8 61.6741
    endloop
  endfacet
  facet normal 0 1 0
    outer loop
      vertex 2.22228 50.8 61.6741
      vertex 17 50.8 40.5
      vertex 1.88559 50.8 61.4723
    endloop
  endfacet
  facet normal 0 1 0
    outer loop
      vertex 0.392068 50.8 61.0193
      vertex 17 50.8 40.5
      vertex 0 50.8 61
    endloop
  endfacet
  facet normal 0 1 0
    outer loop
      vertex 0.780361 50.8 61.0769
      vertex 17 50.8 40.5
      vertex 0.392068 50.8 61.0193
    endloop
  endfacet
  facet normal 0 1 0
    outer loop
      vertex 1.16114 50.8 61.1722
      vertex 17 50.8 40.5
      vertex 0.780361 50.8 61.0769
    endloop
  endfacet
  facet normal 0 1 0
    outer loop
      vertex 1.53073 50.8 61.3045
      vertex 17 50.8 40.5
      vertex 1.16114 50.8 61.1722
    endloop
  endfacet
  facet normal 0 1 0
    outer loop
      vertex 1.88559 50.8 61.4723
      vertex 17 50.8 40.5
      vertex 1.53073 50.8 61.3045
    endloop
  endfacet
  facet normal 0 1 -0
    outer loop
      vertex 43 50.8 0
      vertex 17 50.8 40.5
      vertex 43 50.8 77
    endloop
  endfacet
  facet normal 0 1 0
    outer loop
      vertex 17 50.8 22.5
      vertex 43 50.8 0
      vertex -17 50.8 22.5
    endloop
  endfacet
  facet normal 0 1 0
    outer loop
      vertex 17 50.8 40.5
      vertex 43 50.8 0
      vertex 17 50.8 22.5
    endloop
  endfacet
  facet normal 0 1 -0
    outer loop
      vertex -0.392068 50.8 68.9807
      vertex -43 50.8 77
      vertex 0 50.8 69
    endloop
  endfacet
  facet normal 0 1 -0
    outer loop
      vertex -0.780361 50.8 68.9231
      vertex -43 50.8 77
      vertex -0.392068 50.8 68.9807
    endloop
  endfacet
  facet normal 0 1 -0
    outer loop
      vertex -1.16114 50.8 68.8278
      vertex -43 50.8 77
      vertex -0.780361 50.8 68.9231
    endloop
  endfacet
  facet normal 0 1 -0
    outer loop
      vertex -1.53073 50.8 68.6955
      vertex -43 50.8 77
      vertex -1.16114 50.8 68.8278
    endloop
  endfacet
  facet normal 0 1 -0
    outer loop
      vertex -1.88559 50.8 68.5277
      vertex -43 50.8 77
      vertex -1.53073 50.8 68.6955
    endloop
  endfacet
  facet normal 0 1 -0
    outer loop
      vertex -2.22228 50.8 68.3259
      vertex -43 50.8 77
      vertex -1.88559 50.8 68.5277
    endloop
  endfacet
  facet normal 0 1 -0
    outer loop
      vertex -2.53757 50.8 68.092
      vertex -43 50.8 77
      vertex -2.22228 50.8 68.3259
    endloop
  endfacet
  facet normal 0 1 -0
    outer loop
      vertex -2.82843 50.8 67.8284
      vertex -43 50.8 77
      vertex -2.53757 50.8 68.092
    endloop
  endfacet
  facet normal 0 1 -0
    outer loop
      vertex -3.09204 50.8 67.5376
      vertex -43 50.8 77
      vertex -2.82843 50.8 67.8284
    endloop
  endfacet
  facet normal 0 1 -0
    outer loop
      vertex -3.32588 50.8 67.2223
      vertex -43 50.8 77
      vertex -3.09204 50.8 67.5376
    endloop
  endfacet
  facet normal 0 1 -0
    outer loop
      vertex -3.52768 50.8 66.8856
      vertex -43 50.8 77
      vertex -3.32588 50.8 67.2223
    endloop
  endfacet
  facet normal 0 1 -0
    outer loop
      vertex -3.69552 50.8 66.5307
      vertex -43 50.8 77
      vertex -3.52768 50.8 66.8856
    endloop
  endfacet
  facet normal 0 1 -0
    outer loop
      vertex -3.82776 50.8 66.1611
      vertex -43 50.8 77
      vertex -3.69552 50.8 66.5307
    endloop
  endfacet
  facet normal 0 1 -0
    outer loop
      vertex -3.92314 50.8 65.7804
      vertex -43 50.8 77
      vertex -3.82776 50.8 66.1611
    endloop
  endfacet
  facet normal 0 1 -0
    outer loop
      vertex -3.98074 50.8 65.3921
      vertex -43 50.8 77
      vertex -3.92314 50.8 65.7804
    endloop
  endfacet
  facet normal 0 1 -0
    outer loop
      vertex -4 50.8 65
      vertex -43 50.8 77
      vertex -3.98074 50.8 65.3921
    endloop
  endfacet
  facet normal 0 1 0
    outer loop
      vertex -3.98074 50.8 64.6079
      vertex -43 50.8 77
      vertex -4 50.8 65
    endloop
  endfacet
  facet normal 0 1 0
    outer loop
      vertex -3.92314 50.8 64.2196
      vertex -43 50.8 77
      vertex -3.98074 50.8 64.6079
    endloop
  endfacet
  facet normal 0 1 0
    outer loop
      vertex -17 50.8 40.5
      vertex -3.92314 50.8 64.2196
      vertex -3.82776 50.8 63.8389
    endloop
  endfacet
  facet normal 0 1 0
    outer loop
      vertex -17 50.8 40.5
      vertex -3.82776 50.8 63.8389
      vertex -3.69552 50.8 63.4693
    endloop
  endfacet
  facet normal 0 1 0
    outer loop
      vertex -17 50.8 40.5
      vertex -3.69552 50.8 63.4693
      vertex -3.52768 50.8 63.1144
    endloop
  endfacet
  facet normal 0 1 0
    outer loop
      vertex -17 50.8 40.5
      vertex -3.52768 50.8 63.1144
      vertex -3.32588 50.8 62.7777
    endloop
  endfacet
  facet normal 0 1 0
    outer loop
      vertex -17 50.8 40.5
      vertex -3.32588 50.8 62.7777
      vertex -3.09204 50.8 62.4624
    endloop
  endfacet
  facet normal 0 1 0
    outer loop
      vertex -17 50.8 40.5
      vertex -3.09204 50.8 62.4624
      vertex -2.82843 50.8 62.1716
    endloop
  endfacet
  facet normal 0 1 0
    outer loop
      vertex -17 50.8 40.5
      vertex -2.82843 50.8 62.1716
      vertex -2.53757 50.8 61.908
    endloop
  endfacet
  facet normal 0 1 0
    outer loop
      vertex -17 50.8 40.5
      vertex -2.53757 50.8 61.908
      vertex -2.22228 50.8 61.6741
    endloop
  endfacet
  facet normal 0 1 0
    outer loop
      vertex -17 50.8 40.5
      vertex -2.22228 50.8 61.6741
      vertex -1.88559 50.8 61.4723
    endloop
  endfacet
  facet normal 0 1 0
    outer loop
      vertex -17 50.8 40.5
      vertex -1.88559 50.8 61.4723
      vertex -1.53073 50.8 61.3045
    endloop
  endfacet
  facet normal 0 1 0
    outer loop
      vertex -17 50.8 40.5
      vertex 0 50.8 61
      vertex 17 50.8 40.5
    endloop
  endfacet
  facet normal 0 1 0
    outer loop
      vertex 0 50.8 61
      vertex -17 50.8 40.5
      vertex -0.392068 50.8 61.0193
    endloop
  endfacet
  facet normal 0 1 0
    outer loop
      vertex -0.392068 50.8 61.0193
      vertex -17 50.8 40.5
      vertex -0.780361 50.8 61.0769
    endloop
  endfacet
  facet normal 0 1 0
    outer loop
      vertex -0.780361 50.8 61.0769
      vertex -17 50.8 40.5
      vertex -1.16114 50.8 61.1722
    endloop
  endfacet
  facet normal 0 1 0
    outer loop
      vertex -1.16114 50.8 61.1722
      vertex -17 50.8 40.5
      vertex -1.53073 50.8 61.3045
    endloop
  endfacet
  facet normal 0 1 0
    outer loop
      vertex -3.92314 50.8 64.2196
      vertex -17 50.8 40.5
      vertex -43 50.8 77
    endloop
  endfacet
  facet normal 0 1 0
    outer loop
      vertex -43 50.8 0
      vertex -17 50.8 40.5
      vertex -17 50.8 22.5
    endloop
  endfacet
  facet normal 0 1 0
    outer loop
      vertex -17 50.8 40.5
      vertex -43 50.8 0
      vertex -43 50.8 77
    endloop
  endfacet
  facet normal 0 1 0
    outer loop
      vertex -43 50.8 0
      vertex -17 50.8 22.5
      vertex 43 50.8 0
    endloop
  endfacet
  facet normal -1 0 0
    outer loop
      vertex -17 50.8 22.5
      vertex -17 53.8 40.5
      vertex -17 53.8 22.5
    endloop
  endfacet
  facet normal -1 -0 0
    outer loop
      vertex -17 53.8 40.5
      vertex -17 50.8 22.5
      vertex -17 50.8 40.5
    endloop
  endfacet
  facet normal -0 0 1
    outer loop
      vertex -17 53.8 40.5
      vertex 17 50.8 40.5
      vertex 17 53.8 40.5
    endloop
  endfacet
  facet normal 0 0 1
    outer loop
      vertex 17 50.8 40.5
      vertex -17 53.8 40.5
      vertex -17 50.8 40.5
    endloop
  endfacet
  facet normal 1 -0 0
    outer loop
      vertex 17 50.8 40.5
      vertex 17 53.8 22.5
      vertex 17 53.8 40.5
    endloop
  endfacet
  facet normal 1 0 0
    outer loop
      vertex 17 53.8 22.5
      vertex 17 50.8 40.5
      vertex 17 50.8 22.5
    endloop
  endfacet
  facet normal 0 1 0
    outer loop
      vertex 17 53.8 40.5
      vertex 5.76999 53.8 35.5212
      vertex -17 53.8 40.5
    endloop
  endfacet
  facet normal 0 1 0
    outer loop
      vertex -17 53.8 40.5
      vertex -6.18203 53.8 35.5803
      vertex -6.59808 53.8 35.6
    endloop
  endfacet
  facet normal 0 1 -0
    outer loop
      vertex -5.76999 53.8 35.5212
      vertex -17 53.8 40.5
      vertex 5.76999 53.8 35.5212
    endloop
  endfacet
  facet normal 0 1 0
    outer loop
      vertex -17 53.8 40.5
      vertex -5.76999 53.8 35.5212
      vertex -6.18203 53.8 35.5803
    endloop
  endfacet
  facet normal 0 1 -0
    outer loop
      vertex 5.62008 53.8 35.4849
      vertex -5.76999 53.8 35.5212
      vertex 5.76999 53.8 35.5212
    endloop
  endfacet
  facet normal 0 1 0
    outer loop
      vertex 5.62008 53.8 35.4849
      vertex -5.62008 53.8 35.4849
      vertex -5.76999 53.8 35.5212
    endloop
  endfacet
  facet normal 0 1 -0
    outer loop
      vertex 5.36592 53.8 35.4235
      vertex -5.62008 53.8 35.4849
      vertex 5.62008 53.8 35.4849
    endloop
  endfacet
  facet normal 0 1 0
    outer loop
      vertex 5.36592 53.8 35.4235
      vertex -5.36592 53.8 35.4235
      vertex -5.62008 53.8 35.4849
    endloop
  endfacet
  facet normal 0 1 -0
    outer loop
      vertex 4.97373 53.8 35.2879
      vertex -5.36592 53.8 35.4235
      vertex 5.36592 53.8 35.4235
    endloop
  endfacet
  facet normal 0 1 0
    outer loop
      vertex 4.97373 53.8 35.2879
      vertex -4.97373 53.8 35.2879
      vertex -5.36592 53.8 35.4235
    endloop
  endfacet
  facet normal 0 1 -0
    outer loop
      vertex 4.59717 53.8 35.1159
      vertex -4.97373 53.8 35.2879
      vertex 4.97373 53.8 35.2879
    endloop
  endfacet
  facet normal 0 1 0
    outer loop
      vertex 4.59717 53.8 35.1159
      vertex -4.59717 53.8 35.1159
      vertex -4.97373 53.8 35.2879
    endloop
  endfacet
  facet normal 0 1 -0
    outer loop
      vertex 4.23988 53.8 34.909
      vertex -4.59717 53.8 35.1159
      vertex 4.59717 53.8 35.1159
    endloop
  endfacet
  facet normal 0 1 0
    outer loop
      vertex 4.23988 53.8 34.909
      vertex -4.23988 53.8 34.909
      vertex -4.59717 53.8 35.1159
    endloop
  endfacet
  facet normal 0 1 -0
    outer loop
      vertex 3.90531 53.8 34.6693
      vertex -4.23988 53.8 34.909
      vertex 4.23988 53.8 34.909
    endloop
  endfacet
  facet normal 0 1 0
    outer loop
      vertex 3.90531 53.8 34.6693
      vertex -3.90531 53.8 34.6693
      vertex -4.23988 53.8 34.909
    endloop
  endfacet
  facet normal 0 1 -0
    outer loop
      vertex 3.70022 53.8 34.4898
      vertex -3.90531 53.8 34.6693
      vertex 3.90531 53.8 34.6693
    endloop
  endfacet
  facet normal 0 1 0
    outer loop
      vertex 3.70022 53.8 34.4898
      vertex -3.70022 53.8 34.4898
      vertex -3.90531 53.8 34.6693
    endloop
  endfacet
  facet normal 0 1 -0
    outer loop
      vertex 3.59667 53.8 34.3991
      vertex -3.70022 53.8 34.4898
      vertex 3.70022 53.8 34.4898
    endloop
  endfacet
  facet normal 0 1 0
    outer loop
      vertex 3.59667 53.8 34.3991
      vertex -3.59667 53.8 34.3991
      vertex -3.70022 53.8 34.4898
    endloop
  endfacet
  facet normal 0 1 -0
    outer loop
      vertex 3.50383 53.8 34.3002
      vertex -3.59667 53.8 34.3991
      vertex 3.59667 53.8 34.3991
    endloop
  endfacet
  facet normal 0 1 0
    outer loop
      vertex 3.50383 53.8 34.3002
      vertex -3.50383 53.8 34.3002
      vertex -3.59667 53.8 34.3991
    endloop
  endfacet
  facet normal 0 1 -0
    outer loop
      vertex 3.31693 53.8 34.101
      vertex -3.50383 53.8 34.3002
      vertex 3.50383 53.8 34.3002
    endloop
  endfacet
  facet normal 0 1 0
    outer loop
      vertex 3.31693 53.8 34.101
      vertex -3.31693 53.8 34.101
      vertex -3.50383 53.8 34.3002
    endloop
  endfacet
  facet normal 0 1 -0
    outer loop
      vertex 3.14952 53.8 33.883
      vertex -3.31693 53.8 34.101
      vertex 3.31693 53.8 34.101
    endloop
  endfacet
  facet normal 0 1 0
    outer loop
      vertex 3.14952 53.8 33.883
      vertex -3.14952 53.8 33.883
      vertex -3.31693 53.8 34.101
    endloop
  endfacet
  facet normal 0 1 -0
    outer loop
      vertex 3.06879 53.8 33.7778
      vertex -3.14952 53.8 33.883
      vertex 3.14952 53.8 33.883
    endloop
  endfacet
  facet normal 0 1 0
    outer loop
      vertex 3.06879 53.8 33.7778
      vertex -3.06879 53.8 33.7778
      vertex -3.14952 53.8 33.883
    endloop
  endfacet
  facet normal 0 1 -0
    outer loop
      vertex 2.99972 53.8 33.6665
      vertex -3.06879 53.8 33.7778
      vertex 3.06879 53.8 33.7778
    endloop
  endfacet
  facet normal 0 1 0
    outer loop
      vertex 2.99972 53.8 33.6665
      vertex -2.99972 53.8 33.6665
      vertex -3.06879 53.8 33.7778
    endloop
  endfacet
  facet normal 0 1 -0
    outer loop
      vertex 2.85464 53.8 33.4327
      vertex -2.99972 53.8 33.6665
      vertex 2.99972 53.8 33.6665
    endloop
  endfacet
  facet normal 0 1 0
    outer loop
      vertex 2.85464 53.8 33.4327
      vertex -2.85464 53.8 33.4327
      vertex -2.99972 53.8 33.6665
    endloop
  endfacet
  facet normal 0 1 -0
    outer loop
      vertex 2.73311 53.8 33.1845
      vertex -2.85464 53.8 33.4327
      vertex 2.85464 53.8 33.4327
    endloop
  endfacet
  facet normal 0 1 0
    outer loop
      vertex 2.73311 53.8 33.1845
      vertex -2.73311 53.8 33.1845
      vertex -2.85464 53.8 33.4327
    endloop
  endfacet
  facet normal 0 1 -0
    outer loop
      vertex 2.67655 53.8 33.069
      vertex -2.73311 53.8 33.1845
      vertex 2.73311 53.8 33.1845
    endloop
  endfacet
  facet normal 0 1 0
    outer loop
      vertex 2.67655 53.8 33.069
      vertex -2.67655 53.8 33.069
      vertex -2.73311 53.8 33.1845
    endloop
  endfacet
  facet normal 0 1 -0
    outer loop
      vertex 2.63224 53.8 32.9494
      vertex -2.67655 53.8 33.069
      vertex 2.67655 53.8 33.069
    endloop
  endfacet
  facet normal 0 1 0
    outer loop
      vertex 2.63224 53.8 32.9494
      vertex -2.63224 53.8 32.9494
      vertex -2.67655 53.8 33.069
    endloop
  endfacet
  facet normal 0 1 -0
    outer loop
      vertex 2.53622 53.8 32.6902
      vertex -2.63224 53.8 32.9494
      vertex 2.63224 53.8 32.9494
    endloop
  endfacet
  facet normal 0 1 0
    outer loop
      vertex 2.53622 53.8 32.6902
      vertex -2.53622 53.8 32.6902
      vertex -2.63224 53.8 32.9494
    endloop
  endfacet
  facet normal 0 1 -0
    outer loop
      vertex 2.435 53.8 32.2999
      vertex -2.53622 53.8 32.6902
      vertex 2.53622 53.8 32.6902
    endloop
  endfacet
  facet normal 0 1 0
    outer loop
      vertex 2.435 53.8 32.2999
      vertex -2.435 53.8 32.2999
      vertex -2.53622 53.8 32.6902
    endloop
  endfacet
  facet normal 0 1 -0
    outer loop
      vertex 2.39291 53.8 32.0258
      vertex -2.435 53.8 32.2999
      vertex 2.435 53.8 32.2999
    endloop
  endfacet
  facet normal 0 1 0
    outer loop
      vertex 2.39291 53.8 32.0258
      vertex -2.39291 53.8 32.0258
      vertex -2.435 53.8 32.2999
    endloop
  endfacet
  facet normal 0 1 -0
    outer loop
      vertex 2.37388 53.8 31.9019
      vertex -2.39291 53.8 32.0258
      vertex 2.39291 53.8 32.0258
    endloop
  endfacet
  facet normal 0 1 0
    outer loop
      vertex 2.37388 53.8 31.9019
      vertex -2.37388 53.8 31.9019
      vertex -2.39291 53.8 32.0258
    endloop
  endfacet
  facet normal 0 1 -0
    outer loop
      vertex 2.36753 53.8 31.7769
      vertex -2.37388 53.8 31.9019
      vertex 2.37388 53.8 31.9019
    endloop
  endfacet
  facet normal 0 1 0
    outer loop
      vertex 2.36753 53.8 31.7769
      vertex -2.36753 53.8 31.7769
      vertex -2.37388 53.8 31.9019
    endloop
  endfacet
  facet normal 0 1 -0
    outer loop
      vertex 2.35344 53.8 31.5
      vertex -2.36753 53.8 31.7769
      vertex 2.36753 53.8 31.7769
    endloop
  endfacet
  facet normal 0 1 0
    outer loop
      vertex 2.35344 53.8 31.5
      vertex -2.35344 53.8 31.5
      vertex -2.36753 53.8 31.7769
    endloop
  endfacet
  facet normal 0 1 0
    outer loop
      vertex 2.36753 53.8 31.2231
      vertex -2.35344 53.8 31.5
      vertex 2.35344 53.8 31.5
    endloop
  endfacet
  facet normal 0 1 0
    outer loop
      vertex 2.36753 53.8 31.2231
      vertex -2.36753 53.8 31.2231
      vertex -2.35344 53.8 31.5
    endloop
  endfacet
  facet normal 0 1 0
    outer loop
      vertex 2.37388 53.8 31.0981
      vertex -2.36753 53.8 31.2231
      vertex 2.36753 53.8 31.2231
    endloop
  endfacet
  facet normal 0 1 0
    outer loop
      vertex 2.37388 53.8 31.0981
      vertex -2.37388 53.8 31.0981
      vertex -2.36753 53.8 31.2231
    endloop
  endfacet
  facet normal 0 1 0
    outer loop
      vertex 2.39291 53.8 30.9742
      vertex -2.37388 53.8 31.0981
      vertex 2.37388 53.8 31.0981
    endloop
  endfacet
  facet normal 0 1 0
    outer loop
      vertex 2.39291 53.8 30.9742
      vertex -2.39291 53.8 30.9742
      vertex -2.37388 53.8 31.0981
    endloop
  endfacet
  facet normal 0 1 0
    outer loop
      vertex 2.435 53.8 30.7001
      vertex -2.39291 53.8 30.9742
      vertex 2.39291 53.8 30.9742
    endloop
  endfacet
  facet normal 0 1 0
    outer loop
      vertex 2.435 53.8 30.7001
      vertex -2.435 53.8 30.7001
      vertex -2.39291 53.8 30.9742
    endloop
  endfacet
  facet normal 0 1 0
    outer loop
      vertex 2.53622 53.8 30.3098
      vertex -2.435 53.8 30.7001
      vertex 2.435 53.8 30.7001
    endloop
  endfacet
  facet normal 0 1 0
    outer loop
      vertex 2.53622 53.8 30.3098
      vertex -2.53622 53.8 30.3098
      vertex -2.435 53.8 30.7001
    endloop
  endfacet
  facet normal 0 1 0
    outer loop
      vertex 2.63224 53.8 30.0506
      vertex -2.53622 53.8 30.3098
      vertex 2.53622 53.8 30.3098
    endloop
  endfacet
  facet normal 0 1 0
    outer loop
      vertex 2.63224 53.8 30.0506
      vertex -2.63224 53.8 30.0506
      vertex -2.53622 53.8 30.3098
    endloop
  endfacet
  facet normal 0 1 0
    outer loop
      vertex 2.67655 53.8 29.931
      vertex -2.63224 53.8 30.0506
      vertex 2.63224 53.8 30.0506
    endloop
  endfacet
  facet normal 0 1 0
    outer loop
      vertex 2.67655 53.8 29.931
      vertex -2.67655 53.8 29.931
      vertex -2.63224 53.8 30.0506
    endloop
  endfacet
  facet normal 0 1 0
    outer loop
      vertex 2.73311 53.8 29.8155
      vertex -2.67655 53.8 29.931
      vertex 2.67655 53.8 29.931
    endloop
  endfacet
  facet normal 0 1 0
    outer loop
      vertex 2.73311 53.8 29.8155
      vertex -2.73311 53.8 29.8155
      vertex -2.67655 53.8 29.931
    endloop
  endfacet
  facet normal 0 1 0
    outer loop
      vertex 2.85464 53.8 29.5673
      vertex -2.73311 53.8 29.8155
      vertex 2.73311 53.8 29.8155
    endloop
  endfacet
  facet normal 0 1 0
    outer loop
      vertex 2.85464 53.8 29.5673
      vertex -2.85464 53.8 29.5673
      vertex -2.73311 53.8 29.8155
    endloop
  endfacet
  facet normal 0 1 0
    outer loop
      vertex 2.99972 53.8 29.3335
      vertex -2.85464 53.8 29.5673
      vertex 2.85464 53.8 29.5673
    endloop
  endfacet
  facet normal 0 1 0
    outer loop
      vertex 2.99972 53.8 29.3335
      vertex -2.99972 53.8 29.3335
      vertex -2.85464 53.8 29.5673
    endloop
  endfacet
  facet normal 0 1 0
    outer loop
      vertex 3.06879 53.8 29.2222
      vertex -2.99972 53.8 29.3335
      vertex 2.99972 53.8 29.3335
    endloop
  endfacet
  facet normal 0 1 0
    outer loop
      vertex 3.06879 53.8 29.2222
      vertex -3.06879 53.8 29.2222
      vertex -2.99972 53.8 29.3335
    endloop
  endfacet
  facet normal 0 1 0
    outer loop
      vertex 3.14952 53.8 29.117
      vertex -3.06879 53.8 29.2222
      vertex 3.06879 53.8 29.2222
    endloop
  endfacet
  facet normal 0 1 0
    outer loop
      vertex 3.14952 53.8 29.117
      vertex -3.14952 53.8 29.117
      vertex -3.06879 53.8 29.2222
    endloop
  endfacet
  facet normal 0 1 0
    outer loop
      vertex 3.31693 53.8 28.899
      vertex -3.14952 53.8 29.117
      vertex 3.14952 53.8 29.117
    endloop
  endfacet
  facet normal 0 1 0
    outer loop
      vertex 3.31693 53.8 28.899
      vertex -3.31693 53.8 28.899
      vertex -3.14952 53.8 29.117
    endloop
  endfacet
  facet normal 0 1 0
    outer loop
      vertex 3.50383 53.8 28.6998
      vertex -3.31693 53.8 28.899
      vertex 3.31693 53.8 28.899
    endloop
  endfacet
  facet normal 0 1 0
    outer loop
      vertex 3.50383 53.8 28.6998
      vertex -3.50383 53.8 28.6998
      vertex -3.31693 53.8 28.899
    endloop
  endfacet
  facet normal 0 1 0
    outer loop
      vertex 3.59667 53.8 28.6009
      vertex -3.50383 53.8 28.6998
      vertex 3.50383 53.8 28.6998
    endloop
  endfacet
  facet normal 0 1 0
    outer loop
      vertex 3.59667 53.8 28.6009
      vertex -3.59667 53.8 28.6009
      vertex -3.50383 53.8 28.6998
    endloop
  endfacet
  facet normal 0 1 0
    outer loop
      vertex 3.70022 53.8 28.5102
      vertex -3.59667 53.8 28.6009
      vertex 3.59667 53.8 28.6009
    endloop
  endfacet
  facet normal 0 1 0
    outer loop
      vertex 3.70022 53.8 28.5102
      vertex -3.70022 53.8 28.5102
      vertex -3.59667 53.8 28.6009
    endloop
  endfacet
  facet normal 0 1 0
    outer loop
      vertex 3.90531 53.8 28.3307
      vertex -3.70022 53.8 28.5102
      vertex 3.70022 53.8 28.5102
    endloop
  endfacet
  facet normal 0 1 0
    outer loop
      vertex 3.90531 53.8 28.3307
      vertex -3.90531 53.8 28.3307
      vertex -3.70022 53.8 28.5102
    endloop
  endfacet
  facet normal 0 1 0
    outer loop
      vertex 4.23988 53.8 28.091
      vertex -3.90531 53.8 28.3307
      vertex 3.90531 53.8 28.3307
    endloop
  endfacet
  facet normal 0 1 0
    outer loop
      vertex 4.23988 53.8 28.091
      vertex -4.23988 53.8 28.091
      vertex -3.90531 53.8 28.3307
    endloop
  endfacet
  facet normal 0 1 0
    outer loop
      vertex 4.59717 53.8 27.8841
      vertex -4.23988 53.8 28.091
      vertex 4.23988 53.8 28.091
    endloop
  endfacet
  facet normal 0 1 0
    outer loop
      vertex 4.59717 53.8 27.8841
      vertex -4.59717 53.8 27.8841
      vertex -4.23988 53.8 28.091
    endloop
  endfacet
  facet normal 0 1 0
    outer loop
      vertex 4.97373 53.8 27.7121
      vertex -4.59717 53.8 27.8841
      vertex 4.59717 53.8 27.8841
    endloop
  endfacet
  facet normal 0 1 0
    outer loop
      vertex 4.97373 53.8 27.7121
      vertex -4.97373 53.8 27.7121
      vertex -4.59717 53.8 27.8841
    endloop
  endfacet
  facet normal 0 1 0
    outer loop
      vertex 5.36592 53.8 27.5765
      vertex -4.97373 53.8 27.7121
      vertex 4.97373 53.8 27.7121
    endloop
  endfacet
  facet normal 0 1 0
    outer loop
      vertex 5.36592 53.8 27.5765
      vertex -5.36592 53.8 27.5765
      vertex -4.97373 53.8 27.7121
    endloop
  endfacet
  facet normal 0 1 0
    outer loop
      vertex 5.62008 53.8 27.5151
      vertex -5.36592 53.8 27.5765
      vertex 5.36592 53.8 27.5765
    endloop
  endfacet
  facet normal 0 1 0
    outer loop
      vertex 5.62008 53.8 27.5151
      vertex -5.62008 53.8 27.5151
      vertex -5.36592 53.8 27.5765
    endloop
  endfacet
  facet normal 0 1 0
    outer loop
      vertex 5.76999 53.8 27.4788
      vertex -5.62008 53.8 27.5151
      vertex 5.62008 53.8 27.5151
    endloop
  endfacet
  facet normal 0 1 0
    outer loop
      vertex 5.76999 53.8 27.4788
      vertex -5.76999 53.8 27.4788
      vertex -5.62008 53.8 27.5151
    endloop
  endfacet
  facet normal 0 1 0
    outer loop
      vertex 17 53.8 22.5
      vertex 5.76999 53.8 27.4788
      vertex 6.18203 53.8 27.4197
    endloop
  endfacet
  facet normal 0 1 0
    outer loop
      vertex 5.76999 53.8 27.4788
      vertex 17 53.8 22.5
      vertex -5.76999 53.8 27.4788
    endloop
  endfacet
  facet normal 0 1 0
    outer loop
      vertex 17 53.8 22.5
      vertex 6.18203 53.8 27.4197
      vertex 6.59808 53.8 27.4
    endloop
  endfacet
  facet normal 0 1 0
    outer loop
      vertex -17 53.8 22.5
      vertex -5.76999 53.8 27.4788
      vertex 17 53.8 22.5
    endloop
  endfacet
  facet normal 0 1 0
    outer loop
      vertex 6.18203 53.8 35.5803
      vertex 17 53.8 40.5
      vertex 6.59808 53.8 35.6
    endloop
  endfacet
  facet normal 0 1 0
    outer loop
      vertex 17 53.8 40.5
      vertex 7.01412 53.8 35.5803
      vertex 6.59808 53.8 35.6
    endloop
  endfacet
  facet normal 0 1 0
    outer loop
      vertex 17 53.8 40.5
      vertex 7.42616 53.8 35.5212
      vertex 7.01412 53.8 35.5803
    endloop
  endfacet
  facet normal 0 1 0
    outer loop
      vertex 17 53.8 40.5
      vertex 7.66504 53.8 35.4634
      vertex 7.42616 53.8 35.5212
    endloop
  endfacet
  facet normal 0 1 0
    outer loop
      vertex 17 53.8 40.5
      vertex 7.83023 53.8 35.4235
      vertex 7.66504 53.8 35.4634
    endloop
  endfacet
  facet normal 0 1 0
    outer loop
      vertex 17 53.8 40.5
      vertex 8.22243 53.8 35.2879
      vertex 7.83023 53.8 35.4235
    endloop
  endfacet
  facet normal 0 1 0
    outer loop
      vertex 17 53.8 40.5
      vertex 8.59898 53.8 35.1159
      vertex 8.22243 53.8 35.2879
    endloop
  endfacet
  facet normal 0 1 0
    outer loop
      vertex 17 53.8 40.5
      vertex 8.75222 53.8 35.0272
      vertex 8.59898 53.8 35.1159
    endloop
  endfacet
  facet normal 0 1 0
    outer loop
      vertex 17 53.8 40.5
      vertex 8.95627 53.8 34.909
      vertex 8.75222 53.8 35.0272
    endloop
  endfacet
  facet normal 0 1 0
    outer loop
      vertex 17 53.8 40.5
      vertex 9.14491 53.8 34.7739
      vertex 8.95627 53.8 34.909
    endloop
  endfacet
  facet normal 0 1 0
    outer loop
      vertex 17 53.8 40.5
      vertex 9.29084 53.8 34.6693
      vertex 9.14491 53.8 34.7739
    endloop
  endfacet
  facet normal 0 1 0
    outer loop
      vertex 17 53.8 40.5
      vertex 9.42707 53.8 34.5501
      vertex 9.29084 53.8 34.6693
    endloop
  endfacet
  facet normal 0 1 0
    outer loop
      vertex 17 53.8 40.5
      vertex 9.59948 53.8 34.3991
      vertex 9.42707 53.8 34.5501
    endloop
  endfacet
  facet normal 0 1 0
    outer loop
      vertex 17 53.8 40.5
      vertex 9.75406 53.8 34.2344
      vertex 9.59948 53.8 34.3991
    endloop
  endfacet
  facet normal 0 1 0
    outer loop
      vertex 17 53.8 40.5
      vertex 9.87922 53.8 34.101
      vertex 9.75406 53.8 34.2344
    endloop
  endfacet
  facet normal 0 1 0
    outer loop
      vertex 17 53.8 40.5
      vertex 9.99133 53.8 33.955
      vertex 9.87922 53.8 34.101
    endloop
  endfacet
  facet normal 0 1 0
    outer loop
      vertex 17 53.8 40.5
      vertex 10.1274 53.8 33.7778
      vertex 9.99133 53.8 33.955
    endloop
  endfacet
  facet normal 0 1 0
    outer loop
      vertex 17 53.8 40.5
      vertex 10.3415 53.8 33.4327
      vertex 10.1274 53.8 33.7778
    endloop
  endfacet
  facet normal 0 1 0
    outer loop
      vertex 17 53.8 40.5
      vertex 10.5196 53.8 33.069
      vertex 10.3415 53.8 33.4327
    endloop
  endfacet
  facet normal 0 1 0
    outer loop
      vertex 17 53.8 40.5
      vertex 10.595 53.8 32.8656
      vertex 10.5196 53.8 33.069
    endloop
  endfacet
  facet normal 0 1 0
    outer loop
      vertex 17 53.8 40.5
      vertex 10.6599 53.8 32.6902
      vertex 10.595 53.8 32.8656
    endloop
  endfacet
  facet normal 0 1 0
    outer loop
      vertex 17 53.8 40.5
      vertex 10.7611 53.8 32.2999
      vertex 10.6599 53.8 32.6902
    endloop
  endfacet
  facet normal 0 1 0
    outer loop
      vertex 17 53.8 40.5
      vertex 10.7897 53.8 32.1142
      vertex 10.7611 53.8 32.2999
    endloop
  endfacet
  facet normal 0 1 0
    outer loop
      vertex 17 53.8 40.5
      vertex 10.8223 53.8 31.9019
      vertex 10.7897 53.8 32.1142
    endloop
  endfacet
  facet normal 0 1 0
    outer loop
      vertex 17 53.8 40.5
      vertex 10.8332 53.8 31.6878
      vertex 10.8223 53.8 31.9019
    endloop
  endfacet
  facet normal 0 1 0
    outer loop
      vertex 17 53.8 40.5
      vertex 10.8427 53.8 31.5
      vertex 10.8332 53.8 31.6878
    endloop
  endfacet
  facet normal 0 1 -0
    outer loop
      vertex 17 53.8 22.5
      vertex 10.8427 53.8 31.5
      vertex 17 53.8 40.5
    endloop
  endfacet
  facet normal 0 1 0
    outer loop
      vertex 10.8427 53.8 31.5
      vertex 17 53.8 22.5
      vertex 10.8332 53.8 31.3122
    endloop
  endfacet
  facet normal 0 1 0
    outer loop
      vertex 10.8332 53.8 31.3122
      vertex 17 53.8 22.5
      vertex 10.8223 53.8 31.0981
    endloop
  endfacet
  facet normal 0 1 0
    outer loop
      vertex 10.8223 53.8 31.0981
      vertex 17 53.8 22.5
      vertex 10.7897 53.8 30.8858
    endloop
  endfacet
  facet normal 0 1 0
    outer loop
      vertex 10.7897 53.8 30.8858
      vertex 17 53.8 22.5
      vertex 10.7611 53.8 30.7001
    endloop
  endfacet
  facet normal 0 1 0
    outer loop
      vertex 10.7611 53.8 30.7001
      vertex 17 53.8 22.5
      vertex 10.6599 53.8 30.3098
    endloop
  endfacet
  facet normal 0 1 0
    outer loop
      vertex 10.6599 53.8 30.3098
      vertex 17 53.8 22.5
      vertex 10.595 53.8 30.1344
    endloop
  endfacet
  facet normal 0 1 0
    outer loop
      vertex 10.595 53.8 30.1344
      vertex 17 53.8 22.5
      vertex 10.5196 53.8 29.931
    endloop
  endfacet
  facet normal 0 1 0
    outer loop
      vertex 17 53.8 22.5
      vertex 9.99133 53.8 29.045
      vertex 10.1274 53.8 29.2222
    endloop
  endfacet
  facet normal 0 1 0
    outer loop
      vertex 17 53.8 22.5
      vertex 8.75222 53.8 27.9728
      vertex 8.95627 53.8 28.091
    endloop
  endfacet
  facet normal 0 1 0
    outer loop
      vertex -5.76999 53.8 27.4788
      vertex -17 53.8 22.5
      vertex -6.18203 53.8 27.4197
    endloop
  endfacet
  facet normal 0 1 0
    outer loop
      vertex 7.01412 53.8 27.4197
      vertex 17 53.8 22.5
      vertex 6.59808 53.8 27.4
    endloop
  endfacet
  facet normal 0 1 0
    outer loop
      vertex 7.42616 53.8 27.4788
      vertex 17 53.8 22.5
      vertex 7.01412 53.8 27.4197
    endloop
  endfacet
  facet normal 0 1 0
    outer loop
      vertex 7.66504 53.8 27.5366
      vertex 17 53.8 22.5
      vertex 7.42616 53.8 27.4788
    endloop
  endfacet
  facet normal 0 1 0
    outer loop
      vertex 7.83023 53.8 27.5765
      vertex 17 53.8 22.5
      vertex 7.66504 53.8 27.5366
    endloop
  endfacet
  facet normal 0 1 0
    outer loop
      vertex 8.22243 53.8 27.7121
      vertex 17 53.8 22.5
      vertex 7.83023 53.8 27.5765
    endloop
  endfacet
  facet normal 0 1 0
    outer loop
      vertex 8.59898 53.8 27.8841
      vertex 17 53.8 22.5
      vertex 8.22243 53.8 27.7121
    endloop
  endfacet
  facet normal 0 1 0
    outer loop
      vertex 8.75222 53.8 27.9728
      vertex 17 53.8 22.5
      vertex 8.59898 53.8 27.8841
    endloop
  endfacet
  facet normal 0 1 0
    outer loop
      vertex 9.14491 53.8 28.2261
      vertex 17 53.8 22.5
      vertex 8.95627 53.8 28.091
    endloop
  endfacet
  facet normal 0 1 0
    outer loop
      vertex 9.29084 53.8 28.3307
      vertex 17 53.8 22.5
      vertex 9.14491 53.8 28.2261
    endloop
  endfacet
  facet normal 0 1 0
    outer loop
      vertex 9.42707 53.8 28.4499
      vertex 17 53.8 22.5
      vertex 9.29084 53.8 28.3307
    endloop
  endfacet
  facet normal 0 1 0
    outer loop
      vertex 9.59948 53.8 28.6009
      vertex 17 53.8 22.5
      vertex 9.42707 53.8 28.4499
    endloop
  endfacet
  facet normal 0 1 0
    outer loop
      vertex 9.75406 53.8 28.7656
      vertex 17 53.8 22.5
      vertex 9.59948 53.8 28.6009
    endloop
  endfacet
  facet normal 0 1 0
    outer loop
      vertex 9.87922 53.8 28.899
      vertex 17 53.8 22.5
      vertex 9.75406 53.8 28.7656
    endloop
  endfacet
  facet normal 0 1 0
    outer loop
      vertex 9.99133 53.8 29.045
      vertex 17 53.8 22.5
      vertex 9.87922 53.8 28.899
    endloop
  endfacet
  facet normal 0 1 0
    outer loop
      vertex 10.3415 53.8 29.5673
      vertex 17 53.8 22.5
      vertex 10.1274 53.8 29.2222
    endloop
  endfacet
  facet normal 0 1 0
    outer loop
      vertex 10.5196 53.8 29.931
      vertex 17 53.8 22.5
      vertex 10.3415 53.8 29.5673
    endloop
  endfacet
  facet normal 0 1 0
    outer loop
      vertex 5.76999 53.8 35.5212
      vertex 17 53.8 40.5
      vertex 6.18203 53.8 35.5803
    endloop
  endfacet
  facet normal 0 1 -0
    outer loop
      vertex -7.01412 53.8 35.5803
      vertex -17 53.8 40.5
      vertex -6.59808 53.8 35.6
    endloop
  endfacet
  facet normal 0 1 -0
    outer loop
      vertex -7.42616 53.8 35.5212
      vertex -17 53.8 40.5
      vertex -7.01412 53.8 35.5803
    endloop
  endfacet
  facet normal 0 1 -0
    outer loop
      vertex -7.66504 53.8 35.4634
      vertex -17 53.8 40.5
      vertex -7.42616 53.8 35.5212
    endloop
  endfacet
  facet normal 0 1 -0
    outer loop
      vertex -7.83023 53.8 35.4235
      vertex -17 53.8 40.5
      vertex -7.66504 53.8 35.4634
    endloop
  endfacet
  facet normal 0 1 -0
    outer loop
      vertex -8.22243 53.8 35.2879
      vertex -17 53.8 40.5
      vertex -7.83023 53.8 35.4235
    endloop
  endfacet
  facet normal 0 1 -0
    outer loop
      vertex -8.59898 53.8 35.1159
      vertex -17 53.8 40.5
      vertex -8.22243 53.8 35.2879
    endloop
  endfacet
  facet normal 0 1 -0
    outer loop
      vertex -8.75222 53.8 35.0272
      vertex -17 53.8 40.5
      vertex -8.59898 53.8 35.1159
    endloop
  endfacet
  facet normal 0 1 -0
    outer loop
      vertex -8.95627 53.8 34.909
      vertex -17 53.8 40.5
      vertex -8.75222 53.8 35.0272
    endloop
  endfacet
  facet normal 0 1 -0
    outer loop
      vertex -9.14491 53.8 34.7739
      vertex -17 53.8 40.5
      vertex -8.95627 53.8 34.909
    endloop
  endfacet
  facet normal 0 1 -0
    outer loop
      vertex -9.29084 53.8 34.6693
      vertex -17 53.8 40.5
      vertex -9.14491 53.8 34.7739
    endloop
  endfacet
  facet normal 0 1 -0
    outer loop
      vertex -9.42707 53.8 34.5501
      vertex -17 53.8 40.5
      vertex -9.29084 53.8 34.6693
    endloop
  endfacet
  facet normal 0 1 -0
    outer loop
      vertex -9.59948 53.8 34.3991
      vertex -17 53.8 40.5
      vertex -9.42707 53.8 34.5501
    endloop
  endfacet
  facet normal 0 1 -0
    outer loop
      vertex -9.75406 53.8 34.2344
      vertex -17 53.8 40.5
      vertex -9.59948 53.8 34.3991
    endloop
  endfacet
  facet normal 0 1 -0
    outer loop
      vertex -9.87922 53.8 34.101
      vertex -17 53.8 40.5
      vertex -9.75406 53.8 34.2344
    endloop
  endfacet
  facet normal 0 1 -0
    outer loop
      vertex -9.99133 53.8 33.955
      vertex -17 53.8 40.5
      vertex -9.87922 53.8 34.101
    endloop
  endfacet
  facet normal 0 1 -0
    outer loop
      vertex -10.1274 53.8 33.7778
      vertex -17 53.8 40.5
      vertex -9.99133 53.8 33.955
    endloop
  endfacet
  facet normal 0 1 -0
    outer loop
      vertex -10.3415 53.8 33.4327
      vertex -17 53.8 40.5
      vertex -10.1274 53.8 33.7778
    endloop
  endfacet
  facet normal 0 1 -0
    outer loop
      vertex -10.5196 53.8 33.069
      vertex -17 53.8 40.5
      vertex -10.3415 53.8 33.4327
    endloop
  endfacet
  facet normal 0 1 -0
    outer loop
      vertex -10.595 53.8 32.8656
      vertex -17 53.8 40.5
      vertex -10.5196 53.8 33.069
    endloop
  endfacet
  facet normal 0 1 -0
    outer loop
      vertex -10.6599 53.8 32.6902
      vertex -17 53.8 40.5
      vertex -10.595 53.8 32.8656
    endloop
  endfacet
  facet normal 0 1 -0
    outer loop
      vertex -10.7611 53.8 32.2999
      vertex -17 53.8 40.5
      vertex -10.6599 53.8 32.6902
    endloop
  endfacet
  facet normal 0 1 -0
    outer loop
      vertex -10.7897 53.8 32.1142
      vertex -17 53.8 40.5
      vertex -10.7611 53.8 32.2999
    endloop
  endfacet
  facet normal 0 1 -0
    outer loop
      vertex -10.8223 53.8 31.9019
      vertex -17 53.8 40.5
      vertex -10.7897 53.8 32.1142
    endloop
  endfacet
  facet normal 0 1 -0
    outer loop
      vertex -10.8332 53.8 31.6878
      vertex -17 53.8 40.5
      vertex -10.8223 53.8 31.9019
    endloop
  endfacet
  facet normal 0 1 -0
    outer loop
      vertex -10.8427 53.8 31.5
      vertex -17 53.8 40.5
      vertex -10.8332 53.8 31.6878
    endloop
  endfacet
  facet normal 0 1 0
    outer loop
      vertex -17 53.8 22.5
      vertex -10.8427 53.8 31.5
      vertex -10.8332 53.8 31.3122
    endloop
  endfacet
  facet normal 0 1 0
    outer loop
      vertex -17 53.8 22.5
      vertex -10.8332 53.8 31.3122
      vertex -10.8223 53.8 31.0981
    endloop
  endfacet
  facet normal 0 1 0
    outer loop
      vertex -17 53.8 22.5
      vertex -10.8223 53.8 31.0981
      vertex -10.7897 53.8 30.8858
    endloop
  endfacet
  facet normal 0 1 0
    outer loop
      vertex -17 53.8 22.5
      vertex -10.7897 53.8 30.8858
      vertex -10.7611 53.8 30.7001
    endloop
  endfacet
  facet normal 0 1 0
    outer loop
      vertex -17 53.8 22.5
      vertex -10.7611 53.8 30.7001
      vertex -10.6599 53.8 30.3098
    endloop
  endfacet
  facet normal 0 1 0
    outer loop
      vertex -17 53.8 22.5
      vertex -10.6599 53.8 30.3098
      vertex -10.595 53.8 30.1344
    endloop
  endfacet
  facet normal 0 1 0
    outer loop
      vertex -17 53.8 22.5
      vertex -10.595 53.8 30.1344
      vertex -10.5196 53.8 29.931
    endloop
  endfacet
  facet normal 0 1 0
    outer loop
      vertex -17 53.8 22.5
      vertex -10.5196 53.8 29.931
      vertex -10.3415 53.8 29.5673
    endloop
  endfacet
  facet normal 0 1 0
    outer loop
      vertex -17 53.8 22.5
      vertex -9.99133 53.8 29.045
      vertex -9.87922 53.8 28.899
    endloop
  endfacet
  facet normal 0 1 0
    outer loop
      vertex -17 53.8 22.5
      vertex -8.75222 53.8 27.9728
      vertex -8.59898 53.8 27.8841
    endloop
  endfacet
  facet normal 0 1 0
    outer loop
      vertex -6.18203 53.8 27.4197
      vertex -17 53.8 22.5
      vertex -6.59808 53.8 27.4
    endloop
  endfacet
  facet normal 0 1 0
    outer loop
      vertex -6.59808 53.8 27.4
      vertex -17 53.8 22.5
      vertex -7.01412 53.8 27.4197
    endloop
  endfacet
  facet normal 0 1 0
    outer loop
      vertex -10.8427 53.8 31.5
      vertex -17 53.8 22.5
      vertex -17 53.8 40.5
    endloop
  endfacet
  facet normal 0 1 0
    outer loop
      vertex -10.1274 53.8 29.2222
      vertex -17 53.8 22.5
      vertex -10.3415 53.8 29.5673
    endloop
  endfacet
  facet normal 0 1 0
    outer loop
      vertex -9.99133 53.8 29.045
      vertex -17 53.8 22.5
      vertex -10.1274 53.8 29.2222
    endloop
  endfacet
  facet normal 0 1 0
    outer loop
      vertex -9.75406 53.8 28.7656
      vertex -17 53.8 22.5
      vertex -9.87922 53.8 28.899
    endloop
  endfacet
  facet normal 0 1 0
    outer loop
      vertex -9.59948 53.8 28.6009
      vertex -17 53.8 22.5
      vertex -9.75406 53.8 28.7656
    endloop
  endfacet
  facet normal 0 1 0
    outer loop
      vertex -9.42707 53.8 28.4499
      vertex -17 53.8 22.5
      vertex -9.59948 53.8 28.6009
    endloop
  endfacet
  facet normal 0 1 0
    outer loop
      vertex -9.29084 53.8 28.3307
      vertex -17 53.8 22.5
      vertex -9.42707 53.8 28.4499
    endloop
  endfacet
  facet normal 0 1 0
    outer loop
      vertex -9.14491 53.8 28.2261
      vertex -17 53.8 22.5
      vertex -9.29084 53.8 28.3307
    endloop
  endfacet
  facet normal 0 1 0
    outer loop
      vertex -8.95627 53.8 28.091
      vertex -17 53.8 22.5
      vertex -9.14491 53.8 28.2261
    endloop
  endfacet
  facet normal 0 1 0
    outer loop
      vertex -8.75222 53.8 27.9728
      vertex -17 53.8 22.5
      vertex -8.95627 53.8 28.091
    endloop
  endfacet
  facet normal 0 1 0
    outer loop
      vertex -8.22243 53.8 27.7121
      vertex -17 53.8 22.5
      vertex -8.59898 53.8 27.8841
    endloop
  endfacet
  facet normal 0 1 0
    outer loop
      vertex -7.83023 53.8 27.5765
      vertex -17 53.8 22.5
      vertex -8.22243 53.8 27.7121
    endloop
  endfacet
  facet normal 0 1 0
    outer loop
      vertex -7.66504 53.8 27.5366
      vertex -17 53.8 22.5
      vertex -7.83023 53.8 27.5765
    endloop
  endfacet
  facet normal 0 1 0
    outer loop
      vertex -7.42616 53.8 27.4788
      vertex -17 53.8 22.5
      vertex -7.66504 53.8 27.5366
    endloop
  endfacet
  facet normal 0 1 0
    outer loop
      vertex -7.01412 53.8 27.4197
      vertex -17 53.8 22.5
      vertex -7.42616 53.8 27.4788
    endloop
  endfacet
  facet normal 0 0 -1
    outer loop
      vertex -17 50.8 22.5
      vertex 17 53.8 22.5
      vertex 17 50.8 22.5
    endloop
  endfacet
  facet normal -0 0 -1
    outer loop
      vertex 17 53.8 22.5
      vertex -17 50.8 22.5
      vertex -17 53.8 22.5
    endloop
  endfacet
  facet normal -0.857733 -0.514096 0
    outer loop
      vertex -31.6771 18.7071 72
      vertex -31.7528 18.8334 77
      vertex -31.7528 18.8334 72
    endloop
  endfacet
  facet normal -0.857733 -0.514096 0
    outer loop
      vertex -31.7528 18.8334 77
      vertex -31.6771 18.7071 72
      vertex -31.6771 18.7071 77
    endloop
  endfacet
  facet normal -0.336939 -0.941527 0
    outer loop
      vertex -32.5646 19.4354 72
      vertex -32.426 19.3858 77
      vertex -32.5646 19.4354 77
    endloop
  endfacet
  facet normal -0.336939 -0.941527 -0
    outer loop
      vertex -32.426 19.3858 77
      vertex -32.5646 19.4354 72
      vertex -32.426 19.3858 72
    endloop
  endfacet
  facet normal 0.336939 -0.941527 0
    outer loop
      vertex -33.574 19.3858 72
      vertex -33.4354 19.4354 77
      vertex -33.574 19.3858 77
    endloop
  endfacet
  facet normal 0.336939 -0.941527 0
    outer loop
      vertex -33.4354 19.4354 77
      vertex -33.574 19.3858 72
      vertex -33.4354 19.4354 72
    endloop
  endfacet
  facet normal 0.904125 -0.427269 0
    outer loop
      vertex -34.3858 18.574 77
      vertex -34.3229 18.7071 72
      vertex -34.3229 18.7071 77
    endloop
  endfacet
  facet normal 0.904125 -0.427269 0
    outer loop
      vertex -34.3229 18.7071 72
      vertex -34.3858 18.574 77
      vertex -34.3858 18.574 72
    endloop
  endfacet
  facet normal -0.427269 0.904125 0
    outer loop
      vertex -32.2929 16.6771 72
      vertex -32.426 16.6142 77
      vertex -32.2929 16.6771 77
    endloop
  endfacet
  facet normal -0.427269 0.904125 0
    outer loop
      vertex -32.426 16.6142 77
      vertex -32.2929 16.6771 72
      vertex -32.426 16.6142 72
    endloop
  endfacet
  facet normal -0.0489209 -0.998803 0
    outer loop
      vertex -33 19.5 72
      vertex -32.853 19.4928 77
      vertex -33 19.5 77
    endloop
  endfacet
  facet normal -0.0489209 -0.998803 -0
    outer loop
      vertex -32.853 19.4928 77
      vertex -33 19.5 72
      vertex -32.853 19.4928 72
    endloop
  endfacet
  facet normal -0.146746 -0.989174 0
    outer loop
      vertex -32.853 19.4928 72
      vertex -32.7074 19.4712 77
      vertex -32.853 19.4928 77
    endloop
  endfacet
  facet normal -0.146746 -0.989174 -0
    outer loop
      vertex -32.7074 19.4712 77
      vertex -32.853 19.4928 72
      vertex -32.7074 19.4712 72
    endloop
  endfacet
  facet normal 0.595861 -0.803088 0
    outer loop
      vertex -33.9516 19.1595 72
      vertex -33.8334 19.2472 77
      vertex -33.9516 19.1595 77
    endloop
  endfacet
  facet normal 0.595861 -0.803088 0
    outer loop
      vertex -33.8334 19.2472 77
      vertex -33.9516 19.1595 72
      vertex -33.8334 19.2472 72
    endloop
  endfacet
  facet normal -0.969982 0.243175 0
    outer loop
      vertex -31.5646 17.5646 72
      vertex -31.5288 17.7074 77
      vertex -31.5288 17.7074 72
    endloop
  endfacet
  facet normal -0.969982 0.243175 0
    outer loop
      vertex -31.5288 17.7074 77
      vertex -31.5646 17.5646 72
      vertex -31.5646 17.5646 77
    endloop
  endfacet
  facet normal -0.336939 0.941527 0
    outer loop
      vertex -32.426 16.6142 72
      vertex -32.5646 16.5646 77
      vertex -32.426 16.6142 77
    endloop
  endfacet
  facet normal -0.336939 0.941527 0
    outer loop
      vertex -32.5646 16.5646 77
      vertex -32.426 16.6142 72
      vertex -32.5646 16.5646 72
    endloop
  endfacet
  facet normal -0.989174 -0.146746 0
    outer loop
      vertex -31.5072 18.147 72
      vertex -31.5288 18.2926 77
      vertex -31.5288 18.2926 72
    endloop
  endfacet
  facet normal -0.989174 -0.146746 0
    outer loop
      vertex -31.5288 18.2926 77
      vertex -31.5072 18.147 72
      vertex -31.5072 18.147 77
    endloop
  endfacet
  facet normal -0.803088 -0.595861 0
    outer loop
      vertex -31.7528 18.8334 72
      vertex -31.8405 18.9516 77
      vertex -31.8405 18.9516 72
    endloop
  endfacet
  facet normal -0.803088 -0.595861 0
    outer loop
      vertex -31.8405 18.9516 77
      vertex -31.7528 18.8334 72
      vertex -31.7528 18.8334 77
    endloop
  endfacet
  facet normal -0.671251 -0.74123 0
    outer loop
      vertex -32.0484 19.1595 72
      vertex -31.9393 19.0607 77
      vertex -32.0484 19.1595 77
    endloop
  endfacet
  facet normal -0.671251 -0.74123 -0
    outer loop
      vertex -31.9393 19.0607 77
      vertex -32.0484 19.1595 72
      vertex -31.9393 19.0607 72
    endloop
  endfacet
  facet normal -0.74123 -0.671251 0
    outer loop
      vertex -31.8405 18.9516 72
      vertex -31.9393 19.0607 77
      vertex -31.9393 19.0607 72
    endloop
  endfacet
  facet normal -0.74123 -0.671251 0
    outer loop
      vertex -31.9393 19.0607 77
      vertex -31.8405 18.9516 72
      vertex -31.8405 18.9516 77
    endloop
  endfacet
  facet normal -0.595861 -0.803088 0
    outer loop
      vertex -32.1666 19.2472 72
      vertex -32.0484 19.1595 77
      vertex -32.1666 19.2472 77
    endloop
  endfacet
  facet normal -0.595861 -0.803088 -0
    outer loop
      vertex -32.0484 19.1595 77
      vertex -32.1666 19.2472 72
      vertex -32.0484 19.1595 72
    endloop
  endfacet
  facet normal -0.427269 -0.904125 0
    outer loop
      vertex -32.426 19.3858 72
      vertex -32.2929 19.3229 77
      vertex -32.426 19.3858 77
    endloop
  endfacet
  facet normal -0.427269 -0.904125 -0
    outer loop
      vertex -32.2929 19.3229 77
      vertex -32.426 19.3858 72
      vertex -32.2929 19.3229 72
    endloop
  endfacet
  facet normal -0.514096 -0.857733 0
    outer loop
      vertex -32.2929 19.3229 72
      vertex -32.1666 19.2472 77
      vertex -32.2929 19.3229 77
    endloop
  endfacet
  facet normal -0.514096 -0.857733 -0
    outer loop
      vertex -32.1666 19.2472 77
      vertex -32.2929 19.3229 72
      vertex -32.1666 19.2472 72
    endloop
  endfacet
  facet normal 0.998803 -0.0489209 0
    outer loop
      vertex -34.5 18 77
      vertex -34.4928 18.147 72
      vertex -34.4928 18.147 77
    endloop
  endfacet
  facet normal 0.998803 -0.0489209 0
    outer loop
      vertex -34.4928 18.147 72
      vertex -34.5 18 77
      vertex -34.5 18 72
    endloop
  endfacet
  facet normal 0.941527 -0.336939 0
    outer loop
      vertex -34.4354 18.4354 77
      vertex -34.3858 18.574 72
      vertex -34.3858 18.574 77
    endloop
  endfacet
  facet normal 0.941527 -0.336939 0
    outer loop
      vertex -34.3858 18.574 72
      vertex -34.4354 18.4354 77
      vertex -34.4354 18.4354 72
    endloop
  endfacet
  facet normal 0.969982 -0.243175 0
    outer loop
      vertex -34.4712 18.2926 77
      vertex -34.4354 18.4354 72
      vertex -34.4354 18.4354 77
    endloop
  endfacet
  facet normal 0.969982 -0.243175 0
    outer loop
      vertex -34.4354 18.4354 72
      vertex -34.4712 18.2926 77
      vertex -34.4712 18.2926 72
    endloop
  endfacet
  facet normal 0.74123 -0.671251 0
    outer loop
      vertex -34.1595 18.9516 77
      vertex -34.0607 19.0607 72
      vertex -34.0607 19.0607 77
    endloop
  endfacet
  facet normal 0.74123 -0.671251 0
    outer loop
      vertex -34.0607 19.0607 72
      vertex -34.1595 18.9516 77
      vertex -34.1595 18.9516 72
    endloop
  endfacet
  facet normal 0.857733 -0.514096 0
    outer loop
      vertex -34.3229 18.7071 77
      vertex -34.2472 18.8334 72
      vertex -34.2472 18.8334 77
    endloop
  endfacet
  facet normal 0.857733 -0.514096 0
    outer loop
      vertex -34.2472 18.8334 72
      vertex -34.3229 18.7071 77
      vertex -34.3229 18.7071 72
    endloop
  endfacet
  facet normal 0.803088 -0.595861 0
    outer loop
      vertex -34.2472 18.8334 77
      vertex -34.1595 18.9516 72
      vertex -34.1595 18.9516 77
    endloop
  endfacet
  facet normal 0.803088 -0.595861 0
    outer loop
      vertex -34.1595 18.9516 72
      vertex -34.2472 18.8334 77
      vertex -34.2472 18.8334 72
    endloop
  endfacet
  facet normal 0.0489209 -0.998803 0
    outer loop
      vertex -33.147 19.4928 72
      vertex -33 19.5 77
      vertex -33.147 19.4928 77
    endloop
  endfacet
  facet normal 0.0489209 -0.998803 0
    outer loop
      vertex -33 19.5 77
      vertex -33.147 19.4928 72
      vertex -33 19.5 72
    endloop
  endfacet
  facet normal 0.146746 -0.989174 0
    outer loop
      vertex -33.2926 19.4712 72
      vertex -33.147 19.4928 77
      vertex -33.2926 19.4712 77
    endloop
  endfacet
  facet normal 0.146746 -0.989174 0
    outer loop
      vertex -33.147 19.4928 77
      vertex -33.2926 19.4712 72
      vertex -33.147 19.4928 72
    endloop
  endfacet
  facet normal 0.427269 -0.904125 0
    outer loop
      vertex -33.7071 19.3229 72
      vertex -33.574 19.3858 77
      vertex -33.7071 19.3229 77
    endloop
  endfacet
  facet normal 0.427269 -0.904125 0
    outer loop
      vertex -33.574 19.3858 77
      vertex -33.7071 19.3229 72
      vertex -33.574 19.3858 72
    endloop
  endfacet
  facet normal 0.514096 -0.857733 0
    outer loop
      vertex -33.8334 19.2472 72
      vertex -33.7071 19.3229 77
      vertex -33.8334 19.2472 77
    endloop
  endfacet
  facet normal 0.514096 -0.857733 0
    outer loop
      vertex -33.7071 19.3229 77
      vertex -33.8334 19.2472 72
      vertex -33.7071 19.3229 72
    endloop
  endfacet
  facet normal 0.671251 -0.74123 0
    outer loop
      vertex -34.0607 19.0607 72
      vertex -33.9516 19.1595 77
      vertex -34.0607 19.0607 77
    endloop
  endfacet
  facet normal 0.671251 -0.74123 0
    outer loop
      vertex -33.9516 19.1595 77
      vertex -34.0607 19.0607 72
      vertex -33.9516 19.1595 72
    endloop
  endfacet
  facet normal -0.998803 -0.0489209 0
    outer loop
      vertex -31.5 18 72
      vertex -31.5072 18.147 77
      vertex -31.5072 18.147 72
    endloop
  endfacet
  facet normal -0.998803 -0.0489209 0
    outer loop
      vertex -31.5072 18.147 77
      vertex -31.5 18 72
      vertex -31.5 18 77
    endloop
  endfacet
  facet normal -0.146746 0.989174 0
    outer loop
      vertex -32.7074 16.5288 72
      vertex -32.853 16.5072 77
      vertex -32.7074 16.5288 77
    endloop
  endfacet
  facet normal -0.146746 0.989174 0
    outer loop
      vertex -32.853 16.5072 77
      vertex -32.7074 16.5288 72
      vertex -32.853 16.5072 72
    endloop
  endfacet
  facet normal -0.904125 -0.427269 0
    outer loop
      vertex -31.6142 18.574 72
      vertex -31.6771 18.7071 77
      vertex -31.6771 18.7071 72
    endloop
  endfacet
  facet normal -0.904125 -0.427269 0
    outer loop
      vertex -31.6771 18.7071 77
      vertex -31.6142 18.574 72
      vertex -31.6142 18.574 77
    endloop
  endfacet
  facet normal -0.941527 -0.336939 0
    outer loop
      vertex -31.5646 18.4354 72
      vertex -31.6142 18.574 77
      vertex -31.6142 18.574 72
    endloop
  endfacet
  facet normal -0.941527 -0.336939 0
    outer loop
      vertex -31.6142 18.574 77
      vertex -31.5646 18.4354 72
      vertex -31.5646 18.4354 77
    endloop
  endfacet
  facet normal -0.969982 -0.243175 0
    outer loop
      vertex -31.5288 18.2926 72
      vertex -31.5646 18.4354 77
      vertex -31.5646 18.4354 72
    endloop
  endfacet
  facet normal -0.969982 -0.243175 0
    outer loop
      vertex -31.5646 18.4354 77
      vertex -31.5288 18.2926 72
      vertex -31.5288 18.2926 77
    endloop
  endfacet
  facet normal -0.243175 -0.969982 0
    outer loop
      vertex -32.7074 19.4712 72
      vertex -32.5646 19.4354 77
      vertex -32.7074 19.4712 77
    endloop
  endfacet
  facet normal -0.243175 -0.969982 -0
    outer loop
      vertex -32.5646 19.4354 77
      vertex -32.7074 19.4712 72
      vertex -32.5646 19.4354 72
    endloop
  endfacet
  facet normal 0.989174 -0.146746 0
    outer loop
      vertex -34.4928 18.147 77
      vertex -34.4712 18.2926 72
      vertex -34.4712 18.2926 77
    endloop
  endfacet
  facet normal 0.989174 -0.146746 0
    outer loop
      vertex -34.4712 18.2926 72
      vertex -34.4928 18.147 77
      vertex -34.4928 18.147 72
    endloop
  endfacet
  facet normal 0.243175 -0.969982 0
    outer loop
      vertex -33.4354 19.4354 72
      vertex -33.2926 19.4712 77
      vertex -33.4354 19.4354 77
    endloop
  endfacet
  facet normal 0.243175 -0.969982 0
    outer loop
      vertex -33.2926 19.4712 77
      vertex -33.4354 19.4354 72
      vertex -33.2926 19.4712 72
    endloop
  endfacet
  facet normal -0.989174 0.146746 0
    outer loop
      vertex -31.5288 17.7074 72
      vertex -31.5072 17.853 77
      vertex -31.5072 17.853 72
    endloop
  endfacet
  facet normal -0.989174 0.146746 0
    outer loop
      vertex -31.5072 17.853 77
      vertex -31.5288 17.7074 72
      vertex -31.5288 17.7074 77
    endloop
  endfacet
  facet normal -0.998803 0.0489209 0
    outer loop
      vertex -31.5072 17.853 72
      vertex -31.5 18 77
      vertex -31.5 18 72
    endloop
  endfacet
  facet normal -0.998803 0.0489209 0
    outer loop
      vertex -31.5 18 77
      vertex -31.5072 17.853 72
      vertex -31.5072 17.853 77
    endloop
  endfacet
  facet normal -0.941527 0.336939 0
    outer loop
      vertex -31.6142 17.426 72
      vertex -31.5646 17.5646 77
      vertex -31.5646 17.5646 72
    endloop
  endfacet
  facet normal -0.941527 0.336939 0
    outer loop
      vertex -31.5646 17.5646 77
      vertex -31.6142 17.426 72
      vertex -31.6142 17.426 77
    endloop
  endfacet
  facet normal -0.671251 0.74123 0
    outer loop
      vertex -31.9393 16.9393 72
      vertex -32.0484 16.8405 77
      vertex -31.9393 16.9393 77
    endloop
  endfacet
  facet normal -0.671251 0.74123 0
    outer loop
      vertex -32.0484 16.8405 77
      vertex -31.9393 16.9393 72
      vertex -32.0484 16.8405 72
    endloop
  endfacet
  facet normal -0.904125 0.427269 0
    outer loop
      vertex -31.6771 17.2929 72
      vertex -31.6142 17.426 77
      vertex -31.6142 17.426 72
    endloop
  endfacet
  facet normal -0.904125 0.427269 0
    outer loop
      vertex -31.6142 17.426 77
      vertex -31.6771 17.2929 72
      vertex -31.6771 17.2929 77
    endloop
  endfacet
  facet normal -0.803088 0.595861 0
    outer loop
      vertex -31.8405 17.0484 72
      vertex -31.7528 17.1666 77
      vertex -31.7528 17.1666 72
    endloop
  endfacet
  facet normal -0.803088 0.595861 0
    outer loop
      vertex -31.7528 17.1666 77
      vertex -31.8405 17.0484 72
      vertex -31.8405 17.0484 77
    endloop
  endfacet
  facet normal 0.0489209 0.998803 -0
    outer loop
      vertex -33 16.5 72
      vertex -33.147 16.5072 77
      vertex -33 16.5 77
    endloop
  endfacet
  facet normal 0.0489209 0.998803 0
    outer loop
      vertex -33.147 16.5072 77
      vertex -33 16.5 72
      vertex -33.147 16.5072 72
    endloop
  endfacet
  facet normal 0.998803 0.0489209 0
    outer loop
      vertex -34.4928 17.853 77
      vertex -34.5 18 72
      vertex -34.5 18 77
    endloop
  endfacet
  facet normal 0.998803 0.0489209 0
    outer loop
      vertex -34.5 18 72
      vertex -34.4928 17.853 77
      vertex -34.4928 17.853 72
    endloop
  endfacet
  facet normal 0.904125 0.427269 0
    outer loop
      vertex -34.3229 17.2929 77
      vertex -34.3858 17.426 72
      vertex -34.3858 17.426 77
    endloop
  endfacet
  facet normal 0.904125 0.427269 0
    outer loop
      vertex -34.3858 17.426 72
      vertex -34.3229 17.2929 77
      vertex -34.3229 17.2929 72
    endloop
  endfacet
  facet normal 0.74123 0.671251 0
    outer loop
      vertex -34.0607 16.9393 77
      vertex -34.1595 17.0484 72
      vertex -34.1595 17.0484 77
    endloop
  endfacet
  facet normal 0.74123 0.671251 0
    outer loop
      vertex -34.1595 17.0484 72
      vertex -34.0607 16.9393 77
      vertex -34.0607 16.9393 72
    endloop
  endfacet
  facet normal -0.514096 0.857733 0
    outer loop
      vertex -32.1666 16.7528 72
      vertex -32.2929 16.6771 77
      vertex -32.1666 16.7528 77
    endloop
  endfacet
  facet normal -0.514096 0.857733 0
    outer loop
      vertex -32.2929 16.6771 77
      vertex -32.1666 16.7528 72
      vertex -32.2929 16.6771 72
    endloop
  endfacet
  facet normal -0.857733 0.514096 0
    outer loop
      vertex -31.7528 17.1666 72
      vertex -31.6771 17.2929 77
      vertex -31.6771 17.2929 72
    endloop
  endfacet
  facet normal -0.857733 0.514096 0
    outer loop
      vertex -31.6771 17.2929 77
      vertex -31.7528 17.1666 72
      vertex -31.7528 17.1666 77
    endloop
  endfacet
  facet normal 0.595861 0.803088 -0
    outer loop
      vertex -33.8334 16.7528 72
      vertex -33.9516 16.8405 77
      vertex -33.8334 16.7528 77
    endloop
  endfacet
  facet normal 0.595861 0.803088 0
    outer loop
      vertex -33.9516 16.8405 77
      vertex -33.8334 16.7528 72
      vertex -33.9516 16.8405 72
    endloop
  endfacet
  facet normal -0.0489209 0.998803 0
    outer loop
      vertex -32.853 16.5072 72
      vertex -33 16.5 77
      vertex -32.853 16.5072 77
    endloop
  endfacet
  facet normal -0.0489209 0.998803 0
    outer loop
      vertex -33 16.5 77
      vertex -32.853 16.5072 72
      vertex -33 16.5 72
    endloop
  endfacet
  facet normal 0.969982 0.243175 0
    outer loop
      vertex -34.4354 17.5646 77
      vertex -34.4712 17.7074 72
      vertex -34.4712 17.7074 77
    endloop
  endfacet
  facet normal 0.969982 0.243175 0
    outer loop
      vertex -34.4712 17.7074 72
      vertex -34.4354 17.5646 77
      vertex -34.4354 17.5646 72
    endloop
  endfacet
  facet normal 0.941527 0.336939 0
    outer loop
      vertex -34.3858 17.426 77
      vertex -34.4354 17.5646 72
      vertex -34.4354 17.5646 77
    endloop
  endfacet
  facet normal 0.941527 0.336939 0
    outer loop
      vertex -34.4354 17.5646 72
      vertex -34.3858 17.426 77
      vertex -34.3858 17.426 72
    endloop
  endfacet
  facet normal 0.671251 0.74123 -0
    outer loop
      vertex -33.9516 16.8405 72
      vertex -34.0607 16.9393 77
      vertex -33.9516 16.8405 77
    endloop
  endfacet
  facet normal 0.671251 0.74123 0
    outer loop
      vertex -34.0607 16.9393 77
      vertex -33.9516 16.8405 72
      vertex -34.0607 16.9393 72
    endloop
  endfacet
  facet normal 0.857733 0.514096 0
    outer loop
      vertex -34.2472 17.1666 77
      vertex -34.3229 17.2929 72
      vertex -34.3229 17.2929 77
    endloop
  endfacet
  facet normal 0.857733 0.514096 0
    outer loop
      vertex -34.3229 17.2929 72
      vertex -34.2472 17.1666 77
      vertex -34.2472 17.1666 72
    endloop
  endfacet
  facet normal -0.243175 0.969982 0
    outer loop
      vertex -32.5646 16.5646 72
      vertex -32.7074 16.5288 77
      vertex -32.5646 16.5646 77
    endloop
  endfacet
  facet normal -0.243175 0.969982 0
    outer loop
      vertex -32.7074 16.5288 77
      vertex -32.5646 16.5646 72
      vertex -32.7074 16.5288 72
    endloop
  endfacet
  facet normal -0.595861 0.803088 0
    outer loop
      vertex -32.0484 16.8405 72
      vertex -32.1666 16.7528 77
      vertex -32.0484 16.8405 77
    endloop
  endfacet
  facet normal -0.595861 0.803088 0
    outer loop
      vertex -32.1666 16.7528 77
      vertex -32.0484 16.8405 72
      vertex -32.1666 16.7528 72
    endloop
  endfacet
  facet normal -0.74123 0.671251 0
    outer loop
      vertex -31.9393 16.9393 72
      vertex -31.8405 17.0484 77
      vertex -31.8405 17.0484 72
    endloop
  endfacet
  facet normal -0.74123 0.671251 0
    outer loop
      vertex -31.8405 17.0484 77
      vertex -31.9393 16.9393 72
      vertex -31.9393 16.9393 77
    endloop
  endfacet
  facet normal 0.243175 0.969982 -0
    outer loop
      vertex -33.2926 16.5288 72
      vertex -33.4354 16.5646 77
      vertex -33.2926 16.5288 77
    endloop
  endfacet
  facet normal 0.243175 0.969982 0
    outer loop
      vertex -33.4354 16.5646 77
      vertex -33.2926 16.5288 72
      vertex -33.4354 16.5646 72
    endloop
  endfacet
  facet normal 0.427269 0.904125 -0
    outer loop
      vertex -33.574 16.6142 72
      vertex -33.7071 16.6771 77
      vertex -33.574 16.6142 77
    endloop
  endfacet
  facet normal 0.427269 0.904125 0
    outer loop
      vertex -33.7071 16.6771 77
      vertex -33.574 16.6142 72
      vertex -33.7071 16.6771 72
    endloop
  endfacet
  facet normal 0.336939 0.941527 -0
    outer loop
      vertex -33.4354 16.5646 72
      vertex -33.574 16.6142 77
      vertex -33.4354 16.5646 77
    endloop
  endfacet
  facet normal 0.336939 0.941527 0
    outer loop
      vertex -33.574 16.6142 77
      vertex -33.4354 16.5646 72
      vertex -33.574 16.6142 72
    endloop
  endfacet
  facet normal 0.514096 0.857733 -0
    outer loop
      vertex -33.7071 16.6771 72
      vertex -33.8334 16.7528 77
      vertex -33.7071 16.6771 77
    endloop
  endfacet
  facet normal 0.514096 0.857733 0
    outer loop
      vertex -33.8334 16.7528 77
      vertex -33.7071 16.6771 72
      vertex -33.8334 16.7528 72
    endloop
  endfacet
  facet normal 0.989174 0.146746 0
    outer loop
      vertex -34.4712 17.7074 77
      vertex -34.4928 17.853 72
      vertex -34.4928 17.853 77
    endloop
  endfacet
  facet normal 0.989174 0.146746 0
    outer loop
      vertex -34.4928 17.853 72
      vertex -34.4712 17.7074 77
      vertex -34.4712 17.7074 72
    endloop
  endfacet
  facet normal 0.803088 0.595861 0
    outer loop
      vertex -34.1595 17.0484 77
      vertex -34.2472 17.1666 72
      vertex -34.2472 17.1666 77
    endloop
  endfacet
  facet normal 0.803088 0.595861 0
    outer loop
      vertex -34.2472 17.1666 72
      vertex -34.1595 17.0484 77
      vertex -34.1595 17.0484 72
    endloop
  endfacet
  facet normal 0.146746 0.989174 -0
    outer loop
      vertex -33.147 16.5072 72
      vertex -33.2926 16.5288 77
      vertex -33.147 16.5072 77
    endloop
  endfacet
  facet normal 0.146746 0.989174 0
    outer loop
      vertex -33.2926 16.5288 77
      vertex -33.147 16.5072 72
      vertex -33.2926 16.5288 72
    endloop
  endfacet
  facet normal -0.969982 -0.243175 0
    outer loop
      vertex 34.4712 18.2926 72
      vertex 34.4354 18.4354 77
      vertex 34.4354 18.4354 72
    endloop
  endfacet
  facet normal -0.969982 -0.243175 0
    outer loop
      vertex 34.4354 18.4354 77
      vertex 34.4712 18.2926 72
      vertex 34.4712 18.2926 77
    endloop
  endfacet
  facet normal -0.998803 -0.0489209 0
    outer loop
      vertex 34.5 18 72
      vertex 34.4928 18.147 77
      vertex 34.4928 18.147 72
    endloop
  endfacet
  facet normal -0.998803 -0.0489209 0
    outer loop
      vertex 34.4928 18.147 77
      vertex 34.5 18 72
      vertex 34.5 18 77
    endloop
  endfacet
  facet normal 0.0489209 -0.998803 0
    outer loop
      vertex 32.853 19.4928 72
      vertex 33 19.5 77
      vertex 32.853 19.4928 77
    endloop
  endfacet
  facet normal 0.0489209 -0.998803 0
    outer loop
      vertex 33 19.5 77
      vertex 32.853 19.4928 72
      vertex 33 19.5 72
    endloop
  endfacet
  facet normal -0.671251 -0.74123 0
    outer loop
      vertex 33.9516 19.1595 72
      vertex 34.0607 19.0607 77
      vertex 33.9516 19.1595 77
    endloop
  endfacet
  facet normal -0.671251 -0.74123 -0
    outer loop
      vertex 34.0607 19.0607 77
      vertex 33.9516 19.1595 72
      vertex 34.0607 19.0607 72
    endloop
  endfacet
  facet normal 0.74123 -0.671251 0
    outer loop
      vertex 31.8405 18.9516 77
      vertex 31.9393 19.0607 72
      vertex 31.9393 19.0607 77
    endloop
  endfacet
  facet normal 0.74123 -0.671251 0
    outer loop
      vertex 31.9393 19.0607 72
      vertex 31.8405 18.9516 77
      vertex 31.8405 18.9516 72
    endloop
  endfacet
  facet normal 0.427269 -0.904125 0
    outer loop
      vertex 32.2929 19.3229 72
      vertex 32.426 19.3858 77
      vertex 32.2929 19.3229 77
    endloop
  endfacet
  facet normal 0.427269 -0.904125 0
    outer loop
      vertex 32.426 19.3858 77
      vertex 32.2929 19.3229 72
      vertex 32.426 19.3858 72
    endloop
  endfacet
  facet normal 0.671251 0.74123 -0
    outer loop
      vertex 32.0484 16.8405 72
      vertex 31.9393 16.9393 77
      vertex 32.0484 16.8405 77
    endloop
  endfacet
  facet normal 0.671251 0.74123 0
    outer loop
      vertex 31.9393 16.9393 77
      vertex 32.0484 16.8405 72
      vertex 31.9393 16.9393 72
    endloop
  endfacet
  facet normal -0.941527 -0.336939 0
    outer loop
      vertex 34.4354 18.4354 72
      vertex 34.3858 18.574 77
      vertex 34.3858 18.574 72
    endloop
  endfacet
  facet normal -0.941527 -0.336939 0
    outer loop
      vertex 34.3858 18.574 77
      vertex 34.4354 18.4354 72
      vertex 34.4354 18.4354 77
    endloop
  endfacet
  facet normal -0.336939 -0.941527 0
    outer loop
      vertex 33.4354 19.4354 72
      vertex 33.574 19.3858 77
      vertex 33.4354 19.4354 77
    endloop
  endfacet
  facet normal -0.336939 -0.941527 -0
    outer loop
      vertex 33.574 19.3858 77
      vertex 33.4354 19.4354 72
      vertex 33.574 19.3858 72
    endloop
  endfacet
  facet normal 0.904125 -0.427269 0
    outer loop
      vertex 31.6142 18.574 77
      vertex 31.6771 18.7071 72
      vertex 31.6771 18.7071 77
    endloop
  endfacet
  facet normal 0.904125 -0.427269 0
    outer loop
      vertex 31.6771 18.7071 72
      vertex 31.6142 18.574 77
      vertex 31.6142 18.574 72
    endloop
  endfacet
  facet normal 0.857733 -0.514096 0
    outer loop
      vertex 31.6771 18.7071 77
      vertex 31.7528 18.8334 72
      vertex 31.7528 18.8334 77
    endloop
  endfacet
  facet normal 0.857733 -0.514096 0
    outer loop
      vertex 31.7528 18.8334 72
      vertex 31.6771 18.7071 77
      vertex 31.6771 18.7071 72
    endloop
  endfacet
  facet normal 0.998803 0.0489209 0
    outer loop
      vertex 31.5072 17.853 77
      vertex 31.5 18 72
      vertex 31.5 18 77
    endloop
  endfacet
  facet normal 0.998803 0.0489209 0
    outer loop
      vertex 31.5 18 72
      vertex 31.5072 17.853 77
      vertex 31.5072 17.853 72
    endloop
  endfacet
  facet normal -0.904125 0.427269 0
    outer loop
      vertex 34.3229 17.2929 72
      vertex 34.3858 17.426 77
      vertex 34.3858 17.426 72
    endloop
  endfacet
  facet normal -0.904125 0.427269 0
    outer loop
      vertex 34.3858 17.426 77
      vertex 34.3229 17.2929 72
      vertex 34.3229 17.2929 77
    endloop
  endfacet
  facet normal -0.336939 0.941527 0
    outer loop
      vertex 33.574 16.6142 72
      vertex 33.4354 16.5646 77
      vertex 33.574 16.6142 77
    endloop
  endfacet
  facet normal -0.336939 0.941527 0
    outer loop
      vertex 33.4354 16.5646 77
      vertex 33.574 16.6142 72
      vertex 33.4354 16.5646 72
    endloop
  endfacet
  facet normal -0.74123 0.671251 0
    outer loop
      vertex 34.0607 16.9393 72
      vertex 34.1595 17.0484 77
      vertex 34.1595 17.0484 72
    endloop
  endfacet
  facet normal -0.74123 0.671251 0
    outer loop
      vertex 34.1595 17.0484 77
      vertex 34.0607 16.9393 72
      vertex 34.0607 16.9393 77
    endloop
  endfacet
  facet normal -0.969982 0.243175 0
    outer loop
      vertex 34.4354 17.5646 72
      vertex 34.4712 17.7074 77
      vertex 34.4712 17.7074 72
    endloop
  endfacet
  facet normal -0.969982 0.243175 0
    outer loop
      vertex 34.4712 17.7074 77
      vertex 34.4354 17.5646 72
      vertex 34.4354 17.5646 77
    endloop
  endfacet
  facet normal 0.243175 0.969982 -0
    outer loop
      vertex 32.7074 16.5288 72
      vertex 32.5646 16.5646 77
      vertex 32.7074 16.5288 77
    endloop
  endfacet
  facet normal 0.243175 0.969982 0
    outer loop
      vertex 32.5646 16.5646 77
      vertex 32.7074 16.5288 72
      vertex 32.5646 16.5646 72
    endloop
  endfacet
  facet normal 0.427269 0.904125 -0
    outer loop
      vertex 32.426 16.6142 72
      vertex 32.2929 16.6771 77
      vertex 32.426 16.6142 77
    endloop
  endfacet
  facet normal 0.427269 0.904125 0
    outer loop
      vertex 32.2929 16.6771 77
      vertex 32.426 16.6142 72
      vertex 32.2929 16.6771 72
    endloop
  endfacet
  facet normal 0.941527 0.336939 0
    outer loop
      vertex 31.6142 17.426 77
      vertex 31.5646 17.5646 72
      vertex 31.5646 17.5646 77
    endloop
  endfacet
  facet normal 0.941527 0.336939 0
    outer loop
      vertex 31.5646 17.5646 72
      vertex 31.6142 17.426 77
      vertex 31.6142 17.426 72
    endloop
  endfacet
  facet normal -0.904125 -0.427269 0
    outer loop
      vertex 34.3858 18.574 72
      vertex 34.3229 18.7071 77
      vertex 34.3229 18.7071 72
    endloop
  endfacet
  facet normal -0.904125 -0.427269 0
    outer loop
      vertex 34.3229 18.7071 77
      vertex 34.3858 18.574 72
      vertex 34.3858 18.574 77
    endloop
  endfacet
  facet normal -0.857733 -0.514096 0
    outer loop
      vertex 34.3229 18.7071 72
      vertex 34.2472 18.8334 77
      vertex 34.2472 18.8334 72
    endloop
  endfacet
  facet normal -0.857733 -0.514096 0
    outer loop
      vertex 34.2472 18.8334 77
      vertex 34.3229 18.7071 72
      vertex 34.3229 18.7071 77
    endloop
  endfacet
  facet normal -0.74123 -0.671251 0
    outer loop
      vertex 34.1595 18.9516 72
      vertex 34.0607 19.0607 77
      vertex 34.0607 19.0607 72
    endloop
  endfacet
  facet normal -0.74123 -0.671251 0
    outer loop
      vertex 34.0607 19.0607 77
      vertex 34.1595 18.9516 72
      vertex 34.1595 18.9516 77
    endloop
  endfacet
  facet normal -0.803088 -0.595861 0
    outer loop
      vertex 34.2472 18.8334 72
      vertex 34.1595 18.9516 77
      vertex 34.1595 18.9516 72
    endloop
  endfacet
  facet normal -0.803088 -0.595861 0
    outer loop
      vertex 34.1595 18.9516 77
      vertex 34.2472 18.8334 72
      vertex 34.2472 18.8334 77
    endloop
  endfacet
  facet normal -0.146746 -0.989174 0
    outer loop
      vertex 33.147 19.4928 72
      vertex 33.2926 19.4712 77
      vertex 33.147 19.4928 77
    endloop
  endfacet
  facet normal -0.146746 -0.989174 -0
    outer loop
      vertex 33.2926 19.4712 77
      vertex 33.147 19.4928 72
      vertex 33.2926 19.4712 72
    endloop
  endfacet
  facet normal -0.0489209 -0.998803 0
    outer loop
      vertex 33 19.5 72
      vertex 33.147 19.4928 77
      vertex 33 19.5 77
    endloop
  endfacet
  facet normal -0.0489209 -0.998803 -0
    outer loop
      vertex 33.147 19.4928 77
      vertex 33 19.5 72
      vertex 33.147 19.4928 72
    endloop
  endfacet
  facet normal -0.595861 -0.803088 0
    outer loop
      vertex 33.8334 19.2472 72
      vertex 33.9516 19.1595 77
      vertex 33.8334 19.2472 77
    endloop
  endfacet
  facet normal -0.595861 -0.803088 -0
    outer loop
      vertex 33.9516 19.1595 77
      vertex 33.8334 19.2472 72
      vertex 33.9516 19.1595 72
    endloop
  endfacet
  facet normal -0.514096 -0.857733 0
    outer loop
      vertex 33.7071 19.3229 72
      vertex 33.8334 19.2472 77
      vertex 33.7071 19.3229 77
    endloop
  endfacet
  facet normal -0.514096 -0.857733 -0
    outer loop
      vertex 33.8334 19.2472 77
      vertex 33.7071 19.3229 72
      vertex 33.8334 19.2472 72
    endloop
  endfacet
  facet normal 0.803088 -0.595861 0
    outer loop
      vertex 31.7528 18.8334 77
      vertex 31.8405 18.9516 72
      vertex 31.8405 18.9516 77
    endloop
  endfacet
  facet normal 0.803088 -0.595861 0
    outer loop
      vertex 31.8405 18.9516 72
      vertex 31.7528 18.8334 77
      vertex 31.7528 18.8334 72
    endloop
  endfacet
  facet normal 0.941527 -0.336939 0
    outer loop
      vertex 31.5646 18.4354 77
      vertex 31.6142 18.574 72
      vertex 31.6142 18.574 77
    endloop
  endfacet
  facet normal 0.941527 -0.336939 0
    outer loop
      vertex 31.6142 18.574 72
      vertex 31.5646 18.4354 77
      vertex 31.5646 18.4354 72
    endloop
  endfacet
  facet normal 0.969982 -0.243175 0
    outer loop
      vertex 31.5288 18.2926 77
      vertex 31.5646 18.4354 72
      vertex 31.5646 18.4354 77
    endloop
  endfacet
  facet normal 0.969982 -0.243175 0
    outer loop
      vertex 31.5646 18.4354 72
      vertex 31.5288 18.2926 77
      vertex 31.5288 18.2926 72
    endloop
  endfacet
  facet normal 0.989174 -0.146746 0
    outer loop
      vertex 31.5072 18.147 77
      vertex 31.5288 18.2926 72
      vertex 31.5288 18.2926 77
    endloop
  endfacet
  facet normal 0.989174 -0.146746 0
    outer loop
      vertex 31.5288 18.2926 72
      vertex 31.5072 18.147 77
      vertex 31.5072 18.147 72
    endloop
  endfacet
  facet normal 0.998803 -0.0489209 0
    outer loop
      vertex 31.5 18 77
      vertex 31.5072 18.147 72
      vertex 31.5072 18.147 77
    endloop
  endfacet
  facet normal 0.998803 -0.0489209 0
    outer loop
      vertex 31.5072 18.147 72
      vertex 31.5 18 77
      vertex 31.5 18 72
    endloop
  endfacet
  facet normal 0.595861 -0.803088 0
    outer loop
      vertex 32.0484 19.1595 72
      vertex 32.1666 19.2472 77
      vertex 32.0484 19.1595 77
    endloop
  endfacet
  facet normal 0.595861 -0.803088 0
    outer loop
      vertex 32.1666 19.2472 77
      vertex 32.0484 19.1595 72
      vertex 32.1666 19.2472 72
    endloop
  endfacet
  facet normal 0.671251 -0.74123 0
    outer loop
      vertex 31.9393 19.0607 72
      vertex 32.0484 19.1595 77
      vertex 31.9393 19.0607 77
    endloop
  endfacet
  facet normal 0.671251 -0.74123 0
    outer loop
      vertex 32.0484 19.1595 77
      vertex 31.9393 19.0607 72
      vertex 32.0484 19.1595 72
    endloop
  endfacet
  facet normal 0.146746 -0.989174 0
    outer loop
      vertex 32.7074 19.4712 72
      vertex 32.853 19.4928 77
      vertex 32.7074 19.4712 77
    endloop
  endfacet
  facet normal 0.146746 -0.989174 0
    outer loop
      vertex 32.853 19.4928 77
      vertex 32.7074 19.4712 72
      vertex 32.853 19.4928 72
    endloop
  endfacet
  facet normal 0.336939 -0.941527 0
    outer loop
      vertex 32.426 19.3858 72
      vertex 32.5646 19.4354 77
      vertex 32.426 19.3858 77
    endloop
  endfacet
  facet normal 0.336939 -0.941527 0
    outer loop
      vertex 32.5646 19.4354 77
      vertex 32.426 19.3858 72
      vertex 32.5646 19.4354 72
    endloop
  endfacet
  facet normal 0.243175 -0.969982 0
    outer loop
      vertex 32.5646 19.4354 72
      vertex 32.7074 19.4712 77
      vertex 32.5646 19.4354 77
    endloop
  endfacet
  facet normal 0.243175 -0.969982 0
    outer loop
      vertex 32.7074 19.4712 77
      vertex 32.5646 19.4354 72
      vertex 32.7074 19.4712 72
    endloop
  endfacet
  facet normal -0.146746 0.989174 0
    outer loop
      vertex 33.2926 16.5288 72
      vertex 33.147 16.5072 77
      vertex 33.2926 16.5288 77
    endloop
  endfacet
  facet normal -0.146746 0.989174 0
    outer loop
      vertex 33.147 16.5072 77
      vertex 33.2926 16.5288 72
      vertex 33.147 16.5072 72
    endloop
  endfacet
  facet normal -0.243175 0.969982 0
    outer loop
      vertex 33.4354 16.5646 72
      vertex 33.2926 16.5288 77
      vertex 33.4354 16.5646 77
    endloop
  endfacet
  facet normal -0.243175 0.969982 0
    outer loop
      vertex 33.2926 16.5288 77
      vertex 33.4354 16.5646 72
      vertex 33.2926 16.5288 72
    endloop
  endfacet
  facet normal -0.514096 0.857733 0
    outer loop
      vertex 33.8334 16.7528 72
      vertex 33.7071 16.6771 77
      vertex 33.8334 16.7528 77
    endloop
  endfacet
  facet normal -0.514096 0.857733 0
    outer loop
      vertex 33.7071 16.6771 77
      vertex 33.8334 16.7528 72
      vertex 33.7071 16.6771 72
    endloop
  endfacet
  facet normal -0.671251 0.74123 0
    outer loop
      vertex 34.0607 16.9393 72
      vertex 33.9516 16.8405 77
      vertex 34.0607 16.9393 77
    endloop
  endfacet
  facet normal -0.671251 0.74123 0
    outer loop
      vertex 33.9516 16.8405 77
      vertex 34.0607 16.9393 72
      vertex 33.9516 16.8405 72
    endloop
  endfacet
  facet normal -0.595861 0.803088 0
    outer loop
      vertex 33.9516 16.8405 72
      vertex 33.8334 16.7528 77
      vertex 33.9516 16.8405 77
    endloop
  endfacet
  facet normal -0.595861 0.803088 0
    outer loop
      vertex 33.8334 16.7528 77
      vertex 33.9516 16.8405 72
      vertex 33.8334 16.7528 72
    endloop
  endfacet
  facet normal -0.803088 0.595861 0
    outer loop
      vertex 34.1595 17.0484 72
      vertex 34.2472 17.1666 77
      vertex 34.2472 17.1666 72
    endloop
  endfacet
  facet normal -0.803088 0.595861 0
    outer loop
      vertex 34.2472 17.1666 77
      vertex 34.1595 17.0484 72
      vertex 34.1595 17.0484 77
    endloop
  endfacet
  facet normal -0.857733 0.514096 0
    outer loop
      vertex 34.2472 17.1666 72
      vertex 34.3229 17.2929 77
      vertex 34.3229 17.2929 72
    endloop
  endfacet
  facet normal -0.857733 0.514096 0
    outer loop
      vertex 34.3229 17.2929 77
      vertex 34.2472 17.1666 72
      vertex 34.2472 17.1666 77
    endloop
  endfacet
  facet normal 0.0489209 0.998803 -0
    outer loop
      vertex 33 16.5 72
      vertex 32.853 16.5072 77
      vertex 33 16.5 77
    endloop
  endfacet
  facet normal 0.0489209 0.998803 0
    outer loop
      vertex 32.853 16.5072 77
      vertex 33 16.5 72
      vertex 32.853 16.5072 72
    endloop
  endfacet
  facet normal 0.595861 0.803088 -0
    outer loop
      vertex 32.1666 16.7528 72
      vertex 32.0484 16.8405 77
      vertex 32.1666 16.7528 77
    endloop
  endfacet
  facet normal 0.595861 0.803088 0
    outer loop
      vertex 32.0484 16.8405 77
      vertex 32.1666 16.7528 72
      vertex 32.0484 16.8405 72
    endloop
  endfacet
  facet normal -0.0489209 0.998803 0
    outer loop
      vertex 33.147 16.5072 72
      vertex 33 16.5 77
      vertex 33.147 16.5072 77
    endloop
  endfacet
  facet normal -0.0489209 0.998803 0
    outer loop
      vertex 33 16.5 77
      vertex 33.147 16.5072 72
      vertex 33 16.5 72
    endloop
  endfacet
  facet normal 0.514096 0.857733 -0
    outer loop
      vertex 32.2929 16.6771 72
      vertex 32.1666 16.7528 77
      vertex 32.2929 16.6771 77
    endloop
  endfacet
  facet normal 0.514096 0.857733 0
    outer loop
      vertex 32.1666 16.7528 77
      vertex 32.2929 16.6771 72
      vertex 32.1666 16.7528 72
    endloop
  endfacet
  facet normal 0.857733 0.514096 0
    outer loop
      vertex 31.7528 17.1666 77
      vertex 31.6771 17.2929 72
      vertex 31.6771 17.2929 77
    endloop
  endfacet
  facet normal 0.857733 0.514096 0
    outer loop
      vertex 31.6771 17.2929 72
      vertex 31.7528 17.1666 77
      vertex 31.7528 17.1666 72
    endloop
  endfacet
  facet normal 0.74123 0.671251 0
    outer loop
      vertex 31.9393 16.9393 77
      vertex 31.8405 17.0484 72
      vertex 31.8405 17.0484 77
    endloop
  endfacet
  facet normal 0.74123 0.671251 0
    outer loop
      vertex 31.8405 17.0484 72
      vertex 31.9393 16.9393 77
      vertex 31.9393 16.9393 72
    endloop
  endfacet
  facet normal 0.989174 0.146746 0
    outer loop
      vertex 31.5288 17.7074 77
      vertex 31.5072 17.853 72
      vertex 31.5072 17.853 77
    endloop
  endfacet
  facet normal 0.989174 0.146746 0
    outer loop
      vertex 31.5072 17.853 72
      vertex 31.5288 17.7074 77
      vertex 31.5288 17.7074 72
    endloop
  endfacet
  facet normal -0.989174 -0.146746 0
    outer loop
      vertex 34.4928 18.147 72
      vertex 34.4712 18.2926 77
      vertex 34.4712 18.2926 72
    endloop
  endfacet
  facet normal -0.989174 -0.146746 0
    outer loop
      vertex 34.4712 18.2926 77
      vertex 34.4928 18.147 72
      vertex 34.4928 18.147 77
    endloop
  endfacet
  facet normal -0.243175 -0.969982 0
    outer loop
      vertex 33.2926 19.4712 72
      vertex 33.4354 19.4354 77
      vertex 33.2926 19.4712 77
    endloop
  endfacet
  facet normal -0.243175 -0.969982 -0
    outer loop
      vertex 33.4354 19.4354 77
      vertex 33.2926 19.4712 72
      vertex 33.4354 19.4354 72
    endloop
  endfacet
  facet normal -0.427269 -0.904125 0
    outer loop
      vertex 33.574 19.3858 72
      vertex 33.7071 19.3229 77
      vertex 33.574 19.3858 77
    endloop
  endfacet
  facet normal -0.427269 -0.904125 -0
    outer loop
      vertex 33.7071 19.3229 77
      vertex 33.574 19.3858 72
      vertex 33.7071 19.3229 72
    endloop
  endfacet
  facet normal 0.514096 -0.857733 0
    outer loop
      vertex 32.1666 19.2472 72
      vertex 32.2929 19.3229 77
      vertex 32.1666 19.2472 77
    endloop
  endfacet
  facet normal 0.514096 -0.857733 0
    outer loop
      vertex 32.2929 19.3229 77
      vertex 32.1666 19.2472 72
      vertex 32.2929 19.3229 72
    endloop
  endfacet
  facet normal -0.427269 0.904125 0
    outer loop
      vertex 33.7071 16.6771 72
      vertex 33.574 16.6142 77
      vertex 33.7071 16.6771 77
    endloop
  endfacet
  facet normal -0.427269 0.904125 0
    outer loop
      vertex 33.574 16.6142 77
      vertex 33.7071 16.6771 72
      vertex 33.574 16.6142 72
    endloop
  endfacet
  facet normal -0.941527 0.336939 0
    outer loop
      vertex 34.3858 17.426 72
      vertex 34.4354 17.5646 77
      vertex 34.4354 17.5646 72
    endloop
  endfacet
  facet normal -0.941527 0.336939 0
    outer loop
      vertex 34.4354 17.5646 77
      vertex 34.3858 17.426 72
      vertex 34.3858 17.426 77
    endloop
  endfacet
  facet normal -0.989174 0.146746 0
    outer loop
      vertex 34.4712 17.7074 72
      vertex 34.4928 17.853 77
      vertex 34.4928 17.853 72
    endloop
  endfacet
  facet normal -0.989174 0.146746 0
    outer loop
      vertex 34.4928 17.853 77
      vertex 34.4712 17.7074 72
      vertex 34.4712 17.7074 77
    endloop
  endfacet
  facet normal -0.998803 0.0489209 0
    outer loop
      vertex 34.4928 17.853 72
      vertex 34.5 18 77
      vertex 34.5 18 72
    endloop
  endfacet
  facet normal -0.998803 0.0489209 0
    outer loop
      vertex 34.5 18 77
      vertex 34.4928 17.853 72
      vertex 34.4928 17.853 77
    endloop
  endfacet
  facet normal 0.146746 0.989174 -0
    outer loop
      vertex 32.853 16.5072 72
      vertex 32.7074 16.5288 77
      vertex 32.853 16.5072 77
    endloop
  endfacet
  facet normal 0.146746 0.989174 0
    outer loop
      vertex 32.7074 16.5288 77
      vertex 32.853 16.5072 72
      vertex 32.7074 16.5288 72
    endloop
  endfacet
  facet normal 0.336939 0.941527 -0
    outer loop
      vertex 32.5646 16.5646 72
      vertex 32.426 16.6142 77
      vertex 32.5646 16.5646 77
    endloop
  endfacet
  facet normal 0.336939 0.941527 0
    outer loop
      vertex 32.426 16.6142 77
      vertex 32.5646 16.5646 72
      vertex 32.426 16.6142 72
    endloop
  endfacet
  facet normal 0.803088 0.595861 0
    outer loop
      vertex 31.8405 17.0484 77
      vertex 31.7528 17.1666 72
      vertex 31.7528 17.1666 77
    endloop
  endfacet
  facet normal 0.803088 0.595861 0
    outer loop
      vertex 31.7528 17.1666 72
      vertex 31.8405 17.0484 77
      vertex 31.8405 17.0484 72
    endloop
  endfacet
  facet normal 0.969982 0.243175 0
    outer loop
      vertex 31.5646 17.5646 77
      vertex 31.5288 17.7074 72
      vertex 31.5288 17.7074 77
    endloop
  endfacet
  facet normal 0.969982 0.243175 0
    outer loop
      vertex 31.5288 17.7074 72
      vertex 31.5646 17.5646 77
      vertex 31.5646 17.5646 72
    endloop
  endfacet
  facet normal 0.904125 0.427269 0
    outer loop
      vertex 31.6771 17.2929 77
      vertex 31.6142 17.426 72
      vertex 31.6142 17.426 77
    endloop
  endfacet
  facet normal 0.904125 0.427269 0
    outer loop
      vertex 31.6142 17.426 72
      vertex 31.6771 17.2929 77
      vertex 31.6771 17.2929 72
    endloop
  endfacet
  facet normal -0.998793 -0.0491143 0
    outer loop
      vertex -28 18 0
      vertex -28.0241 18.4901 3
      vertex -28.0241 18.4901 0
    endloop
  endfacet
  facet normal -0.998793 -0.0491143 0
    outer loop
      vertex -28.0241 18.4901 3
      vertex -28 18 0
      vertex -28 18 3
    endloop
  endfacet
  facet normal 0.998793 -0.0491143 0
    outer loop
      vertex -38 18 3
      vertex -37.9759 18.4901 0
      vertex -37.9759 18.4901 3
    endloop
  endfacet
  facet normal 0.998793 -0.0491143 0
    outer loop
      vertex -37.9759 18.4901 0
      vertex -38 18 3
      vertex -38 18 0
    endloop
  endfacet
  facet normal -0.0491143 -0.998793 0
    outer loop
      vertex -33 23 0
      vertex -32.5099 22.9759 3
      vertex -33 23 3
    endloop
  endfacet
  facet normal -0.0491143 -0.998793 -0
    outer loop
      vertex -32.5099 22.9759 3
      vertex -33 23 0
      vertex -32.5099 22.9759 0
    endloop
  endfacet
  facet normal -0.740806 -0.671719 0
    outer loop
      vertex -29.1349 21.172 0
      vertex -29.4645 21.5355 3
      vertex -29.4645 21.5355 0
    endloop
  endfacet
  facet normal -0.740806 -0.671719 0
    outer loop
      vertex -29.4645 21.5355 3
      vertex -29.1349 21.172 0
      vertex -29.1349 21.172 3
    endloop
  endfacet
  facet normal 0.671719 -0.740806 0
    outer loop
      vertex -36.5355 21.5355 0
      vertex -36.172 21.8651 3
      vertex -36.5355 21.5355 3
    endloop
  endfacet
  facet normal 0.671719 -0.740806 0
    outer loop
      vertex -36.172 21.8651 3
      vertex -36.5355 21.5355 0
      vertex -36.172 21.8651 0
    endloop
  endfacet
  facet normal 0.336879 -0.941548 0
    outer loop
      vertex -34.9134 22.6194 0
      vertex -34.4514 22.7847 3
      vertex -34.9134 22.6194 3
    endloop
  endfacet
  facet normal 0.336879 -0.941548 0
    outer loop
      vertex -34.4514 22.7847 3
      vertex -34.9134 22.6194 0
      vertex -34.4514 22.7847 0
    endloop
  endfacet
  facet normal -0.903995 -0.427543 0
    outer loop
      vertex -28.3806 19.9134 0
      vertex -28.5904 20.357 3
      vertex -28.5904 20.357 0
    endloop
  endfacet
  facet normal -0.903995 -0.427543 0
    outer loop
      vertex -28.5904 20.357 3
      vertex -28.3806 19.9134 0
      vertex -28.3806 19.9134 3
    endloop
  endfacet
  facet normal -0.857709 -0.514136 0
    outer loop
      vertex -28.5904 20.357 0
      vertex -28.8427 20.7779 3
      vertex -28.8427 20.7779 0
    endloop
  endfacet
  facet normal -0.857709 -0.514136 0
    outer loop
      vertex -28.8427 20.7779 3
      vertex -28.5904 20.357 0
      vertex -28.5904 20.357 3
    endloop
  endfacet
  facet normal -0.427543 -0.903995 0
    outer loop
      vertex -31.0866 22.6194 0
      vertex -30.643 22.4096 3
      vertex -31.0866 22.6194 3
    endloop
  endfacet
  facet normal -0.427543 -0.903995 -0
    outer loop
      vertex -30.643 22.4096 3
      vertex -31.0866 22.6194 0
      vertex -30.643 22.4096 0
    endloop
  endfacet
  facet normal 0.857709 -0.514136 0
    outer loop
      vertex -37.4096 20.357 3
      vertex -37.1573 20.7779 0
      vertex -37.1573 20.7779 3
    endloop
  endfacet
  facet normal 0.857709 -0.514136 0
    outer loop
      vertex -37.1573 20.7779 0
      vertex -37.4096 20.357 3
      vertex -37.4096 20.357 0
    endloop
  endfacet
  facet normal 0.80329 -0.595588 0
    outer loop
      vertex -37.1573 20.7779 3
      vertex -36.8651 21.172 0
      vertex -36.8651 21.172 3
    endloop
  endfacet
  facet normal 0.80329 -0.595588 0
    outer loop
      vertex -36.8651 21.172 0
      vertex -37.1573 20.7779 3
      vertex -37.1573 20.7779 0
    endloop
  endfacet
  facet normal 0.0491143 0.998793 -0
    outer loop
      vertex -33 13 0
      vertex -33.4901 13.0241 3
      vertex -33 13 3
    endloop
  endfacet
  facet normal 0.0491143 0.998793 0
    outer loop
      vertex -33.4901 13.0241 3
      vertex -33 13 0
      vertex -33.4901 13.0241 0
    endloop
  endfacet
  facet normal -0.146726 0.989177 0
    outer loop
      vertex -32.0245 13.0961 0
      vertex -32.5099 13.0241 3
      vertex -32.0245 13.0961 3
    endloop
  endfacet
  facet normal -0.146726 0.989177 0
    outer loop
      vertex -32.5099 13.0241 3
      vertex -32.0245 13.0961 0
      vertex -32.5099 13.0241 0
    endloop
  endfacet
  facet normal -0.970034 -0.242967 0
    outer loop
      vertex -28.0961 18.9755 0
      vertex -28.2153 19.4514 3
      vertex -28.2153 19.4514 0
    endloop
  endfacet
  facet normal -0.970034 -0.242967 0
    outer loop
      vertex -28.2153 19.4514 3
      vertex -28.0961 18.9755 0
      vertex -28.0961 18.9755 3
    endloop
  endfacet
  facet normal -0.989177 -0.146726 0
    outer loop
      vertex -28.0241 18.4901 0
      vertex -28.0961 18.9755 3
      vertex -28.0961 18.9755 0
    endloop
  endfacet
  facet normal -0.989177 -0.146726 0
    outer loop
      vertex -28.0961 18.9755 3
      vertex -28.0241 18.4901 0
      vertex -28.0241 18.4901 3
    endloop
  endfacet
  facet normal -0.941548 -0.336879 0
    outer loop
      vertex -28.2153 19.4514 0
      vertex -28.3806 19.9134 3
      vertex -28.3806 19.9134 0
    endloop
  endfacet
  facet normal -0.941548 -0.336879 0
    outer loop
      vertex -28.3806 19.9134 3
      vertex -28.2153 19.4514 0
      vertex -28.2153 19.4514 3
    endloop
  endfacet
  facet normal -0.80329 -0.595588 0
    outer loop
      vertex -28.8427 20.7779 0
      vertex -29.1349 21.172 3
      vertex -29.1349 21.172 0
    endloop
  endfacet
  facet normal -0.80329 -0.595588 0
    outer loop
      vertex -29.1349 21.172 3
      vertex -28.8427 20.7779 0
      vertex -28.8427 20.7779 3
    endloop
  endfacet
  facet normal -0.242967 -0.970034 0
    outer loop
      vertex -32.0245 22.9039 0
      vertex -31.5486 22.7847 3
      vertex -32.0245 22.9039 3
    endloop
  endfacet
  facet normal -0.242967 -0.970034 -0
    outer loop
      vertex -31.5486 22.7847 3
      vertex -32.0245 22.9039 0
      vertex -31.5486 22.7847 0
    endloop
  endfacet
  facet normal -0.146726 -0.989177 0
    outer loop
      vertex -32.5099 22.9759 0
      vertex -32.0245 22.9039 3
      vertex -32.5099 22.9759 3
    endloop
  endfacet
  facet normal -0.146726 -0.989177 -0
    outer loop
      vertex -32.0245 22.9039 3
      vertex -32.5099 22.9759 0
      vertex -32.0245 22.9039 0
    endloop
  endfacet
  facet normal -0.671719 -0.740806 0
    outer loop
      vertex -29.828 21.8651 0
      vertex -29.4645 21.5355 3
      vertex -29.828 21.8651 3
    endloop
  endfacet
  facet normal -0.671719 -0.740806 -0
    outer loop
      vertex -29.4645 21.5355 3
      vertex -29.828 21.8651 0
      vertex -29.4645 21.5355 0
    endloop
  endfacet
  facet normal -0.514136 -0.857709 0
    outer loop
      vertex -30.643 22.4096 0
      vertex -30.2221 22.1573 3
      vertex -30.643 22.4096 3
    endloop
  endfacet
  facet normal -0.514136 -0.857709 -0
    outer loop
      vertex -30.2221 22.1573 3
      vertex -30.643 22.4096 0
      vertex -30.2221 22.1573 0
    endloop
  endfacet
  facet normal -0.595588 -0.80329 0
    outer loop
      vertex -30.2221 22.1573 0
      vertex -29.828 21.8651 3
      vertex -30.2221 22.1573 3
    endloop
  endfacet
  facet normal -0.595588 -0.80329 -0
    outer loop
      vertex -29.828 21.8651 3
      vertex -30.2221 22.1573 0
      vertex -29.828 21.8651 0
    endloop
  endfacet
  facet normal 0.740806 -0.671719 0
    outer loop
      vertex -36.8651 21.172 3
      vertex -36.5355 21.5355 0
      vertex -36.5355 21.5355 3
    endloop
  endfacet
  facet normal 0.740806 -0.671719 0
    outer loop
      vertex -36.5355 21.5355 0
      vertex -36.8651 21.172 3
      vertex -36.8651 21.172 0
    endloop
  endfacet
  facet normal 0.903995 -0.427543 0
    outer loop
      vertex -37.6194 19.9134 3
      vertex -37.4096 20.357 0
      vertex -37.4096 20.357 3
    endloop
  endfacet
  facet normal 0.903995 -0.427543 0
    outer loop
      vertex -37.4096 20.357 0
      vertex -37.6194 19.9134 3
      vertex -37.6194 19.9134 0
    endloop
  endfacet
  facet normal 0.941548 -0.336879 0
    outer loop
      vertex -37.7847 19.4514 3
      vertex -37.6194 19.9134 0
      vertex -37.6194 19.9134 3
    endloop
  endfacet
  facet normal 0.941548 -0.336879 0
    outer loop
      vertex -37.6194 19.9134 0
      vertex -37.7847 19.4514 3
      vertex -37.7847 19.4514 0
    endloop
  endfacet
  facet normal 0.970034 -0.242967 0
    outer loop
      vertex -37.9039 18.9755 3
      vertex -37.7847 19.4514 0
      vertex -37.7847 19.4514 3
    endloop
  endfacet
  facet normal 0.970034 -0.242967 0
    outer loop
      vertex -37.7847 19.4514 0
      vertex -37.9039 18.9755 3
      vertex -37.9039 18.9755 0
    endloop
  endfacet
  facet normal 0.989177 -0.146726 0
    outer loop
      vertex -37.9759 18.4901 3
      vertex -37.9039 18.9755 0
      vertex -37.9039 18.9755 3
    endloop
  endfacet
  facet normal 0.989177 -0.146726 0
    outer loop
      vertex -37.9039 18.9755 0
      vertex -37.9759 18.4901 3
      vertex -37.9759 18.4901 0
    endloop
  endfacet
  facet normal 0.514136 -0.857709 0
    outer loop
      vertex -35.7779 22.1573 0
      vertex -35.357 22.4096 3
      vertex -35.7779 22.1573 3
    endloop
  endfacet
  facet normal 0.514136 -0.857709 0
    outer loop
      vertex -35.357 22.4096 3
      vertex -35.7779 22.1573 0
      vertex -35.357 22.4096 0
    endloop
  endfacet
  facet normal 0.595588 -0.80329 0
    outer loop
      vertex -36.172 21.8651 0
      vertex -35.7779 22.1573 3
      vertex -36.172 21.8651 3
    endloop
  endfacet
  facet normal 0.595588 -0.80329 0
    outer loop
      vertex -35.7779 22.1573 3
      vertex -36.172 21.8651 0
      vertex -35.7779 22.1573 0
    endloop
  endfacet
  facet normal 0.0491143 -0.998793 0
    outer loop
      vertex -33.4901 22.9759 0
      vertex -33 23 3
      vertex -33.4901 22.9759 3
    endloop
  endfacet
  facet normal 0.0491143 -0.998793 0
    outer loop
      vertex -33 23 3
      vertex -33.4901 22.9759 0
      vertex -33 23 0
    endloop
  endfacet
  facet normal 0.242967 -0.970034 0
    outer loop
      vertex -34.4514 22.7847 0
      vertex -33.9755 22.9039 3
      vertex -34.4514 22.7847 3
    endloop
  endfacet
  facet normal 0.242967 -0.970034 0
    outer loop
      vertex -33.9755 22.9039 3
      vertex -34.4514 22.7847 0
      vertex -33.9755 22.9039 0
    endloop
  endfacet
  facet normal 0.146726 -0.989177 0
    outer loop
      vertex -33.9755 22.9039 0
      vertex -33.4901 22.9759 3
      vertex -33.9755 22.9039 3
    endloop
  endfacet
  facet normal 0.146726 -0.989177 0
    outer loop
      vertex -33.4901 22.9759 3
      vertex -33.9755 22.9039 0
      vertex -33.4901 22.9759 0
    endloop
  endfacet
  facet normal 0.970034 0.242967 0
    outer loop
      vertex -37.7847 16.5486 3
      vertex -37.9039 17.0245 0
      vertex -37.9039 17.0245 3
    endloop
  endfacet
  facet normal 0.970034 0.242967 0
    outer loop
      vertex -37.9039 17.0245 0
      vertex -37.7847 16.5486 3
      vertex -37.7847 16.5486 0
    endloop
  endfacet
  facet normal -0.427543 0.903995 0
    outer loop
      vertex -30.643 13.5904 0
      vertex -31.0866 13.3806 3
      vertex -30.643 13.5904 3
    endloop
  endfacet
  facet normal -0.427543 0.903995 0
    outer loop
      vertex -31.0866 13.3806 3
      vertex -30.643 13.5904 0
      vertex -31.0866 13.3806 0
    endloop
  endfacet
  facet normal -0.242967 0.970034 0
    outer loop
      vertex -31.5486 13.2153 0
      vertex -32.0245 13.0961 3
      vertex -31.5486 13.2153 3
    endloop
  endfacet
  facet normal -0.242967 0.970034 0
    outer loop
      vertex -32.0245 13.0961 3
      vertex -31.5486 13.2153 0
      vertex -32.0245 13.0961 0
    endloop
  endfacet
  facet normal -0.336879 -0.941548 0
    outer loop
      vertex -31.5486 22.7847 0
      vertex -31.0866 22.6194 3
      vertex -31.5486 22.7847 3
    endloop
  endfacet
  facet normal -0.336879 -0.941548 -0
    outer loop
      vertex -31.0866 22.6194 3
      vertex -31.5486 22.7847 0
      vertex -31.0866 22.6194 0
    endloop
  endfacet
  facet normal 0.427543 -0.903995 0
    outer loop
      vertex -35.357 22.4096 0
      vertex -34.9134 22.6194 3
      vertex -35.357 22.4096 3
    endloop
  endfacet
  facet normal 0.427543 -0.903995 0
    outer loop
      vertex -34.9134 22.6194 3
      vertex -35.357 22.4096 0
      vertex -34.9134 22.6194 0
    endloop
  endfacet
  facet normal -0.970034 0.242967 0
    outer loop
      vertex -28.2153 16.5486 0
      vertex -28.0961 17.0245 3
      vertex -28.0961 17.0245 0
    endloop
  endfacet
  facet normal -0.970034 0.242967 0
    outer loop
      vertex -28.0961 17.0245 3
      vertex -28.2153 16.5486 0
      vertex -28.2153 16.5486 3
    endloop
  endfacet
  facet normal -0.989177 0.146726 0
    outer loop
      vertex -28.0961 17.0245 0
      vertex -28.0241 17.5099 3
      vertex -28.0241 17.5099 0
    endloop
  endfacet
  facet normal -0.989177 0.146726 0
    outer loop
      vertex -28.0241 17.5099 3
      vertex -28.0961 17.0245 0
      vertex -28.0961 17.0245 3
    endloop
  endfacet
  facet normal -0.998793 0.0491143 0
    outer loop
      vertex -28.0241 17.5099 0
      vertex -28 18 3
      vertex -28 18 0
    endloop
  endfacet
  facet normal -0.998793 0.0491143 0
    outer loop
      vertex -28 18 3
      vertex -28.0241 17.5099 0
      vertex -28.0241 17.5099 3
    endloop
  endfacet
  facet normal -0.514136 0.857709 0
    outer loop
      vertex -30.2221 13.8427 0
      vertex -30.643 13.5904 3
      vertex -30.2221 13.8427 3
    endloop
  endfacet
  facet normal -0.514136 0.857709 0
    outer loop
      vertex -30.643 13.5904 3
      vertex -30.2221 13.8427 0
      vertex -30.643 13.5904 0
    endloop
  endfacet
  facet normal -0.740806 0.671719 0
    outer loop
      vertex -29.4645 14.4645 0
      vertex -29.1349 14.828 3
      vertex -29.1349 14.828 0
    endloop
  endfacet
  facet normal -0.740806 0.671719 0
    outer loop
      vertex -29.1349 14.828 3
      vertex -29.4645 14.4645 0
      vertex -29.4645 14.4645 3
    endloop
  endfacet
  facet normal -0.595588 0.80329 0
    outer loop
      vertex -29.828 14.1349 0
      vertex -30.2221 13.8427 3
      vertex -29.828 14.1349 3
    endloop
  endfacet
  facet normal -0.595588 0.80329 0
    outer loop
      vertex -30.2221 13.8427 3
      vertex -29.828 14.1349 0
      vertex -30.2221 13.8427 0
    endloop
  endfacet
  facet normal -0.941548 0.336879 0
    outer loop
      vertex -28.3806 16.0866 0
      vertex -28.2153 16.5486 3
      vertex -28.2153 16.5486 0
    endloop
  endfacet
  facet normal -0.941548 0.336879 0
    outer loop
      vertex -28.2153 16.5486 3
      vertex -28.3806 16.0866 0
      vertex -28.3806 16.0866 3
    endloop
  endfacet
  facet normal -0.903995 0.427543 0
    outer loop
      vertex -28.5904 15.643 0
      vertex -28.3806 16.0866 3
      vertex -28.3806 16.0866 0
    endloop
  endfacet
  facet normal -0.903995 0.427543 0
    outer loop
      vertex -28.3806 16.0866 3
      vertex -28.5904 15.643 0
      vertex -28.5904 15.643 3
    endloop
  endfacet
  facet normal 0.80329 0.595588 0
    outer loop
      vertex -36.8651 14.828 3
      vertex -37.1573 15.2221 0
      vertex -37.1573 15.2221 3
    endloop
  endfacet
  facet normal 0.80329 0.595588 0
    outer loop
      vertex -37.1573 15.2221 0
      vertex -36.8651 14.828 3
      vertex -36.8651 14.828 0
    endloop
  endfacet
  facet normal 0.903995 0.427543 0
    outer loop
      vertex -37.4096 15.643 3
      vertex -37.6194 16.0866 0
      vertex -37.6194 16.0866 3
    endloop
  endfacet
  facet normal 0.903995 0.427543 0
    outer loop
      vertex -37.6194 16.0866 0
      vertex -37.4096 15.643 3
      vertex -37.4096 15.643 0
    endloop
  endfacet
  facet normal 0.857709 0.514136 0
    outer loop
      vertex -37.1573 15.2221 3
      vertex -37.4096 15.643 0
      vertex -37.4096 15.643 3
    endloop
  endfacet
  facet normal 0.857709 0.514136 0
    outer loop
      vertex -37.4096 15.643 0
      vertex -37.1573 15.2221 3
      vertex -37.1573 15.2221 0
    endloop
  endfacet
  facet normal 0.998793 0.0491143 0
    outer loop
      vertex -37.9759 17.5099 3
      vertex -38 18 0
      vertex -38 18 3
    endloop
  endfacet
  facet normal 0.998793 0.0491143 0
    outer loop
      vertex -38 18 0
      vertex -37.9759 17.5099 3
      vertex -37.9759 17.5099 0
    endloop
  endfacet
  facet normal -0.336879 0.941548 0
    outer loop
      vertex -31.0866 13.3806 0
      vertex -31.5486 13.2153 3
      vertex -31.0866 13.3806 3
    endloop
  endfacet
  facet normal -0.336879 0.941548 0
    outer loop
      vertex -31.5486 13.2153 3
      vertex -31.0866 13.3806 0
      vertex -31.5486 13.2153 0
    endloop
  endfacet
  facet normal -0.80329 0.595588 0
    outer loop
      vertex -29.1349 14.828 0
      vertex -28.8427 15.2221 3
      vertex -28.8427 15.2221 0
    endloop
  endfacet
  facet normal -0.80329 0.595588 0
    outer loop
      vertex -28.8427 15.2221 3
      vertex -29.1349 14.828 0
      vertex -29.1349 14.828 3
    endloop
  endfacet
  facet normal -0.857709 0.514136 0
    outer loop
      vertex -28.8427 15.2221 0
      vertex -28.5904 15.643 3
      vertex -28.5904 15.643 0
    endloop
  endfacet
  facet normal -0.857709 0.514136 0
    outer loop
      vertex -28.5904 15.643 3
      vertex -28.8427 15.2221 0
      vertex -28.8427 15.2221 3
    endloop
  endfacet
  facet normal -0.671719 0.740806 0
    outer loop
      vertex -29.4645 14.4645 0
      vertex -29.828 14.1349 3
      vertex -29.4645 14.4645 3
    endloop
  endfacet
  facet normal -0.671719 0.740806 0
    outer loop
      vertex -29.828 14.1349 3
      vertex -29.4645 14.4645 0
      vertex -29.828 14.1349 0
    endloop
  endfacet
  facet normal -0.0491143 0.998793 0
    outer loop
      vertex -32.5099 13.0241 0
      vertex -33 13 3
      vertex -32.5099 13.0241 3
    endloop
  endfacet
  facet normal -0.0491143 0.998793 0
    outer loop
      vertex -33 13 3
      vertex -32.5099 13.0241 0
      vertex -33 13 0
    endloop
  endfacet
  facet normal 0.146726 0.989177 -0
    outer loop
      vertex -33.4901 13.0241 0
      vertex -33.9755 13.0961 3
      vertex -33.4901 13.0241 3
    endloop
  endfacet
  facet normal 0.146726 0.989177 0
    outer loop
      vertex -33.9755 13.0961 3
      vertex -33.4901 13.0241 0
      vertex -33.9755 13.0961 0
    endloop
  endfacet
  facet normal 0.740806 0.671719 0
    outer loop
      vertex -36.5355 14.4645 3
      vertex -36.8651 14.828 0
      vertex -36.8651 14.828 3
    endloop
  endfacet
  facet normal 0.740806 0.671719 0
    outer loop
      vertex -36.8651 14.828 0
      vertex -36.5355 14.4645 3
      vertex -36.5355 14.4645 0
    endloop
  endfacet
  facet normal 0.989177 0.146726 0
    outer loop
      vertex -37.9039 17.0245 3
      vertex -37.9759 17.5099 0
      vertex -37.9759 17.5099 3
    endloop
  endfacet
  facet normal 0.989177 0.146726 0
    outer loop
      vertex -37.9759 17.5099 0
      vertex -37.9039 17.0245 3
      vertex -37.9039 17.0245 0
    endloop
  endfacet
  facet normal 0.941548 0.336879 0
    outer loop
      vertex -37.6194 16.0866 3
      vertex -37.7847 16.5486 0
      vertex -37.7847 16.5486 3
    endloop
  endfacet
  facet normal 0.941548 0.336879 0
    outer loop
      vertex -37.7847 16.5486 0
      vertex -37.6194 16.0866 3
      vertex -37.6194 16.0866 0
    endloop
  endfacet
  facet normal 0.242967 0.970034 -0
    outer loop
      vertex -33.9755 13.0961 0
      vertex -34.4514 13.2153 3
      vertex -33.9755 13.0961 3
    endloop
  endfacet
  facet normal 0.242967 0.970034 0
    outer loop
      vertex -34.4514 13.2153 3
      vertex -33.9755 13.0961 0
      vertex -34.4514 13.2153 0
    endloop
  endfacet
  facet normal 0.671719 0.740806 -0
    outer loop
      vertex -36.172 14.1349 0
      vertex -36.5355 14.4645 3
      vertex -36.172 14.1349 3
    endloop
  endfacet
  facet normal 0.671719 0.740806 0
    outer loop
      vertex -36.5355 14.4645 3
      vertex -36.172 14.1349 0
      vertex -36.5355 14.4645 0
    endloop
  endfacet
  facet normal 0.514136 0.857709 -0
    outer loop
      vertex -35.357 13.5904 0
      vertex -35.7779 13.8427 3
      vertex -35.357 13.5904 3
    endloop
  endfacet
  facet normal 0.514136 0.857709 0
    outer loop
      vertex -35.7779 13.8427 3
      vertex -35.357 13.5904 0
      vertex -35.7779 13.8427 0
    endloop
  endfacet
  facet normal 0.595588 0.80329 -0
    outer loop
      vertex -35.7779 13.8427 0
      vertex -36.172 14.1349 3
      vertex -35.7779 13.8427 3
    endloop
  endfacet
  facet normal 0.595588 0.80329 0
    outer loop
      vertex -36.172 14.1349 3
      vertex -35.7779 13.8427 0
      vertex -36.172 14.1349 0
    endloop
  endfacet
  facet normal 0.427543 0.903995 -0
    outer loop
      vertex -34.9134 13.3806 0
      vertex -35.357 13.5904 3
      vertex -34.9134 13.3806 3
    endloop
  endfacet
  facet normal 0.427543 0.903995 0
    outer loop
      vertex -35.357 13.5904 3
      vertex -34.9134 13.3806 0
      vertex -35.357 13.5904 0
    endloop
  endfacet
  facet normal 0.336879 0.941548 -0
    outer loop
      vertex -34.4514 13.2153 0
      vertex -34.9134 13.3806 3
      vertex -34.4514 13.2153 3
    endloop
  endfacet
  facet normal 0.336879 0.941548 0
    outer loop
      vertex -34.9134 13.3806 3
      vertex -34.4514 13.2153 0
      vertex -34.9134 13.3806 0
    endloop
  endfacet
  facet normal -0.595588 -0.80329 0
    outer loop
      vertex 35.7779 22.1573 0
      vertex 36.172 21.8651 3
      vertex 35.7779 22.1573 3
    endloop
  endfacet
  facet normal -0.595588 -0.80329 -0
    outer loop
      vertex 36.172 21.8651 3
      vertex 35.7779 22.1573 0
      vertex 36.172 21.8651 0
    endloop
  endfacet
  facet normal 0.427543 -0.903995 0
    outer loop
      vertex 30.643 22.4096 0
      vertex 31.0866 22.6194 3
      vertex 30.643 22.4096 3
    endloop
  endfacet
  facet normal 0.427543 -0.903995 0
    outer loop
      vertex 31.0866 22.6194 3
      vertex 30.643 22.4096 0
      vertex 31.0866 22.6194 0
    endloop
  endfacet
  facet normal 0.941548 -0.336879 0
    outer loop
      vertex 28.2153 19.4514 3
      vertex 28.3806 19.9134 0
      vertex 28.3806 19.9134 3
    endloop
  endfacet
  facet normal 0.941548 -0.336879 0
    outer loop
      vertex 28.3806 19.9134 0
      vertex 28.2153 19.4514 3
      vertex 28.2153 19.4514 0
    endloop
  endfacet
  facet normal -0.941548 0.336879 0
    outer loop
      vertex 37.6194 16.0866 0
      vertex 37.7847 16.5486 3
      vertex 37.7847 16.5486 0
    endloop
  endfacet
  facet normal -0.941548 0.336879 0
    outer loop
      vertex 37.7847 16.5486 3
      vertex 37.6194 16.0866 0
      vertex 37.6194 16.0866 3
    endloop
  endfacet
  facet normal 0.336879 0.941548 -0
    outer loop
      vertex 31.5486 13.2153 0
      vertex 31.0866 13.3806 3
      vertex 31.5486 13.2153 3
    endloop
  endfacet
  facet normal 0.336879 0.941548 0
    outer loop
      vertex 31.0866 13.3806 3
      vertex 31.5486 13.2153 0
      vertex 31.0866 13.3806 0
    endloop
  endfacet
  facet normal -0.903995 -0.427543 0
    outer loop
      vertex 37.6194 19.9134 0
      vertex 37.4096 20.357 3
      vertex 37.4096 20.357 0
    endloop
  endfacet
  facet normal -0.903995 -0.427543 0
    outer loop
      vertex 37.4096 20.357 3
      vertex 37.6194 19.9134 0
      vertex 37.6194 19.9134 3
    endloop
  endfacet
  facet normal -0.857709 -0.514136 0
    outer loop
      vertex 37.4096 20.357 0
      vertex 37.1573 20.7779 3
      vertex 37.1573 20.7779 0
    endloop
  endfacet
  facet normal -0.857709 -0.514136 0
    outer loop
      vertex 37.1573 20.7779 3
      vertex 37.4096 20.357 0
      vertex 37.4096 20.357 3
    endloop
  endfacet
  facet normal -0.336879 -0.941548 0
    outer loop
      vertex 34.4514 22.7847 0
      vertex 34.9134 22.6194 3
      vertex 34.4514 22.7847 3
    endloop
  endfacet
  facet normal -0.336879 -0.941548 -0
    outer loop
      vertex 34.9134 22.6194 3
      vertex 34.4514 22.7847 0
      vertex 34.9134 22.6194 0
    endloop
  endfacet
  facet normal -0.0491143 -0.998793 0
    outer loop
      vertex 33 23 0
      vertex 33.4901 22.9759 3
      vertex 33 23 3
    endloop
  endfacet
  facet normal -0.0491143 -0.998793 -0
    outer loop
      vertex 33.4901 22.9759 3
      vertex 33 23 0
      vertex 33.4901 22.9759 0
    endloop
  endfacet
  facet normal 0.998793 -0.0491143 0
    outer loop
      vertex 28 18 3
      vertex 28.0241 18.4901 0
      vertex 28.0241 18.4901 3
    endloop
  endfacet
  facet normal 0.998793 -0.0491143 0
    outer loop
      vertex 28.0241 18.4901 0
      vertex 28 18 3
      vertex 28 18 0
    endloop
  endfacet
  facet normal 0.80329 -0.595588 0
    outer loop
      vertex 28.8427 20.7779 3
      vertex 29.1349 21.172 0
      vertex 29.1349 21.172 3
    endloop
  endfacet
  facet normal 0.80329 -0.595588 0
    outer loop
      vertex 29.1349 21.172 0
      vertex 28.8427 20.7779 3
      vertex 28.8427 20.7779 0
    endloop
  endfacet
  facet normal 0.242967 -0.970034 0
    outer loop
      vertex 31.5486 22.7847 0
      vertex 32.0245 22.9039 3
      vertex 31.5486 22.7847 3
    endloop
  endfacet
  facet normal 0.242967 -0.970034 0
    outer loop
      vertex 32.0245 22.9039 3
      vertex 31.5486 22.7847 0
      vertex 32.0245 22.9039 0
    endloop
  endfacet
  facet normal -0.998793 0.0491143 0
    outer loop
      vertex 37.9759 17.5099 0
      vertex 38 18 3
      vertex 38 18 0
    endloop
  endfacet
  facet normal -0.998793 0.0491143 0
    outer loop
      vertex 38 18 3
      vertex 37.9759 17.5099 0
      vertex 37.9759 17.5099 3
    endloop
  endfacet
  facet normal -0.80329 0.595588 0
    outer loop
      vertex 36.8651 14.828 0
      vertex 37.1573 15.2221 3
      vertex 37.1573 15.2221 0
    endloop
  endfacet
  facet normal -0.80329 0.595588 0
    outer loop
      vertex 37.1573 15.2221 3
      vertex 36.8651 14.828 0
      vertex 36.8651 14.828 3
    endloop
  endfacet
  facet normal 0.0491143 0.998793 -0
    outer loop
      vertex 33 13 0
      vertex 32.5099 13.0241 3
      vertex 33 13 3
    endloop
  endfacet
  facet normal 0.0491143 0.998793 0
    outer loop
      vertex 32.5099 13.0241 3
      vertex 33 13 0
      vertex 32.5099 13.0241 0
    endloop
  endfacet
  facet normal 0.595588 0.80329 -0
    outer loop
      vertex 30.2221 13.8427 0
      vertex 29.828 14.1349 3
      vertex 30.2221 13.8427 3
    endloop
  endfacet
  facet normal 0.595588 0.80329 0
    outer loop
      vertex 29.828 14.1349 3
      vertex 30.2221 13.8427 0
      vertex 29.828 14.1349 0
    endloop
  endfacet
  facet normal 0.903995 0.427543 0
    outer loop
      vertex 28.5904 15.643 3
      vertex 28.3806 16.0866 0
      vertex 28.3806 16.0866 3
    endloop
  endfacet
  facet normal 0.903995 0.427543 0
    outer loop
      vertex 28.3806 16.0866 0
      vertex 28.5904 15.643 3
      vertex 28.5904 15.643 0
    endloop
  endfacet
  facet normal -0.989177 -0.146726 0
    outer loop
      vertex 37.9759 18.4901 0
      vertex 37.9039 18.9755 3
      vertex 37.9039 18.9755 0
    endloop
  endfacet
  facet normal -0.989177 -0.146726 0
    outer loop
      vertex 37.9039 18.9755 3
      vertex 37.9759 18.4901 0
      vertex 37.9759 18.4901 3
    endloop
  endfacet
  facet normal -0.970034 -0.242967 0
    outer loop
      vertex 37.9039 18.9755 0
      vertex 37.7847 19.4514 3
      vertex 37.7847 19.4514 0
    endloop
  endfacet
  facet normal -0.970034 -0.242967 0
    outer loop
      vertex 37.7847 19.4514 3
      vertex 37.9039 18.9755 0
      vertex 37.9039 18.9755 3
    endloop
  endfacet
  facet normal -0.941548 -0.336879 0
    outer loop
      vertex 37.7847 19.4514 0
      vertex 37.6194 19.9134 3
      vertex 37.6194 19.9134 0
    endloop
  endfacet
  facet normal -0.941548 -0.336879 0
    outer loop
      vertex 37.6194 19.9134 3
      vertex 37.7847 19.4514 0
      vertex 37.7847 19.4514 3
    endloop
  endfacet
  facet normal -0.740806 -0.671719 0
    outer loop
      vertex 36.8651 21.172 0
      vertex 36.5355 21.5355 3
      vertex 36.5355 21.5355 0
    endloop
  endfacet
  facet normal -0.740806 -0.671719 0
    outer loop
      vertex 36.5355 21.5355 3
      vertex 36.8651 21.172 0
      vertex 36.8651 21.172 3
    endloop
  endfacet
  facet normal -0.80329 -0.595588 0
    outer loop
      vertex 37.1573 20.7779 0
      vertex 36.8651 21.172 3
      vertex 36.8651 21.172 0
    endloop
  endfacet
  facet normal -0.80329 -0.595588 0
    outer loop
      vertex 36.8651 21.172 3
      vertex 37.1573 20.7779 0
      vertex 37.1573 20.7779 3
    endloop
  endfacet
  facet normal -0.671719 -0.740806 0
    outer loop
      vertex 36.172 21.8651 0
      vertex 36.5355 21.5355 3
      vertex 36.172 21.8651 3
    endloop
  endfacet
  facet normal -0.671719 -0.740806 -0
    outer loop
      vertex 36.5355 21.5355 3
      vertex 36.172 21.8651 0
      vertex 36.5355 21.5355 0
    endloop
  endfacet
  facet normal -0.514136 -0.857709 0
    outer loop
      vertex 35.357 22.4096 0
      vertex 35.7779 22.1573 3
      vertex 35.357 22.4096 3
    endloop
  endfacet
  facet normal -0.514136 -0.857709 -0
    outer loop
      vertex 35.7779 22.1573 3
      vertex 35.357 22.4096 0
      vertex 35.7779 22.1573 0
    endloop
  endfacet
  facet normal 0.0491143 -0.998793 0
    outer loop
      vertex 32.5099 22.9759 0
      vertex 33 23 3
      vertex 32.5099 22.9759 3
    endloop
  endfacet
  facet normal 0.0491143 -0.998793 0
    outer loop
      vertex 33 23 3
      vertex 32.5099 22.9759 0
      vertex 33 23 0
    endloop
  endfacet
  facet normal -0.427543 -0.903995 0
    outer loop
      vertex 34.9134 22.6194 0
      vertex 35.357 22.4096 3
      vertex 34.9134 22.6194 3
    endloop
  endfacet
  facet normal -0.427543 -0.903995 -0
    outer loop
      vertex 35.357 22.4096 3
      vertex 34.9134 22.6194 0
      vertex 35.357 22.4096 0
    endloop
  endfacet
  facet normal -0.242967 -0.970034 0
    outer loop
      vertex 33.9755 22.9039 0
      vertex 34.4514 22.7847 3
      vertex 33.9755 22.9039 3
    endloop
  endfacet
  facet normal -0.242967 -0.970034 -0
    outer loop
      vertex 34.4514 22.7847 3
      vertex 33.9755 22.9039 0
      vertex 34.4514 22.7847 0
    endloop
  endfacet
  facet normal -0.146726 -0.989177 0
    outer loop
      vertex 33.4901 22.9759 0
      vertex 33.9755 22.9039 3
      vertex 33.4901 22.9759 3
    endloop
  endfacet
  facet normal -0.146726 -0.989177 -0
    outer loop
      vertex 33.9755 22.9039 3
      vertex 33.4901 22.9759 0
      vertex 33.9755 22.9039 0
    endloop
  endfacet
  facet normal 0.970034 -0.242967 0
    outer loop
      vertex 28.0961 18.9755 3
      vertex 28.2153 19.4514 0
      vertex 28.2153 19.4514 3
    endloop
  endfacet
  facet normal 0.970034 -0.242967 0
    outer loop
      vertex 28.2153 19.4514 0
      vertex 28.0961 18.9755 3
      vertex 28.0961 18.9755 0
    endloop
  endfacet
  facet normal 0.989177 -0.146726 0
    outer loop
      vertex 28.0241 18.4901 3
      vertex 28.0961 18.9755 0
      vertex 28.0961 18.9755 3
    endloop
  endfacet
  facet normal 0.989177 -0.146726 0
    outer loop
      vertex 28.0961 18.9755 0
      vertex 28.0241 18.4901 3
      vertex 28.0241 18.4901 0
    endloop
  endfacet
  facet normal 0.903995 -0.427543 0
    outer loop
      vertex 28.3806 19.9134 3
      vertex 28.5904 20.357 0
      vertex 28.5904 20.357 3
    endloop
  endfacet
  facet normal 0.903995 -0.427543 0
    outer loop
      vertex 28.5904 20.357 0
      vertex 28.3806 19.9134 3
      vertex 28.3806 19.9134 0
    endloop
  endfacet
  facet normal 0.857709 -0.514136 0
    outer loop
      vertex 28.5904 20.357 3
      vertex 28.8427 20.7779 0
      vertex 28.8427 20.7779 3
    endloop
  endfacet
  facet normal 0.857709 -0.514136 0
    outer loop
      vertex 28.8427 20.7779 0
      vertex 28.5904 20.357 3
      vertex 28.5904 20.357 0
    endloop
  endfacet
  facet normal 0.336879 -0.941548 0
    outer loop
      vertex 31.0866 22.6194 0
      vertex 31.5486 22.7847 3
      vertex 31.0866 22.6194 3
    endloop
  endfacet
  facet normal 0.336879 -0.941548 0
    outer loop
      vertex 31.5486 22.7847 3
      vertex 31.0866 22.6194 0
      vertex 31.5486 22.7847 0
    endloop
  endfacet
  facet normal 0.146726 -0.989177 0
    outer loop
      vertex 32.0245 22.9039 0
      vertex 32.5099 22.9759 3
      vertex 32.0245 22.9039 3
    endloop
  endfacet
  facet normal 0.146726 -0.989177 0
    outer loop
      vertex 32.5099 22.9759 3
      vertex 32.0245 22.9039 0
      vertex 32.5099 22.9759 0
    endloop
  endfacet
  facet normal 0.595588 -0.80329 0
    outer loop
      vertex 29.828 21.8651 0
      vertex 30.2221 22.1573 3
      vertex 29.828 21.8651 3
    endloop
  endfacet
  facet normal 0.595588 -0.80329 0
    outer loop
      vertex 30.2221 22.1573 3
      vertex 29.828 21.8651 0
      vertex 30.2221 22.1573 0
    endloop
  endfacet
  facet normal 0.671719 -0.740806 0
    outer loop
      vertex 29.4645 21.5355 0
      vertex 29.828 21.8651 3
      vertex 29.4645 21.5355 3
    endloop
  endfacet
  facet normal 0.671719 -0.740806 0
    outer loop
      vertex 29.828 21.8651 3
      vertex 29.4645 21.5355 0
      vertex 29.828 21.8651 0
    endloop
  endfacet
  facet normal 0.514136 -0.857709 0
    outer loop
      vertex 30.2221 22.1573 0
      vertex 30.643 22.4096 3
      vertex 30.2221 22.1573 3
    endloop
  endfacet
  facet normal 0.514136 -0.857709 0
    outer loop
      vertex 30.643 22.4096 3
      vertex 30.2221 22.1573 0
      vertex 30.643 22.4096 0
    endloop
  endfacet
  facet normal 0.740806 -0.671719 0
    outer loop
      vertex 29.1349 21.172 3
      vertex 29.4645 21.5355 0
      vertex 29.4645 21.5355 3
    endloop
  endfacet
  facet normal 0.740806 -0.671719 0
    outer loop
      vertex 29.4645 21.5355 0
      vertex 29.1349 21.172 3
      vertex 29.1349 21.172 0
    endloop
  endfacet
  facet normal -0.998793 -0.0491143 0
    outer loop
      vertex 38 18 0
      vertex 37.9759 18.4901 3
      vertex 37.9759 18.4901 0
    endloop
  endfacet
  facet normal -0.998793 -0.0491143 0
    outer loop
      vertex 37.9759 18.4901 3
      vertex 38 18 0
      vertex 38 18 3
    endloop
  endfacet
  facet normal -0.146726 0.989177 0
    outer loop
      vertex 33.9755 13.0961 0
      vertex 33.4901 13.0241 3
      vertex 33.9755 13.0961 3
    endloop
  endfacet
  facet normal -0.146726 0.989177 0
    outer loop
      vertex 33.4901 13.0241 3
      vertex 33.9755 13.0961 0
      vertex 33.4901 13.0241 0
    endloop
  endfacet
  facet normal -0.336879 0.941548 0
    outer loop
      vertex 34.9134 13.3806 0
      vertex 34.4514 13.2153 3
      vertex 34.9134 13.3806 3
    endloop
  endfacet
  facet normal -0.336879 0.941548 0
    outer loop
      vertex 34.4514 13.2153 3
      vertex 34.9134 13.3806 0
      vertex 34.4514 13.2153 0
    endloop
  endfacet
  facet normal -0.671719 0.740806 0
    outer loop
      vertex 36.5355 14.4645 0
      vertex 36.172 14.1349 3
      vertex 36.5355 14.4645 3
    endloop
  endfacet
  facet normal -0.671719 0.740806 0
    outer loop
      vertex 36.172 14.1349 3
      vertex 36.5355 14.4645 0
      vertex 36.172 14.1349 0
    endloop
  endfacet
  facet normal -0.514136 0.857709 0
    outer loop
      vertex 35.7779 13.8427 0
      vertex 35.357 13.5904 3
      vertex 35.7779 13.8427 3
    endloop
  endfacet
  facet normal -0.514136 0.857709 0
    outer loop
      vertex 35.357 13.5904 3
      vertex 35.7779 13.8427 0
      vertex 35.357 13.5904 0
    endloop
  endfacet
  facet normal -0.903995 0.427543 0
    outer loop
      vertex 37.4096 15.643 0
      vertex 37.6194 16.0866 3
      vertex 37.6194 16.0866 0
    endloop
  endfacet
  facet normal -0.903995 0.427543 0
    outer loop
      vertex 37.6194 16.0866 3
      vertex 37.4096 15.643 0
      vertex 37.4096 15.643 3
    endloop
  endfacet
  facet normal 0.242967 0.970034 -0
    outer loop
      vertex 32.0245 13.0961 0
      vertex 31.5486 13.2153 3
      vertex 32.0245 13.0961 3
    endloop
  endfacet
  facet normal 0.242967 0.970034 0
    outer loop
      vertex 31.5486 13.2153 3
      vertex 32.0245 13.0961 0
      vertex 31.5486 13.2153 0
    endloop
  endfacet
  facet normal 0.427543 0.903995 -0
    outer loop
      vertex 31.0866 13.3806 0
      vertex 30.643 13.5904 3
      vertex 31.0866 13.3806 3
    endloop
  endfacet
  facet normal 0.427543 0.903995 0
    outer loop
      vertex 30.643 13.5904 3
      vertex 31.0866 13.3806 0
      vertex 30.643 13.5904 0
    endloop
  endfacet
  facet normal 0.989177 0.146726 0
    outer loop
      vertex 28.0961 17.0245 3
      vertex 28.0241 17.5099 0
      vertex 28.0241 17.5099 3
    endloop
  endfacet
  facet normal 0.989177 0.146726 0
    outer loop
      vertex 28.0241 17.5099 0
      vertex 28.0961 17.0245 3
      vertex 28.0961 17.0245 0
    endloop
  endfacet
  facet normal 0.941548 0.336879 0
    outer loop
      vertex 28.3806 16.0866 3
      vertex 28.2153 16.5486 0
      vertex 28.2153 16.5486 3
    endloop
  endfacet
  facet normal 0.941548 0.336879 0
    outer loop
      vertex 28.2153 16.5486 0
      vertex 28.3806 16.0866 3
      vertex 28.3806 16.0866 0
    endloop
  endfacet
  facet normal 0.970034 0.242967 0
    outer loop
      vertex 28.2153 16.5486 3
      vertex 28.0961 17.0245 0
      vertex 28.0961 17.0245 3
    endloop
  endfacet
  facet normal 0.970034 0.242967 0
    outer loop
      vertex 28.0961 17.0245 0
      vertex 28.2153 16.5486 3
      vertex 28.2153 16.5486 0
    endloop
  endfacet
  facet normal 0.740806 0.671719 0
    outer loop
      vertex 29.4645 14.4645 3
      vertex 29.1349 14.828 0
      vertex 29.1349 14.828 3
    endloop
  endfacet
  facet normal 0.740806 0.671719 0
    outer loop
      vertex 29.1349 14.828 0
      vertex 29.4645 14.4645 3
      vertex 29.4645 14.4645 0
    endloop
  endfacet
  facet normal 0.857709 0.514136 0
    outer loop
      vertex 28.8427 15.2221 3
      vertex 28.5904 15.643 0
      vertex 28.5904 15.643 3
    endloop
  endfacet
  facet normal 0.857709 0.514136 0
    outer loop
      vertex 28.5904 15.643 0
      vertex 28.8427 15.2221 3
      vertex 28.8427 15.2221 0
    endloop
  endfacet
  facet normal 0.671719 0.740806 -0
    outer loop
      vertex 29.828 14.1349 0
      vertex 29.4645 14.4645 3
      vertex 29.828 14.1349 3
    endloop
  endfacet
  facet normal 0.671719 0.740806 0
    outer loop
      vertex 29.4645 14.4645 3
      vertex 29.828 14.1349 0
      vertex 29.4645 14.4645 0
    endloop
  endfacet
  facet normal 0.998793 0.0491143 0
    outer loop
      vertex 28.0241 17.5099 3
      vertex 28 18 0
      vertex 28 18 3
    endloop
  endfacet
  facet normal 0.998793 0.0491143 0
    outer loop
      vertex 28 18 0
      vertex 28.0241 17.5099 3
      vertex 28.0241 17.5099 0
    endloop
  endfacet
  facet normal -0.989177 0.146726 0
    outer loop
      vertex 37.9039 17.0245 0
      vertex 37.9759 17.5099 3
      vertex 37.9759 17.5099 0
    endloop
  endfacet
  facet normal -0.989177 0.146726 0
    outer loop
      vertex 37.9759 17.5099 3
      vertex 37.9039 17.0245 0
      vertex 37.9039 17.0245 3
    endloop
  endfacet
  facet normal -0.970034 0.242967 0
    outer loop
      vertex 37.7847 16.5486 0
      vertex 37.9039 17.0245 3
      vertex 37.9039 17.0245 0
    endloop
  endfacet
  facet normal -0.970034 0.242967 0
    outer loop
      vertex 37.9039 17.0245 3
      vertex 37.7847 16.5486 0
      vertex 37.7847 16.5486 3
    endloop
  endfacet
  facet normal -0.242967 0.970034 0
    outer loop
      vertex 34.4514 13.2153 0
      vertex 33.9755 13.0961 3
      vertex 34.4514 13.2153 3
    endloop
  endfacet
  facet normal -0.242967 0.970034 0
    outer loop
      vertex 33.9755 13.0961 3
      vertex 34.4514 13.2153 0
      vertex 33.9755 13.0961 0
    endloop
  endfacet
  facet normal -0.427543 0.903995 0
    outer loop
      vertex 35.357 13.5904 0
      vertex 34.9134 13.3806 3
      vertex 35.357 13.5904 3
    endloop
  endfacet
  facet normal -0.427543 0.903995 0
    outer loop
      vertex 34.9134 13.3806 3
      vertex 35.357 13.5904 0
      vertex 34.9134 13.3806 0
    endloop
  endfacet
  facet normal -0.740806 0.671719 0
    outer loop
      vertex 36.5355 14.4645 0
      vertex 36.8651 14.828 3
      vertex 36.8651 14.828 0
    endloop
  endfacet
  facet normal -0.740806 0.671719 0
    outer loop
      vertex 36.8651 14.828 3
      vertex 36.5355 14.4645 0
      vertex 36.5355 14.4645 3
    endloop
  endfacet
  facet normal -0.595588 0.80329 0
    outer loop
      vertex 36.172 14.1349 0
      vertex 35.7779 13.8427 3
      vertex 36.172 14.1349 3
    endloop
  endfacet
  facet normal -0.595588 0.80329 0
    outer loop
      vertex 35.7779 13.8427 3
      vertex 36.172 14.1349 0
      vertex 35.7779 13.8427 0
    endloop
  endfacet
  facet normal -0.857709 0.514136 0
    outer loop
      vertex 37.1573 15.2221 0
      vertex 37.4096 15.643 3
      vertex 37.4096 15.643 0
    endloop
  endfacet
  facet normal -0.857709 0.514136 0
    outer loop
      vertex 37.4096 15.643 3
      vertex 37.1573 15.2221 0
      vertex 37.1573 15.2221 3
    endloop
  endfacet
  facet normal -0.0491143 0.998793 0
    outer loop
      vertex 33.4901 13.0241 0
      vertex 33 13 3
      vertex 33.4901 13.0241 3
    endloop
  endfacet
  facet normal -0.0491143 0.998793 0
    outer loop
      vertex 33 13 3
      vertex 33.4901 13.0241 0
      vertex 33 13 0
    endloop
  endfacet
  facet normal 0.146726 0.989177 -0
    outer loop
      vertex 32.5099 13.0241 0
      vertex 32.0245 13.0961 3
      vertex 32.5099 13.0241 3
    endloop
  endfacet
  facet normal 0.146726 0.989177 0
    outer loop
      vertex 32.0245 13.0961 3
      vertex 32.5099 13.0241 0
      vertex 32.0245 13.0961 0
    endloop
  endfacet
  facet normal 0.514136 0.857709 -0
    outer loop
      vertex 30.643 13.5904 0
      vertex 30.2221 13.8427 3
      vertex 30.643 13.5904 3
    endloop
  endfacet
  facet normal 0.514136 0.857709 0
    outer loop
      vertex 30.2221 13.8427 3
      vertex 30.643 13.5904 0
      vertex 30.2221 13.8427 0
    endloop
  endfacet
  facet normal 0.80329 0.595588 0
    outer loop
      vertex 29.1349 14.828 3
      vertex 28.8427 15.2221 0
      vertex 28.8427 15.2221 3
    endloop
  endfacet
  facet normal 0.80329 0.595588 0
    outer loop
      vertex 28.8427 15.2221 0
      vertex 29.1349 14.828 3
      vertex 29.1349 14.828 0
    endloop
  endfacet
  facet normal -0.964765 0.258509 0.0490101
    outer loop
      vertex -3.98158 47.8 31.0981
      vertex -2.36753 53.8 31.2231
      vertex -2.37388 53.8 31.0981
    endloop
  endfacet
  facet normal -0.964763 0.258507 0.0490654
    outer loop
      vertex -2.36753 53.8 31.2231
      vertex -3.98158 47.8 31.0981
      vertex -3.96616 47.8 31.4013
    endloop
  endfacet
  facet normal -0.964761 0.258507 0.0490917
    outer loop
      vertex -3.96616 47.8 31.4013
      vertex -2.35344 53.8 31.5
      vertex -2.36753 53.8 31.2231
    endloop
  endfacet
  facet normal -0.964762 0.258508 0.049069
    outer loop
      vertex -2.35344 53.8 31.5
      vertex -3.96616 47.8 31.4013
      vertex -3.96114 47.8 31.5
    endloop
  endfacet
  facet normal -0.964763 0.258507 -0.0490654
    outer loop
      vertex -3.98158 47.8 31.9019
      vertex -2.36753 53.8 31.7769
      vertex -3.96616 47.8 31.5987
    endloop
  endfacet
  facet normal -0.964765 0.258509 -0.0490101
    outer loop
      vertex -2.36753 53.8 31.7769
      vertex -3.98158 47.8 31.9019
      vertex -2.37388 53.8 31.9019
    endloop
  endfacet
  facet normal 0.964788 -0.258515 -0.0485089
    outer loop
      vertex -12.4318 47.8 31.8661
      vertex -10.8223 53.8 31.9019
      vertex -12.43 47.8 31.9019
    endloop
  endfacet
  facet normal 0.964761 -0.258504 -0.0491167
    outer loop
      vertex -10.8223 53.8 31.9019
      vertex -12.4318 47.8 31.8661
      vertex -10.8332 53.8 31.6878
    endloop
  endfacet
  facet normal -0.575434 0.154187 0.803183
    outer loop
      vertex -4.23988 53.8 28.091
      vertex -5.513 47.8 28.3307
      vertex -3.90531 53.8 28.3307
    endloop
  endfacet
  facet normal -0.575423 0.154184 0.803191
    outer loop
      vertex -5.513 47.8 28.3307
      vertex -4.23988 53.8 28.091
      vertex -5.84758 47.8 28.091
    endloop
  endfacet
  facet normal 0.964766 -0.258502 -0.0490157
    outer loop
      vertex -12.4504 47.8 31.5
      vertex -10.8332 53.8 31.6878
      vertex -12.4318 47.8 31.8661
    endloop
  endfacet
  facet normal 0.964775 -0.258511 -0.0488038
    outer loop
      vertex -10.8332 53.8 31.6878
      vertex -12.4504 47.8 31.5
      vertex -10.8427 53.8 31.5
    endloop
  endfacet
  facet normal 0.0472944 -0.0126725 0.998801
    outer loop
      vertex -7.01412 53.8 27.4197
      vertex -8.20577 47.8 27.4
      vertex -6.59808 53.8 27.4
    endloop
  endfacet
  facet normal 0.0472933 -0.0126722 0.998801
    outer loop
      vertex -8.20577 47.8 27.4
      vertex -7.01412 53.8 27.4197
      vertex -8.62182 47.8 27.4197
    endloop
  endfacet
  facet normal 0.234325 -0.0628064 -0.970127
    outer loop
      vertex -9.09479 47.8 35.5065
      vertex -7.83023 53.8 35.4235
      vertex -7.66504 53.8 35.4634
    endloop
  endfacet
  facet normal 0.234645 -0.0628728 -0.970046
    outer loop
      vertex -7.83023 53.8 35.4235
      vertex -9.09479 47.8 35.5065
      vertex -9.43792 47.8 35.4235
    endloop
  endfacet
  facet normal -0.95547 0.256018 0.146736
    outer loop
      vertex -3.98158 47.8 31.0981
      vertex -2.39291 53.8 30.9742
      vertex -4.02776 47.8 30.7974
    endloop
  endfacet
  facet normal -0.955468 0.256018 0.146752
    outer loop
      vertex -2.39291 53.8 30.9742
      vertex -3.98158 47.8 31.0981
      vertex -2.37388 53.8 31.0981
    endloop
  endfacet
  facet normal -0.873187 0.233972 -0.427552
    outer loop
      vertex -4.42009 47.8 33.3464
      vertex -2.85464 53.8 33.4327
      vertex -2.73311 53.8 33.1845
    endloop
  endfacet
  facet normal -0.873212 0.233977 -0.427499
    outer loop
      vertex -2.85464 53.8 33.4327
      vertex -4.42009 47.8 33.3464
      vertex -4.46234 47.8 33.4327
    endloop
  endfacet
  facet normal -0.412926 0.110643 -0.904019
    outer loop
      vertex -6.20486 47.8 35.1159
      vertex -4.97373 53.8 35.2879
      vertex -4.59717 53.8 35.1159
    endloop
  endfacet
  facet normal -0.412926 0.110643 -0.904019
    outer loop
      vertex -4.97373 53.8 35.2879
      vertex -6.20486 47.8 35.1159
      vertex -6.58142 47.8 35.2879
    endloop
  endfacet
  facet normal 0.955475 -0.256012 -0.146719
    outer loop
      vertex -12.4245 47.8 31.9374
      vertex -10.8223 53.8 31.9019
      vertex -10.7897 53.8 32.1142
    endloop
  endfacet
  facet normal 0.955288 -0.255969 -0.148002
    outer loop
      vertex -10.8223 53.8 31.9019
      vertex -12.4245 47.8 31.9374
      vertex -12.43 47.8 31.9019
    endloop
  endfacet
  facet normal 0.775893 -0.207894 0.595627
    outer loop
      vertex -11.4869 47.8 28.899
      vertex -9.99133 53.8 29.045
      vertex -11.7096 47.8 29.1891
    endloop
  endfacet
  facet normal 0.775816 -0.207877 0.595731
    outer loop
      vertex -9.99133 53.8 29.045
      vertex -11.4869 47.8 28.899
      vertex -9.87922 53.8 28.899
    endloop
  endfacet
  facet normal 0.828545 -0.222009 0.514029
    outer loop
      vertex -11.9492 47.8 29.5673
      vertex -10.1274 53.8 29.2222
      vertex -10.3415 53.8 29.5673
    endloop
  endfacet
  facet normal 0.828545 -0.222009 0.514029
    outer loop
      vertex -10.1274 53.8 29.2222
      vertex -11.9492 47.8 29.5673
      vertex -11.7351 47.8 29.2222
    endloop
  endfacet
  facet normal 0.715735 -0.191779 0.671524
    outer loop
      vertex -11.4869 47.8 28.899
      vertex -9.75406 53.8 28.7656
      vertex -9.87922 53.8 28.899
    endloop
  endfacet
  facet normal 0.715775 -0.191791 0.671478
    outer loop
      vertex -9.75406 53.8 28.7656
      vertex -11.4869 47.8 28.899
      vertex -11.2383 47.8 28.634
    endloop
  endfacet
  facet normal -0.648856 0.17386 -0.740783
    outer loop
      vertex -5.20436 47.8 34.3991
      vertex -3.70022 53.8 34.4898
      vertex -3.59667 53.8 34.3991
    endloop
  endfacet
  facet normal -0.648791 0.173844 -0.740843
    outer loop
      vertex -3.70022 53.8 34.4898
      vertex -5.20436 47.8 34.3991
      vertex -5.44564 47.8 34.6104
    endloop
  endfacet
  facet normal -0.0472933 0.0126722 0.998801
    outer loop
      vertex -6.59808 53.8 27.4
      vertex -7.78972 47.8 27.4197
      vertex -6.18203 53.8 27.4197
    endloop
  endfacet
  facet normal -0.0472933 0.0126722 0.998801
    outer loop
      vertex -7.78972 47.8 27.4197
      vertex -6.59808 53.8 27.4
      vertex -8.20577 47.8 27.4
    endloop
  endfacet
  facet normal -0.873212 0.233977 0.427499
    outer loop
      vertex -4.42009 47.8 29.6536
      vertex -2.85464 53.8 29.5673
      vertex -4.46234 47.8 29.5673
    endloop
  endfacet
  facet normal -0.873187 0.233972 0.427552
    outer loop
      vertex -2.85464 53.8 29.5673
      vertex -4.42009 47.8 29.6536
      vertex -2.73311 53.8 29.8155
    endloop
  endfacet
  facet normal -0.648856 0.17386 0.740783
    outer loop
      vertex -3.70022 53.8 28.5102
      vertex -5.20436 47.8 28.6009
      vertex -3.59667 53.8 28.6009
    endloop
  endfacet
  facet normal -0.648791 0.173844 0.740843
    outer loop
      vertex -5.20436 47.8 28.6009
      vertex -3.70022 53.8 28.5102
      vertex -5.44564 47.8 28.3896
    endloop
  endfacet
  facet normal -0.496666 0.133082 0.857679
    outer loop
      vertex -4.59717 53.8 27.8841
      vertex -5.84758 47.8 28.091
      vertex -4.23988 53.8 28.091
    endloop
  endfacet
  facet normal -0.496676 0.133084 0.857672
    outer loop
      vertex -5.84758 47.8 28.091
      vertex -4.59717 53.8 27.8841
      vertex -6.20486 47.8 27.8841
    endloop
  endfacet
  facet normal -0.873162 0.233963 0.42761
    outer loop
      vertex -4.28424 47.8 29.931
      vertex -2.73311 53.8 29.8155
      vertex -4.42009 47.8 29.6536
    endloop
  endfacet
  facet normal -0.873171 0.233965 0.427589
    outer loop
      vertex -2.73311 53.8 29.8155
      vertex -4.28424 47.8 29.931
      vertex -2.67655 53.8 29.931
    endloop
  endfacet
  facet normal -0.955468 0.256018 -0.146752
    outer loop
      vertex -3.98158 47.8 31.9019
      vertex -2.39291 53.8 32.0258
      vertex -2.37388 53.8 31.9019
    endloop
  endfacet
  facet normal -0.95547 0.256018 -0.146736
    outer loop
      vertex -2.39291 53.8 32.0258
      vertex -3.98158 47.8 31.9019
      vertex -4.02776 47.8 32.2026
    endloop
  endfacet
  facet normal -0.964762 0.258508 -0.049069
    outer loop
      vertex -3.96616 47.8 31.5987
      vertex -2.35344 53.8 31.5
      vertex -3.96114 47.8 31.5
    endloop
  endfacet
  facet normal -0.964761 0.258507 -0.0490917
    outer loop
      vertex -2.35344 53.8 31.5
      vertex -3.96616 47.8 31.5987
      vertex -2.36753 53.8 31.7769
    endloop
  endfacet
  facet normal -0.828582 0.222018 -0.513965
    outer loop
      vertex -4.51277 47.8 33.514
      vertex -2.85464 53.8 33.4327
      vertex -4.46234 47.8 33.4327
    endloop
  endfacet
  facet normal -0.828499 0.221994 -0.514109
    outer loop
      vertex -2.85464 53.8 33.4327
      vertex -4.51277 47.8 33.514
      vertex -2.99972 53.8 33.6665
    endloop
  endfacet
  facet normal -0.0472933 0.0126722 -0.998801
    outer loop
      vertex -7.78972 47.8 35.5803
      vertex -6.59808 53.8 35.6
      vertex -6.18203 53.8 35.5803
    endloop
  endfacet
  facet normal -0.0472933 0.0126722 -0.998801
    outer loop
      vertex -6.59808 53.8 35.6
      vertex -7.78972 47.8 35.5803
      vertex -8.20577 47.8 35.6
    endloop
  endfacet
  facet normal 0.412935 -0.110645 -0.904015
    outer loop
      vertex -9.83012 47.8 35.2879
      vertex -8.59898 53.8 35.1159
      vertex -8.22243 53.8 35.2879
    endloop
  endfacet
  facet normal 0.412908 -0.11064 -0.904028
    outer loop
      vertex -8.59898 53.8 35.1159
      vertex -9.83012 47.8 35.2879
      vertex -10.2067 47.8 35.1159
    endloop
  endfacet
  facet normal 0.496784 -0.133119 0.857604
    outer loop
      vertex -8.95627 53.8 28.091
      vertex -10.5195 47.8 28.0652
      vertex -8.75222 53.8 27.9728
    endloop
  endfacet
  facet normal 0.497103 -0.133201 0.857407
    outer loop
      vertex -10.5195 47.8 28.0652
      vertex -8.95627 53.8 28.091
      vertex -10.564 47.8 28.091
    endloop
  endfacet
  facet normal 0.141877 -0.0380159 0.989154
    outer loop
      vertex -7.42616 53.8 27.4788
      vertex -8.62182 47.8 27.4197
      vertex -7.01412 53.8 27.4197
    endloop
  endfacet
  facet normal 0.141877 -0.0380159 0.989154
    outer loop
      vertex -8.62182 47.8 27.4197
      vertex -7.42616 53.8 27.4788
      vertex -9.03386 47.8 27.4788
    endloop
  endfacet
  facet normal 0.964775 -0.258511 0.0488038
    outer loop
      vertex -12.4504 47.8 31.5
      vertex -10.8332 53.8 31.3122
      vertex -10.8427 53.8 31.5
    endloop
  endfacet
  facet normal 0.964766 -0.258502 0.0490157
    outer loop
      vertex -10.8332 53.8 31.3122
      vertex -12.4504 47.8 31.5
      vertex -12.4318 47.8 31.1339
    endloop
  endfacet
  facet normal 0.64882 -0.173855 -0.740815
    outer loop
      vertex -11.1725 47.8 34.4295
      vertex -9.59948 53.8 34.3991
      vertex -9.42707 53.8 34.5501
    endloop
  endfacet
  facet normal 0.648927 -0.173882 -0.740715
    outer loop
      vertex -9.59948 53.8 34.3991
      vertex -11.1725 47.8 34.4295
      vertex -11.2072 47.8 34.3991
    endloop
  endfacet
  facet normal 0.955288 -0.255969 0.148002
    outer loop
      vertex -12.4245 47.8 31.0626
      vertex -10.8223 53.8 31.0981
      vertex -12.43 47.8 31.0981
    endloop
  endfacet
  facet normal 0.955475 -0.256012 0.146719
    outer loop
      vertex -10.8223 53.8 31.0981
      vertex -12.4245 47.8 31.0626
      vertex -10.7897 53.8 30.8858
    endloop
  endfacet
  facet normal -0.325525 0.0872239 -0.941502
    outer loop
      vertex -6.58142 47.8 35.2879
      vertex -5.36592 53.8 35.4235
      vertex -4.97373 53.8 35.2879
    endloop
  endfacet
  facet normal -0.325518 0.0872224 -0.941504
    outer loop
      vertex -5.36592 53.8 35.4235
      vertex -6.58142 47.8 35.2879
      vertex -6.97362 47.8 35.4235
    endloop
  endfacet
  facet normal -0.234878 0.0629209 0.969986
    outer loop
      vertex -5.76999 53.8 27.4788
      vertex -7.04983 47.8 27.5581
      vertex -5.62008 53.8 27.5151
    endloop
  endfacet
  facet normal -0.234634 0.0628699 0.970049
    outer loop
      vertex -7.04983 47.8 27.5581
      vertex -5.76999 53.8 27.4788
      vertex -7.37768 47.8 27.4788
    endloop
  endfacet
  facet normal 0.496507 -0.133041 0.857777
    outer loop
      vertex -8.75222 53.8 27.9728
      vertex -10.2067 47.8 27.8841
      vertex -8.59898 53.8 27.8841
    endloop
  endfacet
  facet normal 0.496592 -0.133061 0.857725
    outer loop
      vertex -10.2067 47.8 27.8841
      vertex -8.75222 53.8 27.9728
      vertex -10.5195 47.8 28.0652
    endloop
  endfacet
  facet normal 0.964761 -0.258504 0.0491167
    outer loop
      vertex -12.4318 47.8 31.1339
      vertex -10.8223 53.8 31.0981
      vertex -10.8332 53.8 31.3122
    endloop
  endfacet
  facet normal 0.964788 -0.258515 0.0485089
    outer loop
      vertex -10.8223 53.8 31.0981
      vertex -12.4318 47.8 31.1339
      vertex -12.43 47.8 31.0981
    endloop
  endfacet
  facet normal -0.715564 0.191734 0.671719
    outer loop
      vertex -5.20436 47.8 28.6009
      vertex -3.50383 53.8 28.6998
      vertex -3.59667 53.8 28.6009
    endloop
  endfacet
  facet normal -0.715663 0.191764 0.671605
    outer loop
      vertex -3.50383 53.8 28.6998
      vertex -5.20436 47.8 28.6009
      vertex -4.98805 47.8 28.8314
    endloop
  endfacet
  facet normal -0.64858 0.173779 0.741043
    outer loop
      vertex -3.90531 53.8 28.3307
      vertex -5.44564 47.8 28.3896
      vertex -3.70022 53.8 28.5102
    endloop
  endfacet
  facet normal -0.648245 0.173696 0.741355
    outer loop
      vertex -5.44564 47.8 28.3896
      vertex -3.90531 53.8 28.3307
      vertex -5.513 47.8 28.3307
    endloop
  endfacet
  facet normal -0.936975 0.251061 0.242994
    outer loop
      vertex -4.14391 47.8 30.3098
      vertex -2.435 53.8 30.7001
      vertex -2.53622 53.8 30.3098
    endloop
  endfacet
  facet normal -0.93698 0.251064 0.242971
    outer loop
      vertex -2.435 53.8 30.7001
      vertex -4.14391 47.8 30.3098
      vertex -4.0427 47.8 30.7001
    endloop
  endfacet
  facet normal -0.955474 0.256019 0.146709
    outer loop
      vertex -4.02776 47.8 30.7974
      vertex -2.435 53.8 30.7001
      vertex -4.0427 47.8 30.7001
    endloop
  endfacet
  facet normal -0.955472 0.256019 0.14672
    outer loop
      vertex -2.435 53.8 30.7001
      vertex -4.02776 47.8 30.7974
      vertex -2.39291 53.8 30.9742
    endloop
  endfacet
  facet normal -0.955472 0.256019 -0.14672
    outer loop
      vertex -4.02776 47.8 32.2026
      vertex -2.435 53.8 32.2999
      vertex -2.39291 53.8 32.0258
    endloop
  endfacet
  facet normal -0.955474 0.256019 -0.146709
    outer loop
      vertex -2.435 53.8 32.2999
      vertex -4.02776 47.8 32.2026
      vertex -4.0427 47.8 32.2999
    endloop
  endfacet
  facet normal -0.496666 0.133082 -0.857679
    outer loop
      vertex -5.84758 47.8 34.909
      vertex -4.59717 53.8 35.1159
      vertex -4.23988 53.8 34.909
    endloop
  endfacet
  facet normal -0.496676 0.133084 -0.857672
    outer loop
      vertex -4.59717 53.8 35.1159
      vertex -5.84758 47.8 34.909
      vertex -6.20486 47.8 35.1159
    endloop
  endfacet
  facet normal -0.64858 0.173779 -0.741043
    outer loop
      vertex -5.44564 47.8 34.6104
      vertex -3.90531 53.8 34.6693
      vertex -3.70022 53.8 34.4898
    endloop
  endfacet
  facet normal -0.648245 0.173696 -0.741355
    outer loop
      vertex -3.90531 53.8 34.6693
      vertex -5.44564 47.8 34.6104
      vertex -5.513 47.8 34.6693
    endloop
  endfacet
  facet normal -0.828467 0.221987 -0.514164
    outer loop
      vertex -4.67649 47.8 33.7778
      vertex -2.99972 53.8 33.6665
      vertex -4.51277 47.8 33.514
    endloop
  endfacet
  facet normal -0.828483 0.221992 -0.514136
    outer loop
      vertex -2.99972 53.8 33.6665
      vertex -4.67649 47.8 33.7778
      vertex -3.06879 53.8 33.7778
    endloop
  endfacet
  facet normal 0.234711 -0.0628907 -0.970029
    outer loop
      vertex -9.03386 47.8 35.5212
      vertex -7.66504 53.8 35.4634
      vertex -7.42616 53.8 35.5212
    endloop
  endfacet
  facet normal 0.234069 -0.062746 -0.970193
    outer loop
      vertex -7.66504 53.8 35.4634
      vertex -9.03386 47.8 35.5212
      vertex -9.09479 47.8 35.5065
    endloop
  endfacet
  facet normal 0.936986 -0.251065 0.242949
    outer loop
      vertex -12.3688 47.8 30.7001
      vertex -10.6599 53.8 30.3098
      vertex -10.7611 53.8 30.7001
    endloop
  endfacet
  facet normal 0.936986 -0.251065 0.242949
    outer loop
      vertex -10.6599 53.8 30.3098
      vertex -12.3688 47.8 30.7001
      vertex -12.2676 47.8 30.3098
    endloop
  endfacet
  facet normal 0.575297 -0.154154 0.803287
    outer loop
      vertex -9.14491 53.8 28.2261
      vertex -10.564 47.8 28.091
      vertex -8.95627 53.8 28.091
    endloop
  endfacet
  facet normal 0.574854 -0.154057 0.803623
    outer loop
      vertex -10.564 47.8 28.091
      vertex -9.14491 53.8 28.2261
      vertex -10.6051 47.8 28.1204
    endloop
  endfacet
  facet normal 0.234325 -0.0628064 0.970127
    outer loop
      vertex -7.83023 53.8 27.5765
      vertex -9.09479 47.8 27.4935
      vertex -7.66504 53.8 27.5366
    endloop
  endfacet
  facet normal 0.234645 -0.0628728 0.970046
    outer loop
      vertex -9.09479 47.8 27.4935
      vertex -7.83023 53.8 27.5765
      vertex -9.43792 47.8 27.5765
    endloop
  endfacet
  facet normal 0.64882 -0.173855 0.740815
    outer loop
      vertex -9.59948 53.8 28.6009
      vertex -11.1725 47.8 28.5705
      vertex -9.42707 53.8 28.4499
    endloop
  endfacet
  facet normal 0.648927 -0.173882 0.740715
    outer loop
      vertex -11.1725 47.8 28.5705
      vertex -9.59948 53.8 28.6009
      vertex -11.2072 47.8 28.6009
    endloop
  endfacet
  facet normal 0.715622 -0.191757 0.67165
    outer loop
      vertex -11.2383 47.8 28.634
      vertex -9.59948 53.8 28.6009
      vertex -9.75406 53.8 28.7656
    endloop
  endfacet
  facet normal 0.715271 -0.191659 0.672052
    outer loop
      vertex -9.59948 53.8 28.6009
      vertex -11.2383 47.8 28.634
      vertex -11.2072 47.8 28.6009
    endloop
  endfacet
  facet normal -0.141877 0.0380157 0.989154
    outer loop
      vertex -6.18203 53.8 27.4197
      vertex -7.37768 47.8 27.4788
      vertex -5.76999 53.8 27.4788
    endloop
  endfacet
  facet normal -0.141877 0.0380157 0.989154
    outer loop
      vertex -7.37768 47.8 27.4788
      vertex -6.18203 53.8 27.4197
      vertex -7.78972 47.8 27.4197
    endloop
  endfacet
  facet normal -0.325525 0.0872239 0.941502
    outer loop
      vertex -5.36592 53.8 27.5765
      vertex -6.58142 47.8 27.7121
      vertex -4.97373 53.8 27.7121
    endloop
  endfacet
  facet normal -0.325518 0.0872224 0.941504
    outer loop
      vertex -6.58142 47.8 27.7121
      vertex -5.36592 53.8 27.5765
      vertex -6.97362 47.8 27.5765
    endloop
  endfacet
  facet normal -0.412926 0.110643 0.904019
    outer loop
      vertex -4.97373 53.8 27.7121
      vertex -6.20486 47.8 27.8841
      vertex -4.59717 53.8 27.8841
    endloop
  endfacet
  facet normal -0.412926 0.110643 0.904019
    outer loop
      vertex -6.20486 47.8 27.8841
      vertex -4.97373 53.8 27.7121
      vertex -6.58142 47.8 27.7121
    endloop
  endfacet
  facet normal 0.955462 -0.256005 0.146812
    outer loop
      vertex -12.3688 47.8 30.7001
      vertex -10.7897 53.8 30.8858
      vertex -12.4245 47.8 31.0626
    endloop
  endfacet
  facet normal 0.955412 -0.256003 0.147145
    outer loop
      vertex -10.7897 53.8 30.8858
      vertex -12.3688 47.8 30.7001
      vertex -10.7611 53.8 30.7001
    endloop
  endfacet
  facet normal -0.828499 0.221994 0.514109
    outer loop
      vertex -4.51277 47.8 29.486
      vertex -2.85464 53.8 29.5673
      vertex -2.99972 53.8 29.3335
    endloop
  endfacet
  facet normal -0.828582 0.222018 0.513965
    outer loop
      vertex -2.85464 53.8 29.5673
      vertex -4.51277 47.8 29.486
      vertex -4.46234 47.8 29.5673
    endloop
  endfacet
  facet normal -0.775878 0.207897 0.595644
    outer loop
      vertex -4.86782 47.8 28.973
      vertex -3.31693 53.8 28.899
      vertex -4.92463 47.8 28.899
    endloop
  endfacet
  facet normal -0.775794 0.207876 0.59576
    outer loop
      vertex -3.31693 53.8 28.899
      vertex -4.86782 47.8 28.973
      vertex -3.14952 53.8 29.117
    endloop
  endfacet
  facet normal -0.715727 0.191778 0.671533
    outer loop
      vertex -4.98805 47.8 28.8314
      vertex -3.31693 53.8 28.899
      vertex -3.50383 53.8 28.6998
    endloop
  endfacet
  facet normal -0.715757 0.191787 0.671498
    outer loop
      vertex -3.31693 53.8 28.899
      vertex -4.98805 47.8 28.8314
      vertex -4.92463 47.8 28.899
    endloop
  endfacet
  facet normal -0.775851 0.207894 0.59568
    outer loop
      vertex -4.67649 47.8 29.2222
      vertex -3.14952 53.8 29.117
      vertex -4.86782 47.8 28.973
    endloop
  endfacet
  facet normal -0.775989 0.207926 0.59549
    outer loop
      vertex -3.14952 53.8 29.117
      vertex -4.67649 47.8 29.2222
      vertex -3.06879 53.8 29.2222
    endloop
  endfacet
  facet normal -0.828483 0.221992 0.514136
    outer loop
      vertex -4.67649 47.8 29.2222
      vertex -2.99972 53.8 29.3335
      vertex -3.06879 53.8 29.2222
    endloop
  endfacet
  facet normal -0.828467 0.221987 0.514164
    outer loop
      vertex -2.99972 53.8 29.3335
      vertex -4.67649 47.8 29.2222
      vertex -4.51277 47.8 29.486
    endloop
  endfacet
  facet normal -0.775794 0.207876 -0.59576
    outer loop
      vertex -4.86782 47.8 34.027
      vertex -3.31693 53.8 34.101
      vertex -3.14952 53.8 33.883
    endloop
  endfacet
  facet normal -0.775878 0.207897 -0.595644
    outer loop
      vertex -3.31693 53.8 34.101
      vertex -4.86782 47.8 34.027
      vertex -4.92463 47.8 34.101
    endloop
  endfacet
  facet normal -0.715757 0.191787 -0.671498
    outer loop
      vertex -4.98805 47.8 34.1686
      vertex -3.31693 53.8 34.101
      vertex -4.92463 47.8 34.101
    endloop
  endfacet
  facet normal -0.715727 0.191778 -0.671533
    outer loop
      vertex -3.31693 53.8 34.101
      vertex -4.98805 47.8 34.1686
      vertex -3.50383 53.8 34.3002
    endloop
  endfacet
  facet normal -0.909475 0.243694 -0.336851
    outer loop
      vertex -4.28424 47.8 33.069
      vertex -2.63224 53.8 32.9494
      vertex -4.17783 47.8 32.7817
    endloop
  endfacet
  facet normal -0.909446 0.243685 -0.336936
    outer loop
      vertex -2.63224 53.8 32.9494
      vertex -4.28424 47.8 33.069
      vertex -2.67655 53.8 33.069
    endloop
  endfacet
  facet normal -0.775989 0.207926 -0.59549
    outer loop
      vertex -4.67649 47.8 33.7778
      vertex -3.14952 53.8 33.883
      vertex -3.06879 53.8 33.7778
    endloop
  endfacet
  facet normal -0.775851 0.207894 -0.59568
    outer loop
      vertex -3.14952 53.8 33.883
      vertex -4.67649 47.8 33.7778
      vertex -4.86782 47.8 34.027
    endloop
  endfacet
  facet normal 0.0472944 -0.0126725 -0.998801
    outer loop
      vertex -8.20577 47.8 35.6
      vertex -7.01412 53.8 35.5803
      vertex -6.59808 53.8 35.6
    endloop
  endfacet
  facet normal 0.0472933 -0.0126722 -0.998801
    outer loop
      vertex -7.01412 53.8 35.5803
      vertex -8.20577 47.8 35.6
      vertex -8.62182 47.8 35.5803
    endloop
  endfacet
  facet normal 0.57561 -0.15423 -0.803048
    outer loop
      vertex -10.6051 47.8 34.8796
      vertex -9.29084 53.8 34.6693
      vertex -9.14491 53.8 34.7739
    endloop
  endfacet
  facet normal 0.575603 -0.154229 -0.803053
    outer loop
      vertex -9.29084 53.8 34.6693
      vertex -10.6051 47.8 34.8796
      vertex -10.8985 47.8 34.6693
    endloop
  endfacet
  facet normal 0.496507 -0.133041 -0.857777
    outer loop
      vertex -10.2067 47.8 35.1159
      vertex -8.75222 53.8 35.0272
      vertex -8.59898 53.8 35.1159
    endloop
  endfacet
  facet normal 0.496592 -0.133061 -0.857725
    outer loop
      vertex -8.75222 53.8 35.0272
      vertex -10.2067 47.8 35.1159
      vertex -10.5195 47.8 34.9348
    endloop
  endfacet
  facet normal 0.774914 -0.207638 0.596988
    outer loop
      vertex -11.7096 47.8 29.1891
      vertex -10.1274 53.8 29.2222
      vertex -11.7351 47.8 29.2222
    endloop
  endfacet
  facet normal 0.775813 -0.207868 0.595739
    outer loop
      vertex -10.1274 53.8 29.2222
      vertex -11.7096 47.8 29.1891
      vertex -9.99133 53.8 29.045
    endloop
  endfacet
  facet normal 0.909578 -0.243721 0.336554
    outer loop
      vertex -12.2676 47.8 30.3098
      vertex -10.595 53.8 30.1344
      vertex -10.6599 53.8 30.3098
    endloop
  endfacet
  facet normal 0.909509 -0.243696 0.336757
    outer loop
      vertex -10.595 53.8 30.1344
      vertex -12.2676 47.8 30.3098
      vertex -12.1406 47.8 29.9668
    endloop
  endfacet
  facet normal 0.909385 -0.243674 0.337107
    outer loop
      vertex -12.1406 47.8 29.9668
      vertex -10.5196 53.8 29.931
      vertex -10.595 53.8 30.1344
    endloop
  endfacet
  facet normal 0.90916 -0.243609 0.337761
    outer loop
      vertex -10.5196 53.8 29.931
      vertex -12.1406 47.8 29.9668
      vertex -12.1273 47.8 29.931
    endloop
  endfacet
  facet normal 0.648484 -0.173757 0.741132
    outer loop
      vertex -9.42707 53.8 28.4499
      vertex -10.8985 47.8 28.3307
      vertex -9.29084 53.8 28.3307
    endloop
  endfacet
  facet normal 0.648562 -0.173775 0.74106
    outer loop
      vertex -10.8985 47.8 28.3307
      vertex -9.42707 53.8 28.4499
      vertex -11.1725 47.8 28.5705
    endloop
  endfacet
  facet normal 0.57561 -0.15423 0.803048
    outer loop
      vertex -9.29084 53.8 28.3307
      vertex -10.6051 47.8 28.1204
      vertex -9.14491 53.8 28.2261
    endloop
  endfacet
  facet normal 0.575603 -0.154229 0.803053
    outer loop
      vertex -10.6051 47.8 28.1204
      vertex -9.29084 53.8 28.3307
      vertex -10.8985 47.8 28.3307
    endloop
  endfacet
  facet normal 0.234711 -0.0628907 0.970029
    outer loop
      vertex -7.66504 53.8 27.5366
      vertex -9.03386 47.8 27.4788
      vertex -7.42616 53.8 27.4788
    endloop
  endfacet
  facet normal 0.234069 -0.062746 0.970193
    outer loop
      vertex -9.03386 47.8 27.4788
      vertex -7.66504 53.8 27.5366
      vertex -9.09479 47.8 27.4935
    endloop
  endfacet
  facet normal 0.90916 -0.243609 -0.337761
    outer loop
      vertex -12.1406 47.8 33.0332
      vertex -10.5196 53.8 33.069
      vertex -12.1273 47.8 33.069
    endloop
  endfacet
  facet normal 0.909385 -0.243674 -0.337107
    outer loop
      vertex -10.5196 53.8 33.069
      vertex -12.1406 47.8 33.0332
      vertex -10.595 53.8 32.8656
    endloop
  endfacet
  facet normal 0.715271 -0.191659 -0.672052
    outer loop
      vertex -11.2383 47.8 34.366
      vertex -9.59948 53.8 34.3991
      vertex -11.2072 47.8 34.3991
    endloop
  endfacet
  facet normal 0.715622 -0.191757 -0.67165
    outer loop
      vertex -9.59948 53.8 34.3991
      vertex -11.2383 47.8 34.366
      vertex -9.75406 53.8 34.2344
    endloop
  endfacet
  facet normal -0.234878 0.0629209 -0.969986
    outer loop
      vertex -7.04983 47.8 35.4419
      vertex -5.76999 53.8 35.5212
      vertex -5.62008 53.8 35.4849
    endloop
  endfacet
  facet normal -0.234634 0.0628699 -0.970049
    outer loop
      vertex -5.76999 53.8 35.5212
      vertex -7.04983 47.8 35.4419
      vertex -7.37768 47.8 35.5212
    endloop
  endfacet
  facet normal -0.234361 0.0627972 -0.970119
    outer loop
      vertex -6.97362 47.8 35.4235
      vertex -5.62008 53.8 35.4849
      vertex -5.36592 53.8 35.4235
    endloop
  endfacet
  facet normal -0.234232 0.0627682 -0.970152
    outer loop
      vertex -5.62008 53.8 35.4849
      vertex -6.97362 47.8 35.4235
      vertex -7.04983 47.8 35.4419
    endloop
  endfacet
  facet normal -0.141877 0.0380157 -0.989154
    outer loop
      vertex -7.37768 47.8 35.5212
      vertex -6.18203 53.8 35.5803
      vertex -5.76999 53.8 35.5212
    endloop
  endfacet
  facet normal -0.141877 0.0380157 -0.989154
    outer loop
      vertex -6.18203 53.8 35.5803
      vertex -7.37768 47.8 35.5212
      vertex -7.78972 47.8 35.5803
    endloop
  endfacet
  facet normal -0.575434 0.154187 -0.803183
    outer loop
      vertex -5.513 47.8 34.6693
      vertex -4.23988 53.8 34.909
      vertex -3.90531 53.8 34.6693
    endloop
  endfacet
  facet normal -0.575423 0.154184 -0.803191
    outer loop
      vertex -4.23988 53.8 34.909
      vertex -5.513 47.8 34.6693
      vertex -5.84758 47.8 34.909
    endloop
  endfacet
  facet normal -0.234361 0.0627972 0.970119
    outer loop
      vertex -5.62008 53.8 27.5151
      vertex -6.97362 47.8 27.5765
      vertex -5.36592 53.8 27.5765
    endloop
  endfacet
  facet normal -0.234232 0.0627682 0.970152
    outer loop
      vertex -6.97362 47.8 27.5765
      vertex -5.62008 53.8 27.5151
      vertex -7.04983 47.8 27.5581
    endloop
  endfacet
  facet normal -0.909456 0.243691 0.336906
    outer loop
      vertex -4.17783 47.8 30.2183
      vertex -2.53622 53.8 30.3098
      vertex -2.63224 53.8 30.0506
    endloop
  endfacet
  facet normal -0.909383 0.243668 0.337118
    outer loop
      vertex -2.53622 53.8 30.3098
      vertex -4.17783 47.8 30.2183
      vertex -4.14391 47.8 30.3098
    endloop
  endfacet
  facet normal -0.909446 0.243685 0.336936
    outer loop
      vertex -4.28424 47.8 29.931
      vertex -2.63224 53.8 30.0506
      vertex -2.67655 53.8 29.931
    endloop
  endfacet
  facet normal -0.909475 0.243694 0.336851
    outer loop
      vertex -2.63224 53.8 30.0506
      vertex -4.28424 47.8 29.931
      vertex -4.17783 47.8 30.2183
    endloop
  endfacet
  facet normal -0.715663 0.191764 -0.671605
    outer loop
      vertex -5.20436 47.8 34.3991
      vertex -3.50383 53.8 34.3002
      vertex -4.98805 47.8 34.1686
    endloop
  endfacet
  facet normal -0.715564 0.191734 -0.671719
    outer loop
      vertex -3.50383 53.8 34.3002
      vertex -5.20436 47.8 34.3991
      vertex -3.59667 53.8 34.3991
    endloop
  endfacet
  facet normal -0.873171 0.233965 -0.427589
    outer loop
      vertex -4.28424 47.8 33.069
      vertex -2.73311 53.8 33.1845
      vertex -2.67655 53.8 33.069
    endloop
  endfacet
  facet normal -0.873162 0.233963 -0.42761
    outer loop
      vertex -2.73311 53.8 33.1845
      vertex -4.28424 47.8 33.069
      vertex -4.42009 47.8 33.3464
    endloop
  endfacet
  facet normal -0.936975 0.251062 -0.242994
    outer loop
      vertex -4.0427 47.8 32.2999
      vertex -2.53622 53.8 32.6902
      vertex -2.435 53.8 32.2999
    endloop
  endfacet
  facet normal -0.936981 0.251062 -0.242972
    outer loop
      vertex -2.53622 53.8 32.6902
      vertex -4.0427 47.8 32.2999
      vertex -4.14391 47.8 32.6902
    endloop
  endfacet
  facet normal -0.909383 0.243668 -0.337118
    outer loop
      vertex -4.17783 47.8 32.7817
      vertex -2.53622 53.8 32.6902
      vertex -4.14391 47.8 32.6902
    endloop
  endfacet
  facet normal -0.909456 0.243691 -0.336906
    outer loop
      vertex -2.53622 53.8 32.6902
      vertex -4.17783 47.8 32.7817
      vertex -2.63224 53.8 32.9494
    endloop
  endfacet
  facet normal 0.141877 -0.0380159 -0.989154
    outer loop
      vertex -8.62182 47.8 35.5803
      vertex -7.42616 53.8 35.5212
      vertex -7.01412 53.8 35.5803
    endloop
  endfacet
  facet normal 0.141877 -0.0380159 -0.989154
    outer loop
      vertex -7.42616 53.8 35.5212
      vertex -8.62182 47.8 35.5803
      vertex -9.03386 47.8 35.5212
    endloop
  endfacet
  facet normal 0.325518 -0.0872219 -0.941504
    outer loop
      vertex -9.43792 47.8 35.4235
      vertex -8.22243 53.8 35.2879
      vertex -7.83023 53.8 35.4235
    endloop
  endfacet
  facet normal 0.325518 -0.0872219 -0.941504
    outer loop
      vertex -8.22243 53.8 35.2879
      vertex -9.43792 47.8 35.4235
      vertex -9.83012 47.8 35.2879
    endloop
  endfacet
  facet normal 0.648484 -0.173757 -0.741132
    outer loop
      vertex -10.8985 47.8 34.6693
      vertex -9.42707 53.8 34.5501
      vertex -9.29084 53.8 34.6693
    endloop
  endfacet
  facet normal 0.648562 -0.173775 -0.74106
    outer loop
      vertex -9.42707 53.8 34.5501
      vertex -10.8985 47.8 34.6693
      vertex -11.1725 47.8 34.4295
    endloop
  endfacet
  facet normal 0.496784 -0.133119 -0.857604
    outer loop
      vertex -10.5195 47.8 34.9348
      vertex -8.95627 53.8 34.909
      vertex -8.75222 53.8 35.0272
    endloop
  endfacet
  facet normal 0.497103 -0.133201 -0.857407
    outer loop
      vertex -8.95627 53.8 34.909
      vertex -10.5195 47.8 34.9348
      vertex -10.564 47.8 34.909
    endloop
  endfacet
  facet normal 0.575297 -0.154154 -0.803287
    outer loop
      vertex -10.564 47.8 34.909
      vertex -9.14491 53.8 34.7739
      vertex -8.95627 53.8 34.909
    endloop
  endfacet
  facet normal 0.574854 -0.154057 -0.803623
    outer loop
      vertex -9.14491 53.8 34.7739
      vertex -10.564 47.8 34.909
      vertex -10.6051 47.8 34.8796
    endloop
  endfacet
  facet normal 0.873173 -0.233967 0.427584
    outer loop
      vertex -12.1273 47.8 29.931
      vertex -10.3415 53.8 29.5673
      vertex -10.5196 53.8 29.931
    endloop
  endfacet
  facet normal 0.873173 -0.233967 0.427584
    outer loop
      vertex -10.3415 53.8 29.5673
      vertex -12.1273 47.8 29.931
      vertex -11.9492 47.8 29.5673
    endloop
  endfacet
  facet normal 0.412935 -0.110645 0.904015
    outer loop
      vertex -8.59898 53.8 27.8841
      vertex -9.83012 47.8 27.7121
      vertex -8.22243 53.8 27.7121
    endloop
  endfacet
  facet normal 0.412908 -0.11064 0.904028
    outer loop
      vertex -9.83012 47.8 27.7121
      vertex -8.59898 53.8 27.8841
      vertex -10.2067 47.8 27.8841
    endloop
  endfacet
  facet normal 0.325518 -0.0872219 0.941504
    outer loop
      vertex -8.22243 53.8 27.7121
      vertex -9.43792 47.8 27.5765
      vertex -7.83023 53.8 27.5765
    endloop
  endfacet
  facet normal 0.325518 -0.0872219 0.941504
    outer loop
      vertex -9.43792 47.8 27.5765
      vertex -8.22243 53.8 27.7121
      vertex -9.83012 47.8 27.7121
    endloop
  endfacet
  facet normal 0.909509 -0.243696 -0.336757
    outer loop
      vertex -12.2676 47.8 32.6902
      vertex -10.595 53.8 32.8656
      vertex -12.1406 47.8 33.0332
    endloop
  endfacet
  facet normal 0.909578 -0.243721 -0.336554
    outer loop
      vertex -10.595 53.8 32.8656
      vertex -12.2676 47.8 32.6902
      vertex -10.6599 53.8 32.6902
    endloop
  endfacet
  facet normal 0.715775 -0.191791 -0.671478
    outer loop
      vertex -11.4869 47.8 34.101
      vertex -9.75406 53.8 34.2344
      vertex -11.2383 47.8 34.366
    endloop
  endfacet
  facet normal 0.715735 -0.191779 -0.671524
    outer loop
      vertex -9.75406 53.8 34.2344
      vertex -11.4869 47.8 34.101
      vertex -9.87922 53.8 34.101
    endloop
  endfacet
  facet normal 0.936986 -0.251065 -0.242949
    outer loop
      vertex -12.2676 47.8 32.6902
      vertex -10.7611 53.8 32.2999
      vertex -10.6599 53.8 32.6902
    endloop
  endfacet
  facet normal 0.936986 -0.251065 -0.242949
    outer loop
      vertex -10.7611 53.8 32.2999
      vertex -12.2676 47.8 32.6902
      vertex -12.3688 47.8 32.2999
    endloop
  endfacet
  facet normal 0.955412 -0.256003 -0.147145
    outer loop
      vertex -12.3688 47.8 32.2999
      vertex -10.7897 53.8 32.1142
      vertex -10.7611 53.8 32.2999
    endloop
  endfacet
  facet normal 0.955462 -0.256005 -0.146812
    outer loop
      vertex -10.7897 53.8 32.1142
      vertex -12.3688 47.8 32.2999
      vertex -12.4245 47.8 31.9374
    endloop
  endfacet
  facet normal 0.775813 -0.207868 -0.595739
    outer loop
      vertex -11.7096 47.8 33.8109
      vertex -10.1274 53.8 33.7778
      vertex -9.99133 53.8 33.955
    endloop
  endfacet
  facet normal 0.774914 -0.207638 -0.596988
    outer loop
      vertex -10.1274 53.8 33.7778
      vertex -11.7096 47.8 33.8109
      vertex -11.7351 47.8 33.7778
    endloop
  endfacet
  facet normal 0.775816 -0.207877 -0.595731
    outer loop
      vertex -11.4869 47.8 34.101
      vertex -9.99133 53.8 33.955
      vertex -9.87922 53.8 34.101
    endloop
  endfacet
  facet normal 0.775893 -0.207894 -0.595627
    outer loop
      vertex -9.99133 53.8 33.955
      vertex -11.4869 47.8 34.101
      vertex -11.7096 47.8 33.8109
    endloop
  endfacet
  facet normal 0.873173 -0.233967 -0.427584
    outer loop
      vertex -11.9492 47.8 33.4327
      vertex -10.5196 53.8 33.069
      vertex -10.3415 53.8 33.4327
    endloop
  endfacet
  facet normal 0.873173 -0.233967 -0.427584
    outer loop
      vertex -10.5196 53.8 33.069
      vertex -11.9492 47.8 33.4327
      vertex -12.1273 47.8 33.069
    endloop
  endfacet
  facet normal 0.828545 -0.222009 -0.514029
    outer loop
      vertex -11.7351 47.8 33.7778
      vertex -10.3415 53.8 33.4327
      vertex -10.1274 53.8 33.7778
    endloop
  endfacet
  facet normal 0.828545 -0.222009 -0.514029
    outer loop
      vertex -10.3415 53.8 33.4327
      vertex -11.7351 47.8 33.7778
      vertex -11.9492 47.8 33.4327
    endloop
  endfacet
  facet normal -0.964788 -0.258515 0.0485089
    outer loop
      vertex 12.4318 47.8 31.1339
      vertex 10.8223 53.8 31.0981
      vertex 12.43 47.8 31.0981
    endloop
  endfacet
  facet normal -0.964761 -0.258504 0.0491167
    outer loop
      vertex 10.8223 53.8 31.0981
      vertex 12.4318 47.8 31.1339
      vertex 10.8332 53.8 31.3122
    endloop
  endfacet
  facet normal -0.496592 -0.133061 -0.857725
    outer loop
      vertex 10.2067 47.8 35.1159
      vertex 8.75222 53.8 35.0272
      vertex 10.5195 47.8 34.9348
    endloop
  endfacet
  facet normal -0.496507 -0.133041 -0.857777
    outer loop
      vertex 8.75222 53.8 35.0272
      vertex 10.2067 47.8 35.1159
      vertex 8.59898 53.8 35.1159
    endloop
  endfacet
  facet normal 0.909475 0.243694 0.336851
    outer loop
      vertex 4.28424 47.8 29.931
      vertex 2.63224 53.8 30.0506
      vertex 4.17783 47.8 30.2183
    endloop
  endfacet
  facet normal 0.909446 0.243685 0.336936
    outer loop
      vertex 2.63224 53.8 30.0506
      vertex 4.28424 47.8 29.931
      vertex 2.67655 53.8 29.931
    endloop
  endfacet
  facet normal -0.496592 -0.133061 0.857725
    outer loop
      vertex 8.75222 53.8 27.9728
      vertex 10.2067 47.8 27.8841
      vertex 10.5195 47.8 28.0652
    endloop
  endfacet
  facet normal -0.496507 -0.133041 0.857777
    outer loop
      vertex 10.2067 47.8 27.8841
      vertex 8.75222 53.8 27.9728
      vertex 8.59898 53.8 27.8841
    endloop
  endfacet
  facet normal 0.575423 0.154184 -0.803191
    outer loop
      vertex 5.513 47.8 34.6693
      vertex 4.23988 53.8 34.909
      vertex 5.84758 47.8 34.909
    endloop
  endfacet
  facet normal 0.575434 0.154187 -0.803183
    outer loop
      vertex 4.23988 53.8 34.909
      vertex 5.513 47.8 34.6693
      vertex 3.90531 53.8 34.6693
    endloop
  endfacet
  facet normal -0.828545 -0.222009 0.514029
    outer loop
      vertex 11.7351 47.8 29.2222
      vertex 10.3415 53.8 29.5673
      vertex 10.1274 53.8 29.2222
    endloop
  endfacet
  facet normal -0.828545 -0.222009 0.514029
    outer loop
      vertex 10.3415 53.8 29.5673
      vertex 11.7351 47.8 29.2222
      vertex 11.9492 47.8 29.5673
    endloop
  endfacet
  facet normal -0.715775 -0.191791 0.671478
    outer loop
      vertex 11.4869 47.8 28.899
      vertex 9.75406 53.8 28.7656
      vertex 11.2383 47.8 28.634
    endloop
  endfacet
  facet normal -0.715735 -0.191779 0.671524
    outer loop
      vertex 9.75406 53.8 28.7656
      vertex 11.4869 47.8 28.899
      vertex 9.87922 53.8 28.899
    endloop
  endfacet
  facet normal 0.0472933 0.0126722 -0.998801
    outer loop
      vertex 7.78972 47.8 35.5803
      vertex 6.59808 53.8 35.6
      vertex 8.20577 47.8 35.6
    endloop
  endfacet
  facet normal 0.0472933 0.0126722 -0.998801
    outer loop
      vertex 6.59808 53.8 35.6
      vertex 7.78972 47.8 35.5803
      vertex 6.18203 53.8 35.5803
    endloop
  endfacet
  facet normal 0.873162 0.233963 -0.42761
    outer loop
      vertex 4.28424 47.8 33.069
      vertex 2.73311 53.8 33.1845
      vertex 4.42009 47.8 33.3464
    endloop
  endfacet
  facet normal 0.873171 0.233965 -0.427589
    outer loop
      vertex 2.73311 53.8 33.1845
      vertex 4.28424 47.8 33.069
      vertex 2.67655 53.8 33.069
    endloop
  endfacet
  facet normal 0.715663 0.191764 0.671605
    outer loop
      vertex 5.20436 47.8 28.6009
      vertex 3.50383 53.8 28.6998
      vertex 4.98805 47.8 28.8314
    endloop
  endfacet
  facet normal 0.715564 0.191734 0.671719
    outer loop
      vertex 3.50383 53.8 28.6998
      vertex 5.20436 47.8 28.6009
      vertex 3.59667 53.8 28.6009
    endloop
  endfacet
  facet normal 0.715564 0.191734 -0.671719
    outer loop
      vertex 5.20436 47.8 34.3991
      vertex 3.50383 53.8 34.3002
      vertex 3.59667 53.8 34.3991
    endloop
  endfacet
  facet normal 0.715663 0.191764 -0.671605
    outer loop
      vertex 3.50383 53.8 34.3002
      vertex 5.20436 47.8 34.3991
      vertex 4.98805 47.8 34.1686
    endloop
  endfacet
  facet normal -0.412908 -0.11064 0.904028
    outer loop
      vertex 8.59898 53.8 27.8841
      vertex 9.83012 47.8 27.7121
      vertex 10.2067 47.8 27.8841
    endloop
  endfacet
  facet normal -0.412935 -0.110645 0.904015
    outer loop
      vertex 9.83012 47.8 27.7121
      vertex 8.59898 53.8 27.8841
      vertex 8.22243 53.8 27.7121
    endloop
  endfacet
  facet normal -0.955412 -0.256003 0.147145
    outer loop
      vertex 12.3688 47.8 30.7001
      vertex 10.7897 53.8 30.8858
      vertex 10.7611 53.8 30.7001
    endloop
  endfacet
  facet normal -0.955462 -0.256005 0.146812
    outer loop
      vertex 10.7897 53.8 30.8858
      vertex 12.3688 47.8 30.7001
      vertex 12.4245 47.8 31.0626
    endloop
  endfacet
  facet normal 0.0472933 0.0126722 0.998801
    outer loop
      vertex 6.59808 53.8 27.4
      vertex 7.78972 47.8 27.4197
      vertex 8.20577 47.8 27.4
    endloop
  endfacet
  facet normal 0.0472933 0.0126722 0.998801
    outer loop
      vertex 7.78972 47.8 27.4197
      vertex 6.59808 53.8 27.4
      vertex 6.18203 53.8 27.4197
    endloop
  endfacet
  facet normal -0.873173 -0.233967 -0.427584
    outer loop
      vertex 12.1273 47.8 33.069
      vertex 10.3415 53.8 33.4327
      vertex 10.5196 53.8 33.069
    endloop
  endfacet
  facet normal -0.873173 -0.233967 -0.427584
    outer loop
      vertex 10.3415 53.8 33.4327
      vertex 12.1273 47.8 33.069
      vertex 11.9492 47.8 33.4327
    endloop
  endfacet
  facet normal -0.234069 -0.062746 0.970193
    outer loop
      vertex 7.66504 53.8 27.5366
      vertex 9.03386 47.8 27.4788
      vertex 9.09479 47.8 27.4935
    endloop
  endfacet
  facet normal -0.234711 -0.0628907 0.970029
    outer loop
      vertex 9.03386 47.8 27.4788
      vertex 7.66504 53.8 27.5366
      vertex 7.42616 53.8 27.4788
    endloop
  endfacet
  facet normal -0.715735 -0.191779 -0.671524
    outer loop
      vertex 11.4869 47.8 34.101
      vertex 9.75406 53.8 34.2344
      vertex 9.87922 53.8 34.101
    endloop
  endfacet
  facet normal -0.715775 -0.191791 -0.671478
    outer loop
      vertex 9.75406 53.8 34.2344
      vertex 11.4869 47.8 34.101
      vertex 11.2383 47.8 34.366
    endloop
  endfacet
  facet normal -0.775893 -0.207894 -0.595627
    outer loop
      vertex 11.4869 47.8 34.101
      vertex 9.99133 53.8 33.955
      vertex 11.7096 47.8 33.8109
    endloop
  endfacet
  facet normal -0.775816 -0.207877 -0.595731
    outer loop
      vertex 9.99133 53.8 33.955
      vertex 11.4869 47.8 34.101
      vertex 9.87922 53.8 34.101
    endloop
  endfacet
  facet normal 0.955472 0.256019 0.14672
    outer loop
      vertex 4.02776 47.8 30.7974
      vertex 2.435 53.8 30.7001
      vertex 2.39291 53.8 30.9742
    endloop
  endfacet
  facet normal 0.955474 0.256019 0.146709
    outer loop
      vertex 2.435 53.8 30.7001
      vertex 4.02776 47.8 30.7974
      vertex 4.0427 47.8 30.7001
    endloop
  endfacet
  facet normal 0.936975 0.251061 -0.242994
    outer loop
      vertex 4.14391 47.8 32.6902
      vertex 2.435 53.8 32.2999
      vertex 2.53622 53.8 32.6902
    endloop
  endfacet
  facet normal 0.93698 0.251064 -0.242971
    outer loop
      vertex 2.435 53.8 32.2999
      vertex 4.14391 47.8 32.6902
      vertex 4.0427 47.8 32.2999
    endloop
  endfacet
  facet normal 0.95547 0.256018 -0.146736
    outer loop
      vertex 3.98158 47.8 31.9019
      vertex 2.39291 53.8 32.0258
      vertex 4.02776 47.8 32.2026
    endloop
  endfacet
  facet normal 0.955468 0.256018 -0.146752
    outer loop
      vertex 2.39291 53.8 32.0258
      vertex 3.98158 47.8 31.9019
      vertex 2.37388 53.8 31.9019
    endloop
  endfacet
  facet normal -0.574854 -0.154057 0.803623
    outer loop
      vertex 9.14491 53.8 28.2261
      vertex 10.564 47.8 28.091
      vertex 10.6051 47.8 28.1204
    endloop
  endfacet
  facet normal -0.575297 -0.154154 0.803287
    outer loop
      vertex 10.564 47.8 28.091
      vertex 9.14491 53.8 28.2261
      vertex 8.95627 53.8 28.091
    endloop
  endfacet
  facet normal -0.497103 -0.133201 0.857407
    outer loop
      vertex 8.95627 53.8 28.091
      vertex 10.5195 47.8 28.0652
      vertex 10.564 47.8 28.091
    endloop
  endfacet
  facet normal -0.496784 -0.133119 0.857604
    outer loop
      vertex 10.5195 47.8 28.0652
      vertex 8.95627 53.8 28.091
      vertex 8.75222 53.8 27.9728
    endloop
  endfacet
  facet normal 0.964762 0.258508 0.049069
    outer loop
      vertex 3.96616 47.8 31.4013
      vertex 2.35344 53.8 31.5
      vertex 3.96114 47.8 31.5
    endloop
  endfacet
  facet normal 0.964761 0.258507 0.0490917
    outer loop
      vertex 2.35344 53.8 31.5
      vertex 3.96616 47.8 31.4013
      vertex 2.36753 53.8 31.2231
    endloop
  endfacet
  facet normal -0.955462 -0.256005 -0.146812
    outer loop
      vertex 12.3688 47.8 32.2999
      vertex 10.7897 53.8 32.1142
      vertex 12.4245 47.8 31.9374
    endloop
  endfacet
  facet normal -0.955412 -0.256003 -0.147145
    outer loop
      vertex 10.7897 53.8 32.1142
      vertex 12.3688 47.8 32.2999
      vertex 10.7611 53.8 32.2999
    endloop
  endfacet
  facet normal -0.964761 -0.258504 -0.0491167
    outer loop
      vertex 12.4318 47.8 31.8661
      vertex 10.8223 53.8 31.9019
      vertex 10.8332 53.8 31.6878
    endloop
  endfacet
  facet normal -0.964788 -0.258515 -0.0485089
    outer loop
      vertex 10.8223 53.8 31.9019
      vertex 12.4318 47.8 31.8661
      vertex 12.43 47.8 31.9019
    endloop
  endfacet
  facet normal -0.964766 -0.258502 0.0490157
    outer loop
      vertex 12.4504 47.8 31.5
      vertex 10.8332 53.8 31.3122
      vertex 12.4318 47.8 31.1339
    endloop
  endfacet
  facet normal -0.964775 -0.258511 0.0488038
    outer loop
      vertex 10.8332 53.8 31.3122
      vertex 12.4504 47.8 31.5
      vertex 10.8427 53.8 31.5
    endloop
  endfacet
  facet normal -0.964775 -0.258511 -0.0488038
    outer loop
      vertex 12.4504 47.8 31.5
      vertex 10.8332 53.8 31.6878
      vertex 10.8427 53.8 31.5
    endloop
  endfacet
  facet normal -0.964766 -0.258502 -0.0490157
    outer loop
      vertex 10.8332 53.8 31.6878
      vertex 12.4504 47.8 31.5
      vertex 12.4318 47.8 31.8661
    endloop
  endfacet
  facet normal -0.909509 -0.243696 0.336757
    outer loop
      vertex 12.2676 47.8 30.3098
      vertex 10.595 53.8 30.1344
      vertex 12.1406 47.8 29.9668
    endloop
  endfacet
  facet normal -0.909578 -0.243721 0.336554
    outer loop
      vertex 10.595 53.8 30.1344
      vertex 12.2676 47.8 30.3098
      vertex 10.6599 53.8 30.3098
    endloop
  endfacet
  facet normal -0.0472933 -0.0126722 -0.998801
    outer loop
      vertex 8.20577 47.8 35.6
      vertex 7.01412 53.8 35.5803
      vertex 8.62182 47.8 35.5803
    endloop
  endfacet
  facet normal -0.0472944 -0.0126725 -0.998801
    outer loop
      vertex 7.01412 53.8 35.5803
      vertex 8.20577 47.8 35.6
      vertex 6.59808 53.8 35.6
    endloop
  endfacet
  facet normal 0.648791 0.173844 -0.740843
    outer loop
      vertex 5.20436 47.8 34.3991
      vertex 3.70022 53.8 34.4898
      vertex 5.44564 47.8 34.6104
    endloop
  endfacet
  facet normal 0.648856 0.17386 -0.740783
    outer loop
      vertex 3.70022 53.8 34.4898
      vertex 5.20436 47.8 34.3991
      vertex 3.59667 53.8 34.3991
    endloop
  endfacet
  facet normal 0.828499 0.221994 -0.514109
    outer loop
      vertex 4.51277 47.8 33.514
      vertex 2.85464 53.8 33.4327
      vertex 2.99972 53.8 33.6665
    endloop
  endfacet
  facet normal 0.828582 0.222018 -0.513965
    outer loop
      vertex 2.85464 53.8 33.4327
      vertex 4.51277 47.8 33.514
      vertex 4.46234 47.8 33.4327
    endloop
  endfacet
  facet normal -0.412908 -0.11064 -0.904028
    outer loop
      vertex 9.83012 47.8 35.2879
      vertex 8.59898 53.8 35.1159
      vertex 10.2067 47.8 35.1159
    endloop
  endfacet
  facet normal -0.412935 -0.110645 -0.904015
    outer loop
      vertex 8.59898 53.8 35.1159
      vertex 9.83012 47.8 35.2879
      vertex 8.22243 53.8 35.2879
    endloop
  endfacet
  facet normal -0.234069 -0.062746 -0.970193
    outer loop
      vertex 9.03386 47.8 35.5212
      vertex 7.66504 53.8 35.4634
      vertex 9.09479 47.8 35.5065
    endloop
  endfacet
  facet normal -0.234711 -0.0628907 -0.970029
    outer loop
      vertex 7.66504 53.8 35.4634
      vertex 9.03386 47.8 35.5212
      vertex 7.42616 53.8 35.5212
    endloop
  endfacet
  facet normal -0.715622 -0.191757 -0.67165
    outer loop
      vertex 11.2383 47.8 34.366
      vertex 9.59948 53.8 34.3991
      vertex 9.75406 53.8 34.2344
    endloop
  endfacet
  facet normal -0.715271 -0.191659 -0.672052
    outer loop
      vertex 9.59948 53.8 34.3991
      vertex 11.2383 47.8 34.366
      vertex 11.2072 47.8 34.3991
    endloop
  endfacet
  facet normal -0.575603 -0.154229 0.803053
    outer loop
      vertex 9.29084 53.8 28.3307
      vertex 10.6051 47.8 28.1204
      vertex 10.8985 47.8 28.3307
    endloop
  endfacet
  facet normal -0.57561 -0.15423 0.803048
    outer loop
      vertex 10.6051 47.8 28.1204
      vertex 9.29084 53.8 28.3307
      vertex 9.14491 53.8 28.2261
    endloop
  endfacet
  facet normal 0.496676 0.133084 0.857672
    outer loop
      vertex 4.59717 53.8 27.8841
      vertex 5.84758 47.8 28.091
      vertex 6.20486 47.8 27.8841
    endloop
  endfacet
  facet normal 0.496666 0.133082 0.857679
    outer loop
      vertex 5.84758 47.8 28.091
      vertex 4.59717 53.8 27.8841
      vertex 4.23988 53.8 28.091
    endloop
  endfacet
  facet normal 0.873212 0.233977 -0.427499
    outer loop
      vertex 4.42009 47.8 33.3464
      vertex 2.85464 53.8 33.4327
      vertex 4.46234 47.8 33.4327
    endloop
  endfacet
  facet normal 0.873187 0.233972 -0.427552
    outer loop
      vertex 2.85464 53.8 33.4327
      vertex 4.42009 47.8 33.3464
      vertex 2.73311 53.8 33.1845
    endloop
  endfacet
  facet normal -0.0472933 -0.0126722 0.998801
    outer loop
      vertex 7.01412 53.8 27.4197
      vertex 8.20577 47.8 27.4
      vertex 8.62182 47.8 27.4197
    endloop
  endfacet
  facet normal -0.0472944 -0.0126725 0.998801
    outer loop
      vertex 8.20577 47.8 27.4
      vertex 7.01412 53.8 27.4197
      vertex 6.59808 53.8 27.4
    endloop
  endfacet
  facet normal 0.873171 0.233965 0.427589
    outer loop
      vertex 4.28424 47.8 29.931
      vertex 2.73311 53.8 29.8155
      vertex 2.67655 53.8 29.931
    endloop
  endfacet
  facet normal 0.873162 0.233963 0.42761
    outer loop
      vertex 2.73311 53.8 29.8155
      vertex 4.28424 47.8 29.931
      vertex 4.42009 47.8 29.6536
    endloop
  endfacet
  facet normal 0.909383 0.243668 0.337118
    outer loop
      vertex 4.17783 47.8 30.2183
      vertex 2.53622 53.8 30.3098
      vertex 4.14391 47.8 30.3098
    endloop
  endfacet
  facet normal 0.909456 0.243691 0.336906
    outer loop
      vertex 2.53622 53.8 30.3098
      vertex 4.17783 47.8 30.2183
      vertex 2.63224 53.8 30.0506
    endloop
  endfacet
  facet normal 0.964761 0.258507 -0.0490917
    outer loop
      vertex 3.96616 47.8 31.5987
      vertex 2.35344 53.8 31.5
      vertex 2.36753 53.8 31.7769
    endloop
  endfacet
  facet normal 0.964762 0.258508 -0.049069
    outer loop
      vertex 2.35344 53.8 31.5
      vertex 3.96616 47.8 31.5987
      vertex 3.96114 47.8 31.5
    endloop
  endfacet
  facet normal -0.936986 -0.251065 -0.242949
    outer loop
      vertex 12.3688 47.8 32.2999
      vertex 10.6599 53.8 32.6902
      vertex 10.7611 53.8 32.2999
    endloop
  endfacet
  facet normal -0.936986 -0.251065 -0.242949
    outer loop
      vertex 10.6599 53.8 32.6902
      vertex 12.3688 47.8 32.2999
      vertex 12.2676 47.8 32.6902
    endloop
  endfacet
  facet normal -0.955475 -0.256012 0.146719
    outer loop
      vertex 12.4245 47.8 31.0626
      vertex 10.8223 53.8 31.0981
      vertex 10.7897 53.8 30.8858
    endloop
  endfacet
  facet normal -0.955288 -0.255969 0.148002
    outer loop
      vertex 10.8223 53.8 31.0981
      vertex 12.4245 47.8 31.0626
      vertex 12.43 47.8 31.0981
    endloop
  endfacet
  facet normal -0.936986 -0.251065 0.242949
    outer loop
      vertex 12.2676 47.8 30.3098
      vertex 10.7611 53.8 30.7001
      vertex 10.6599 53.8 30.3098
    endloop
  endfacet
  facet normal -0.936986 -0.251065 0.242949
    outer loop
      vertex 10.7611 53.8 30.7001
      vertex 12.2676 47.8 30.3098
      vertex 12.3688 47.8 30.7001
    endloop
  endfacet
  facet normal -0.141877 -0.0380159 -0.989154
    outer loop
      vertex 8.62182 47.8 35.5803
      vertex 7.42616 53.8 35.5212
      vertex 9.03386 47.8 35.5212
    endloop
  endfacet
  facet normal -0.141877 -0.0380159 -0.989154
    outer loop
      vertex 7.42616 53.8 35.5212
      vertex 8.62182 47.8 35.5803
      vertex 7.01412 53.8 35.5803
    endloop
  endfacet
  facet normal 0.234232 0.0627682 -0.970152
    outer loop
      vertex 6.97362 47.8 35.4235
      vertex 5.62008 53.8 35.4849
      vertex 7.04983 47.8 35.4419
    endloop
  endfacet
  facet normal 0.234361 0.0627972 -0.970119
    outer loop
      vertex 5.62008 53.8 35.4849
      vertex 6.97362 47.8 35.4235
      vertex 5.36592 53.8 35.4235
    endloop
  endfacet
  facet normal 0.496676 0.133084 -0.857672
    outer loop
      vertex 5.84758 47.8 34.909
      vertex 4.59717 53.8 35.1159
      vertex 6.20486 47.8 35.1159
    endloop
  endfacet
  facet normal 0.496666 0.133082 -0.857679
    outer loop
      vertex 4.59717 53.8 35.1159
      vertex 5.84758 47.8 34.909
      vertex 4.23988 53.8 34.909
    endloop
  endfacet
  facet normal 0.325518 0.0872224 -0.941504
    outer loop
      vertex 6.58142 47.8 35.2879
      vertex 5.36592 53.8 35.4235
      vertex 6.97362 47.8 35.4235
    endloop
  endfacet
  facet normal 0.325525 0.0872239 -0.941502
    outer loop
      vertex 5.36592 53.8 35.4235
      vertex 6.58142 47.8 35.2879
      vertex 4.97373 53.8 35.2879
    endloop
  endfacet
  facet normal -0.648562 -0.173775 -0.74106
    outer loop
      vertex 10.8985 47.8 34.6693
      vertex 9.42707 53.8 34.5501
      vertex 11.1725 47.8 34.4295
    endloop
  endfacet
  facet normal -0.648484 -0.173757 -0.741132
    outer loop
      vertex 9.42707 53.8 34.5501
      vertex 10.8985 47.8 34.6693
      vertex 9.29084 53.8 34.6693
    endloop
  endfacet
  facet normal -0.648927 -0.173882 -0.740715
    outer loop
      vertex 11.1725 47.8 34.4295
      vertex 9.59948 53.8 34.3991
      vertex 11.2072 47.8 34.3991
    endloop
  endfacet
  facet normal -0.64882 -0.173855 -0.740815
    outer loop
      vertex 9.59948 53.8 34.3991
      vertex 11.1725 47.8 34.4295
      vertex 9.42707 53.8 34.5501
    endloop
  endfacet
  facet normal -0.574854 -0.154057 -0.803623
    outer loop
      vertex 10.564 47.8 34.909
      vertex 9.14491 53.8 34.7739
      vertex 10.6051 47.8 34.8796
    endloop
  endfacet
  facet normal -0.575297 -0.154154 -0.803287
    outer loop
      vertex 9.14491 53.8 34.7739
      vertex 10.564 47.8 34.909
      vertex 8.95627 53.8 34.909
    endloop
  endfacet
  facet normal -0.497103 -0.133201 -0.857407
    outer loop
      vertex 10.5195 47.8 34.9348
      vertex 8.95627 53.8 34.909
      vertex 10.564 47.8 34.909
    endloop
  endfacet
  facet normal -0.496784 -0.133119 -0.857604
    outer loop
      vertex 8.95627 53.8 34.909
      vertex 10.5195 47.8 34.9348
      vertex 8.75222 53.8 35.0272
    endloop
  endfacet
  facet normal -0.774914 -0.207638 -0.596988
    outer loop
      vertex 11.7096 47.8 33.8109
      vertex 10.1274 53.8 33.7778
      vertex 11.7351 47.8 33.7778
    endloop
  endfacet
  facet normal -0.775813 -0.207868 -0.595739
    outer loop
      vertex 10.1274 53.8 33.7778
      vertex 11.7096 47.8 33.8109
      vertex 9.99133 53.8 33.955
    endloop
  endfacet
  facet normal -0.575603 -0.154229 -0.803053
    outer loop
      vertex 10.6051 47.8 34.8796
      vertex 9.29084 53.8 34.6693
      vertex 10.8985 47.8 34.6693
    endloop
  endfacet
  facet normal -0.57561 -0.15423 -0.803048
    outer loop
      vertex 9.29084 53.8 34.6693
      vertex 10.6051 47.8 34.8796
      vertex 9.14491 53.8 34.7739
    endloop
  endfacet
  facet normal 0.325518 0.0872224 0.941504
    outer loop
      vertex 5.36592 53.8 27.5765
      vertex 6.58142 47.8 27.7121
      vertex 6.97362 47.8 27.5765
    endloop
  endfacet
  facet normal 0.325525 0.0872239 0.941502
    outer loop
      vertex 6.58142 47.8 27.7121
      vertex 5.36592 53.8 27.5765
      vertex 4.97373 53.8 27.7121
    endloop
  endfacet
  facet normal 0.412926 0.110643 0.904019
    outer loop
      vertex 4.97373 53.8 27.7121
      vertex 6.20486 47.8 27.8841
      vertex 6.58142 47.8 27.7121
    endloop
  endfacet
  facet normal 0.412926 0.110643 0.904019
    outer loop
      vertex 6.20486 47.8 27.8841
      vertex 4.97373 53.8 27.7121
      vertex 4.59717 53.8 27.8841
    endloop
  endfacet
  facet normal 0.936975 0.251062 0.242994
    outer loop
      vertex 4.0427 47.8 30.7001
      vertex 2.53622 53.8 30.3098
      vertex 2.435 53.8 30.7001
    endloop
  endfacet
  facet normal 0.936981 0.251062 0.242972
    outer loop
      vertex 2.53622 53.8 30.3098
      vertex 4.0427 47.8 30.7001
      vertex 4.14391 47.8 30.3098
    endloop
  endfacet
  facet normal -0.141877 -0.0380159 0.989154
    outer loop
      vertex 7.42616 53.8 27.4788
      vertex 8.62182 47.8 27.4197
      vertex 9.03386 47.8 27.4788
    endloop
  endfacet
  facet normal -0.141877 -0.0380159 0.989154
    outer loop
      vertex 8.62182 47.8 27.4197
      vertex 7.42616 53.8 27.4788
      vertex 7.01412 53.8 27.4197
    endloop
  endfacet
  facet normal -0.648562 -0.173775 0.74106
    outer loop
      vertex 9.42707 53.8 28.4499
      vertex 10.8985 47.8 28.3307
      vertex 11.1725 47.8 28.5705
    endloop
  endfacet
  facet normal -0.648484 -0.173757 0.741132
    outer loop
      vertex 10.8985 47.8 28.3307
      vertex 9.42707 53.8 28.4499
      vertex 9.29084 53.8 28.3307
    endloop
  endfacet
  facet normal -0.90916 -0.243609 0.337761
    outer loop
      vertex 12.1406 47.8 29.9668
      vertex 10.5196 53.8 29.931
      vertex 12.1273 47.8 29.931
    endloop
  endfacet
  facet normal -0.909385 -0.243674 0.337107
    outer loop
      vertex 10.5196 53.8 29.931
      vertex 12.1406 47.8 29.9668
      vertex 10.595 53.8 30.1344
    endloop
  endfacet
  facet normal 0.648245 0.173696 -0.741355
    outer loop
      vertex 5.44564 47.8 34.6104
      vertex 3.90531 53.8 34.6693
      vertex 5.513 47.8 34.6693
    endloop
  endfacet
  facet normal 0.64858 0.173779 -0.741043
    outer loop
      vertex 3.90531 53.8 34.6693
      vertex 5.44564 47.8 34.6104
      vertex 3.70022 53.8 34.4898
    endloop
  endfacet
  facet normal 0.964765 0.258509 -0.0490101
    outer loop
      vertex 3.98158 47.8 31.9019
      vertex 2.36753 53.8 31.7769
      vertex 2.37388 53.8 31.9019
    endloop
  endfacet
  facet normal 0.964763 0.258507 -0.0490654
    outer loop
      vertex 2.36753 53.8 31.7769
      vertex 3.98158 47.8 31.9019
      vertex 3.96616 47.8 31.5987
    endloop
  endfacet
  facet normal 0.955468 0.256018 0.146752
    outer loop
      vertex 3.98158 47.8 31.0981
      vertex 2.39291 53.8 30.9742
      vertex 2.37388 53.8 31.0981
    endloop
  endfacet
  facet normal 0.95547 0.256018 0.146736
    outer loop
      vertex 2.39291 53.8 30.9742
      vertex 3.98158 47.8 31.0981
      vertex 4.02776 47.8 30.7974
    endloop
  endfacet
  facet normal 0.909456 0.243691 -0.336906
    outer loop
      vertex 4.17783 47.8 32.7817
      vertex 2.53622 53.8 32.6902
      vertex 2.63224 53.8 32.9494
    endloop
  endfacet
  facet normal 0.909383 0.243668 -0.337118
    outer loop
      vertex 2.53622 53.8 32.6902
      vertex 4.17783 47.8 32.7817
      vertex 4.14391 47.8 32.6902
    endloop
  endfacet
  facet normal 0.909446 0.243685 -0.336936
    outer loop
      vertex 4.28424 47.8 33.069
      vertex 2.63224 53.8 32.9494
      vertex 2.67655 53.8 33.069
    endloop
  endfacet
  facet normal 0.909475 0.243694 -0.336851
    outer loop
      vertex 2.63224 53.8 32.9494
      vertex 4.28424 47.8 33.069
      vertex 4.17783 47.8 32.7817
    endloop
  endfacet
  facet normal -0.325518 -0.0872219 0.941504
    outer loop
      vertex 8.22243 53.8 27.7121
      vertex 9.43792 47.8 27.5765
      vertex 9.83012 47.8 27.7121
    endloop
  endfacet
  facet normal -0.325518 -0.0872219 0.941504
    outer loop
      vertex 9.43792 47.8 27.5765
      vertex 8.22243 53.8 27.7121
      vertex 7.83023 53.8 27.5765
    endloop
  endfacet
  facet normal -0.234645 -0.0628728 0.970046
    outer loop
      vertex 7.83023 53.8 27.5765
      vertex 9.09479 47.8 27.4935
      vertex 9.43792 47.8 27.5765
    endloop
  endfacet
  facet normal -0.234325 -0.0628064 0.970127
    outer loop
      vertex 9.09479 47.8 27.4935
      vertex 7.83023 53.8 27.5765
      vertex 7.66504 53.8 27.5366
    endloop
  endfacet
  facet normal -0.873173 -0.233967 0.427584
    outer loop
      vertex 11.9492 47.8 29.5673
      vertex 10.5196 53.8 29.931
      vertex 10.3415 53.8 29.5673
    endloop
  endfacet
  facet normal -0.873173 -0.233967 0.427584
    outer loop
      vertex 10.5196 53.8 29.931
      vertex 11.9492 47.8 29.5673
      vertex 12.1273 47.8 29.931
    endloop
  endfacet
  facet normal 0.715757 0.191787 0.671498
    outer loop
      vertex 4.98805 47.8 28.8314
      vertex 3.31693 53.8 28.899
      vertex 4.92463 47.8 28.899
    endloop
  endfacet
  facet normal 0.715727 0.191778 0.671533
    outer loop
      vertex 3.31693 53.8 28.899
      vertex 4.98805 47.8 28.8314
      vertex 3.50383 53.8 28.6998
    endloop
  endfacet
  facet normal 0.775794 0.207876 0.59576
    outer loop
      vertex 4.86782 47.8 28.973
      vertex 3.31693 53.8 28.899
      vertex 3.14952 53.8 29.117
    endloop
  endfacet
  facet normal 0.775878 0.207897 0.595644
    outer loop
      vertex 3.31693 53.8 28.899
      vertex 4.86782 47.8 28.973
      vertex 4.92463 47.8 28.899
    endloop
  endfacet
  facet normal 0.955474 0.256019 -0.146709
    outer loop
      vertex 4.02776 47.8 32.2026
      vertex 2.435 53.8 32.2999
      vertex 4.0427 47.8 32.2999
    endloop
  endfacet
  facet normal 0.955472 0.256019 -0.14672
    outer loop
      vertex 2.435 53.8 32.2999
      vertex 4.02776 47.8 32.2026
      vertex 2.39291 53.8 32.0258
    endloop
  endfacet
  facet normal -0.909385 -0.243674 -0.337107
    outer loop
      vertex 12.1406 47.8 33.0332
      vertex 10.5196 53.8 33.069
      vertex 10.595 53.8 32.8656
    endloop
  endfacet
  facet normal -0.90916 -0.243609 -0.337761
    outer loop
      vertex 10.5196 53.8 33.069
      vertex 12.1406 47.8 33.0332
      vertex 12.1273 47.8 33.069
    endloop
  endfacet
  facet normal -0.955288 -0.255969 -0.148002
    outer loop
      vertex 12.4245 47.8 31.9374
      vertex 10.8223 53.8 31.9019
      vertex 12.43 47.8 31.9019
    endloop
  endfacet
  facet normal -0.955475 -0.256012 -0.146719
    outer loop
      vertex 10.8223 53.8 31.9019
      vertex 12.4245 47.8 31.9374
      vertex 10.7897 53.8 32.1142
    endloop
  endfacet
  facet normal 0.412926 0.110643 -0.904019
    outer loop
      vertex 6.20486 47.8 35.1159
      vertex 4.97373 53.8 35.2879
      vertex 6.58142 47.8 35.2879
    endloop
  endfacet
  facet normal 0.412926 0.110643 -0.904019
    outer loop
      vertex 4.97373 53.8 35.2879
      vertex 6.20486 47.8 35.1159
      vertex 4.59717 53.8 35.1159
    endloop
  endfacet
  facet normal 0.234634 0.0628699 -0.970049
    outer loop
      vertex 7.04983 47.8 35.4419
      vertex 5.76999 53.8 35.5212
      vertex 7.37768 47.8 35.5212
    endloop
  endfacet
  facet normal 0.234878 0.0629209 -0.969986
    outer loop
      vertex 5.76999 53.8 35.5212
      vertex 7.04983 47.8 35.4419
      vertex 5.62008 53.8 35.4849
    endloop
  endfacet
  facet normal 0.141877 0.0380157 -0.989154
    outer loop
      vertex 7.37768 47.8 35.5212
      vertex 6.18203 53.8 35.5803
      vertex 7.78972 47.8 35.5803
    endloop
  endfacet
  facet normal 0.141877 0.0380157 -0.989154
    outer loop
      vertex 6.18203 53.8 35.5803
      vertex 7.37768 47.8 35.5212
      vertex 5.76999 53.8 35.5212
    endloop
  endfacet
  facet normal -0.234645 -0.0628728 -0.970046
    outer loop
      vertex 9.09479 47.8 35.5065
      vertex 7.83023 53.8 35.4235
      vertex 9.43792 47.8 35.4235
    endloop
  endfacet
  facet normal -0.234325 -0.0628064 -0.970127
    outer loop
      vertex 7.83023 53.8 35.4235
      vertex 9.09479 47.8 35.5065
      vertex 7.66504 53.8 35.4634
    endloop
  endfacet
  facet normal -0.325518 -0.0872219 -0.941504
    outer loop
      vertex 9.43792 47.8 35.4235
      vertex 8.22243 53.8 35.2879
      vertex 9.83012 47.8 35.2879
    endloop
  endfacet
  facet normal -0.325518 -0.0872219 -0.941504
    outer loop
      vertex 8.22243 53.8 35.2879
      vertex 9.43792 47.8 35.4235
      vertex 7.83023 53.8 35.4235
    endloop
  endfacet
  facet normal -0.828545 -0.222009 -0.514029
    outer loop
      vertex 11.9492 47.8 33.4327
      vertex 10.1274 53.8 33.7778
      vertex 10.3415 53.8 33.4327
    endloop
  endfacet
  facet normal -0.828545 -0.222009 -0.514029
    outer loop
      vertex 10.1274 53.8 33.7778
      vertex 11.9492 47.8 33.4327
      vertex 11.7351 47.8 33.7778
    endloop
  endfacet
  facet normal 0.648245 0.173696 0.741355
    outer loop
      vertex 3.90531 53.8 28.3307
      vertex 5.44564 47.8 28.3896
      vertex 5.513 47.8 28.3307
    endloop
  endfacet
  facet normal 0.64858 0.173779 0.741043
    outer loop
      vertex 5.44564 47.8 28.3896
      vertex 3.90531 53.8 28.3307
      vertex 3.70022 53.8 28.5102
    endloop
  endfacet
  facet normal -0.775816 -0.207877 0.595731
    outer loop
      vertex 11.4869 47.8 28.899
      vertex 9.99133 53.8 29.045
      vertex 9.87922 53.8 28.899
    endloop
  endfacet
  facet normal -0.775893 -0.207894 0.595627
    outer loop
      vertex 9.99133 53.8 29.045
      vertex 11.4869 47.8 28.899
      vertex 11.7096 47.8 29.1891
    endloop
  endfacet
  facet normal -0.775813 -0.207868 0.595739
    outer loop
      vertex 11.7096 47.8 29.1891
      vertex 10.1274 53.8 29.2222
      vertex 9.99133 53.8 29.045
    endloop
  endfacet
  facet normal -0.774914 -0.207638 0.596988
    outer loop
      vertex 10.1274 53.8 29.2222
      vertex 11.7096 47.8 29.1891
      vertex 11.7351 47.8 29.2222
    endloop
  endfacet
  facet normal 0.775878 0.207897 -0.595644
    outer loop
      vertex 4.86782 47.8 34.027
      vertex 3.31693 53.8 34.101
      vertex 4.92463 47.8 34.101
    endloop
  endfacet
  facet normal 0.775794 0.207876 -0.59576
    outer loop
      vertex 3.31693 53.8 34.101
      vertex 4.86782 47.8 34.027
      vertex 3.14952 53.8 33.883
    endloop
  endfacet
  facet normal 0.715727 0.191778 -0.671533
    outer loop
      vertex 4.98805 47.8 34.1686
      vertex 3.31693 53.8 34.101
      vertex 3.50383 53.8 34.3002
    endloop
  endfacet
  facet normal 0.715757 0.191787 -0.671498
    outer loop
      vertex 3.31693 53.8 34.101
      vertex 4.98805 47.8 34.1686
      vertex 4.92463 47.8 34.101
    endloop
  endfacet
  facet normal 0.775851 0.207894 -0.59568
    outer loop
      vertex 4.67649 47.8 33.7778
      vertex 3.14952 53.8 33.883
      vertex 4.86782 47.8 34.027
    endloop
  endfacet
  facet normal 0.775989 0.207926 -0.59549
    outer loop
      vertex 3.14952 53.8 33.883
      vertex 4.67649 47.8 33.7778
      vertex 3.06879 53.8 33.7778
    endloop
  endfacet
  facet normal 0.828483 0.221992 -0.514136
    outer loop
      vertex 4.67649 47.8 33.7778
      vertex 2.99972 53.8 33.6665
      vertex 3.06879 53.8 33.7778
    endloop
  endfacet
  facet normal 0.828467 0.221987 -0.514164
    outer loop
      vertex 2.99972 53.8 33.6665
      vertex 4.67649 47.8 33.7778
      vertex 4.51277 47.8 33.514
    endloop
  endfacet
  facet normal 0.964763 0.258507 0.0490654
    outer loop
      vertex 3.98158 47.8 31.0981
      vertex 2.36753 53.8 31.2231
      vertex 3.96616 47.8 31.4013
    endloop
  endfacet
  facet normal 0.964765 0.258509 0.0490101
    outer loop
      vertex 2.36753 53.8 31.2231
      vertex 3.98158 47.8 31.0981
      vertex 2.37388 53.8 31.0981
    endloop
  endfacet
  facet normal 0.828467 0.221987 0.514164
    outer loop
      vertex 4.67649 47.8 29.2222
      vertex 2.99972 53.8 29.3335
      vertex 4.51277 47.8 29.486
    endloop
  endfacet
  facet normal 0.828483 0.221992 0.514136
    outer loop
      vertex 2.99972 53.8 29.3335
      vertex 4.67649 47.8 29.2222
      vertex 3.06879 53.8 29.2222
    endloop
  endfacet
  facet normal 0.648791 0.173844 0.740843
    outer loop
      vertex 3.70022 53.8 28.5102
      vertex 5.20436 47.8 28.6009
      vertex 5.44564 47.8 28.3896
    endloop
  endfacet
  facet normal 0.648856 0.17386 0.740783
    outer loop
      vertex 5.20436 47.8 28.6009
      vertex 3.70022 53.8 28.5102
      vertex 3.59667 53.8 28.6009
    endloop
  endfacet
  facet normal -0.909578 -0.243721 -0.336554
    outer loop
      vertex 12.2676 47.8 32.6902
      vertex 10.595 53.8 32.8656
      vertex 10.6599 53.8 32.6902
    endloop
  endfacet
  facet normal -0.909509 -0.243696 -0.336757
    outer loop
      vertex 10.595 53.8 32.8656
      vertex 12.2676 47.8 32.6902
      vertex 12.1406 47.8 33.0332
    endloop
  endfacet
  facet normal -0.648927 -0.173882 0.740715
    outer loop
      vertex 9.59948 53.8 28.6009
      vertex 11.1725 47.8 28.5705
      vertex 11.2072 47.8 28.6009
    endloop
  endfacet
  facet normal -0.64882 -0.173855 0.740815
    outer loop
      vertex 11.1725 47.8 28.5705
      vertex 9.59948 53.8 28.6009
      vertex 9.42707 53.8 28.4499
    endloop
  endfacet
  facet normal -0.715271 -0.191659 0.672052
    outer loop
      vertex 11.2383 47.8 28.634
      vertex 9.59948 53.8 28.6009
      vertex 11.2072 47.8 28.6009
    endloop
  endfacet
  facet normal -0.715622 -0.191757 0.67165
    outer loop
      vertex 9.59948 53.8 28.6009
      vertex 11.2383 47.8 28.634
      vertex 9.75406 53.8 28.7656
    endloop
  endfacet
  facet normal 0.775989 0.207926 0.59549
    outer loop
      vertex 4.67649 47.8 29.2222
      vertex 3.14952 53.8 29.117
      vertex 3.06879 53.8 29.2222
    endloop
  endfacet
  facet normal 0.775851 0.207894 0.59568
    outer loop
      vertex 3.14952 53.8 29.117
      vertex 4.67649 47.8 29.2222
      vertex 4.86782 47.8 28.973
    endloop
  endfacet
  facet normal 0.828582 0.222018 0.513965
    outer loop
      vertex 4.51277 47.8 29.486
      vertex 2.85464 53.8 29.5673
      vertex 4.46234 47.8 29.5673
    endloop
  endfacet
  facet normal 0.828499 0.221994 0.514109
    outer loop
      vertex 2.85464 53.8 29.5673
      vertex 4.51277 47.8 29.486
      vertex 2.99972 53.8 29.3335
    endloop
  endfacet
  facet normal 0.873187 0.233972 0.427552
    outer loop
      vertex 4.42009 47.8 29.6536
      vertex 2.85464 53.8 29.5673
      vertex 2.73311 53.8 29.8155
    endloop
  endfacet
  facet normal 0.873212 0.233977 0.427499
    outer loop
      vertex 2.85464 53.8 29.5673
      vertex 4.42009 47.8 29.6536
      vertex 4.46234 47.8 29.5673
    endloop
  endfacet
  facet normal 0.234232 0.0627682 0.970152
    outer loop
      vertex 5.62008 53.8 27.5151
      vertex 6.97362 47.8 27.5765
      vertex 7.04983 47.8 27.5581
    endloop
  endfacet
  facet normal 0.234361 0.0627972 0.970119
    outer loop
      vertex 6.97362 47.8 27.5765
      vertex 5.62008 53.8 27.5151
      vertex 5.36592 53.8 27.5765
    endloop
  endfacet
  facet normal 0.141877 0.0380157 0.989154
    outer loop
      vertex 6.18203 53.8 27.4197
      vertex 7.37768 47.8 27.4788
      vertex 7.78972 47.8 27.4197
    endloop
  endfacet
  facet normal 0.141877 0.0380157 0.989154
    outer loop
      vertex 7.37768 47.8 27.4788
      vertex 6.18203 53.8 27.4197
      vertex 5.76999 53.8 27.4788
    endloop
  endfacet
  facet normal 0.234634 0.0628699 0.970049
    outer loop
      vertex 5.76999 53.8 27.4788
      vertex 7.04983 47.8 27.5581
      vertex 7.37768 47.8 27.4788
    endloop
  endfacet
  facet normal 0.234878 0.0629209 0.969986
    outer loop
      vertex 7.04983 47.8 27.5581
      vertex 5.76999 53.8 27.4788
      vertex 5.62008 53.8 27.5151
    endloop
  endfacet
  facet normal 0.575423 0.154184 0.803191
    outer loop
      vertex 4.23988 53.8 28.091
      vertex 5.513 47.8 28.3307
      vertex 5.84758 47.8 28.091
    endloop
  endfacet
  facet normal 0.575434 0.154187 0.803183
    outer loop
      vertex 5.513 47.8 28.3307
      vertex 4.23988 53.8 28.091
      vertex 3.90531 53.8 28.3307
    endloop
  endfacet
  facet normal 1 -0 0
    outer loop
      vertex -40 3 72
      vertex -40 47.8 3
      vertex -40 47.8 72
    endloop
  endfacet
  facet normal 1 0 0
    outer loop
      vertex -40 47.8 3
      vertex -40 3 72
      vertex -40 3 3
    endloop
  endfacet
  facet normal 0 0 -1
    outer loop
      vertex 34.4928 18.147 72
      vertex 40 3 72
      vertex 34.5 18 72
    endloop
  endfacet
  facet normal 0 0 -1
    outer loop
      vertex 40 3 72
      vertex 34.4928 17.853 72
      vertex 34.5 18 72
    endloop
  endfacet
  facet normal 0 0 -1
    outer loop
      vertex 40 3 72
      vertex 34.4712 17.7074 72
      vertex 34.4928 17.853 72
    endloop
  endfacet
  facet normal 0 0 -1
    outer loop
      vertex 40 3 72
      vertex 34.4354 17.5646 72
      vertex 34.4712 17.7074 72
    endloop
  endfacet
  facet normal 0 0 -1
    outer loop
      vertex 40 3 72
      vertex 34.3858 17.426 72
      vertex 34.4354 17.5646 72
    endloop
  endfacet
  facet normal 0 0 -1
    outer loop
      vertex 40 3 72
      vertex 34.3229 17.2929 72
      vertex 34.3858 17.426 72
    endloop
  endfacet
  facet normal 0 0 -1
    outer loop
      vertex 40 3 72
      vertex 34.2472 17.1666 72
      vertex 34.3229 17.2929 72
    endloop
  endfacet
  facet normal 0 0 -1
    outer loop
      vertex 40 3 72
      vertex 34.1595 17.0484 72
      vertex 34.2472 17.1666 72
    endloop
  endfacet
  facet normal 0 0 -1
    outer loop
      vertex 40 3 72
      vertex 34.0607 16.9393 72
      vertex 34.1595 17.0484 72
    endloop
  endfacet
  facet normal 0 0 -1
    outer loop
      vertex 40 3 72
      vertex 33.9516 16.8405 72
      vertex 34.0607 16.9393 72
    endloop
  endfacet
  facet normal 0 0 -1
    outer loop
      vertex 40 3 72
      vertex 33.8334 16.7528 72
      vertex 33.9516 16.8405 72
    endloop
  endfacet
  facet normal 0 0 -1
    outer loop
      vertex 40 3 72
      vertex 33.7071 16.6771 72
      vertex 33.8334 16.7528 72
    endloop
  endfacet
  facet normal 0 0 -1
    outer loop
      vertex 40 3 72
      vertex 33.574 16.6142 72
      vertex 33.7071 16.6771 72
    endloop
  endfacet
  facet normal 0 0 -1
    outer loop
      vertex 40 3 72
      vertex 33.4354 16.5646 72
      vertex 33.574 16.6142 72
    endloop
  endfacet
  facet normal 0 0 -1
    outer loop
      vertex 40 3 72
      vertex 33.2926 16.5288 72
      vertex 33.4354 16.5646 72
    endloop
  endfacet
  facet normal 0 0 -1
    outer loop
      vertex 40 3 72
      vertex 33.147 16.5072 72
      vertex 33.2926 16.5288 72
    endloop
  endfacet
  facet normal 0 0 -1
    outer loop
      vertex 40 3 72
      vertex 33 16.5 72
      vertex 33.147 16.5072 72
    endloop
  endfacet
  facet normal 0 0 -1
    outer loop
      vertex 40 3 72
      vertex 32.853 16.5072 72
      vertex 33 16.5 72
    endloop
  endfacet
  facet normal 0 0 -1
    outer loop
      vertex 40 3 72
      vertex 32.7074 16.5288 72
      vertex 32.853 16.5072 72
    endloop
  endfacet
  facet normal 0 0 -1
    outer loop
      vertex 40 3 72
      vertex 32.5646 16.5646 72
      vertex 32.7074 16.5288 72
    endloop
  endfacet
  facet normal 0 0 -1
    outer loop
      vertex 40 3 72
      vertex 32.426 16.6142 72
      vertex 32.5646 16.5646 72
    endloop
  endfacet
  facet normal 0 0 -1
    outer loop
      vertex 40 3 72
      vertex 32.2929 16.6771 72
      vertex 32.426 16.6142 72
    endloop
  endfacet
  facet normal 0 0 -1
    outer loop
      vertex 40 3 72
      vertex 32.1666 16.7528 72
      vertex 32.2929 16.6771 72
    endloop
  endfacet
  facet normal 0 0 -1
    outer loop
      vertex 40 3 72
      vertex 32.0484 16.8405 72
      vertex 32.1666 16.7528 72
    endloop
  endfacet
  facet normal 0 0 -1
    outer loop
      vertex 40 3 72
      vertex 31.9393 16.9393 72
      vertex 32.0484 16.8405 72
    endloop
  endfacet
  facet normal 0 0 -1
    outer loop
      vertex 40 3 72
      vertex 31.8405 17.0484 72
      vertex 31.9393 16.9393 72
    endloop
  endfacet
  facet normal 0 0 -1
    outer loop
      vertex -31.8405 17.0484 72
      vertex 31.8405 17.0484 72
      vertex 40 3 72
    endloop
  endfacet
  facet normal 0 0 -1
    outer loop
      vertex 31.8405 17.0484 72
      vertex -31.8405 17.0484 72
      vertex 31.7528 17.1666 72
    endloop
  endfacet
  facet normal 0 0 -1
    outer loop
      vertex 31.5072 17.853 72
      vertex -31.5 18 72
      vertex 31.5 18 72
    endloop
  endfacet
  facet normal 0 0 -1
    outer loop
      vertex -31.5072 17.853 72
      vertex 31.5072 17.853 72
      vertex 31.5288 17.7074 72
    endloop
  endfacet
  facet normal 0 0 -1
    outer loop
      vertex -31.5288 17.7074 72
      vertex 31.5288 17.7074 72
      vertex 31.5646 17.5646 72
    endloop
  endfacet
  facet normal 0 0 -1
    outer loop
      vertex -31.5646 17.5646 72
      vertex 31.5646 17.5646 72
      vertex 31.6142 17.426 72
    endloop
  endfacet
  facet normal 0 0 -1
    outer loop
      vertex -31.6142 17.426 72
      vertex 31.6142 17.426 72
      vertex 31.6771 17.2929 72
    endloop
  endfacet
  facet normal 0 -0 -1
    outer loop
      vertex -31.7528 17.1666 72
      vertex 31.7528 17.1666 72
      vertex -31.8405 17.0484 72
    endloop
  endfacet
  facet normal 0 0 -1
    outer loop
      vertex 31.5072 17.853 72
      vertex -31.5072 17.853 72
      vertex -31.5 18 72
    endloop
  endfacet
  facet normal 0 0 -1
    outer loop
      vertex 31.5288 17.7074 72
      vertex -31.5288 17.7074 72
      vertex -31.5072 17.853 72
    endloop
  endfacet
  facet normal 0 0 -1
    outer loop
      vertex 31.5646 17.5646 72
      vertex -31.5646 17.5646 72
      vertex -31.5288 17.7074 72
    endloop
  endfacet
  facet normal 0 0 -1
    outer loop
      vertex 31.6142 17.426 72
      vertex -31.6142 17.426 72
      vertex -31.5646 17.5646 72
    endloop
  endfacet
  facet normal 0 0 -1
    outer loop
      vertex 31.6771 17.2929 72
      vertex -31.6771 17.2929 72
      vertex -31.6142 17.426 72
    endloop
  endfacet
  facet normal -0 0 -1
    outer loop
      vertex 31.6771 17.2929 72
      vertex -31.7528 17.1666 72
      vertex -31.6771 17.2929 72
    endloop
  endfacet
  facet normal 0 0 -1
    outer loop
      vertex 31.7528 17.1666 72
      vertex -31.7528 17.1666 72
      vertex 31.6771 17.2929 72
    endloop
  endfacet
  facet normal 0 0 -1
    outer loop
      vertex -40 3 72
      vertex -31.8405 17.0484 72
      vertex 40 3 72
    endloop
  endfacet
  facet normal 0 0 -1
    outer loop
      vertex -31.8405 17.0484 72
      vertex -40 3 72
      vertex -31.9393 16.9393 72
    endloop
  endfacet
  facet normal 0 0 -1
    outer loop
      vertex -31.9393 16.9393 72
      vertex -40 3 72
      vertex -32.0484 16.8405 72
    endloop
  endfacet
  facet normal 0 0 -1
    outer loop
      vertex -32.0484 16.8405 72
      vertex -40 3 72
      vertex -32.1666 16.7528 72
    endloop
  endfacet
  facet normal 0 0 -1
    outer loop
      vertex -32.1666 16.7528 72
      vertex -40 3 72
      vertex -32.2929 16.6771 72
    endloop
  endfacet
  facet normal 0 0 -1
    outer loop
      vertex -32.2929 16.6771 72
      vertex -40 3 72
      vertex -32.426 16.6142 72
    endloop
  endfacet
  facet normal 0 0 -1
    outer loop
      vertex -32.426 16.6142 72
      vertex -40 3 72
      vertex -32.5646 16.5646 72
    endloop
  endfacet
  facet normal 0 0 -1
    outer loop
      vertex -32.5646 16.5646 72
      vertex -40 3 72
      vertex -32.7074 16.5288 72
    endloop
  endfacet
  facet normal 0 0 -1
    outer loop
      vertex -32.7074 16.5288 72
      vertex -40 3 72
      vertex -32.853 16.5072 72
    endloop
  endfacet
  facet normal 0 0 -1
    outer loop
      vertex -32.853 16.5072 72
      vertex -40 3 72
      vertex -33 16.5 72
    endloop
  endfacet
  facet normal -0 0 -1
    outer loop
      vertex -33 16.5 72
      vertex -40 3 72
      vertex -33.147 16.5072 72
    endloop
  endfacet
  facet normal -0 0 -1
    outer loop
      vertex -34.4928 17.853 72
      vertex -40 3 72
      vertex -34.5 18 72
    endloop
  endfacet
  facet normal -0 0 -1
    outer loop
      vertex -34.4712 17.7074 72
      vertex -40 3 72
      vertex -34.4928 17.853 72
    endloop
  endfacet
  facet normal -0 0 -1
    outer loop
      vertex -34.4354 17.5646 72
      vertex -40 3 72
      vertex -34.4712 17.7074 72
    endloop
  endfacet
  facet normal -0 0 -1
    outer loop
      vertex -34.3858 17.426 72
      vertex -40 3 72
      vertex -34.4354 17.5646 72
    endloop
  endfacet
  facet normal -0 0 -1
    outer loop
      vertex -34.3229 17.2929 72
      vertex -40 3 72
      vertex -34.3858 17.426 72
    endloop
  endfacet
  facet normal -0 0 -1
    outer loop
      vertex -34.2472 17.1666 72
      vertex -40 3 72
      vertex -34.3229 17.2929 72
    endloop
  endfacet
  facet normal -0 0 -1
    outer loop
      vertex -34.1595 17.0484 72
      vertex -40 3 72
      vertex -34.2472 17.1666 72
    endloop
  endfacet
  facet normal -0 0 -1
    outer loop
      vertex -34.0607 16.9393 72
      vertex -40 3 72
      vertex -34.1595 17.0484 72
    endloop
  endfacet
  facet normal -0 0 -1
    outer loop
      vertex -33.9516 16.8405 72
      vertex -40 3 72
      vertex -34.0607 16.9393 72
    endloop
  endfacet
  facet normal -0 0 -1
    outer loop
      vertex -33.8334 16.7528 72
      vertex -40 3 72
      vertex -33.9516 16.8405 72
    endloop
  endfacet
  facet normal -0 0 -1
    outer loop
      vertex -33.7071 16.6771 72
      vertex -40 3 72
      vertex -33.8334 16.7528 72
    endloop
  endfacet
  facet normal -0 0 -1
    outer loop
      vertex -33.574 16.6142 72
      vertex -40 3 72
      vertex -33.7071 16.6771 72
    endloop
  endfacet
  facet normal -0 0 -1
    outer loop
      vertex -33.4354 16.5646 72
      vertex -40 3 72
      vertex -33.574 16.6142 72
    endloop
  endfacet
  facet normal -0 0 -1
    outer loop
      vertex -33.2926 16.5288 72
      vertex -40 3 72
      vertex -33.4354 16.5646 72
    endloop
  endfacet
  facet normal -0 0 -1
    outer loop
      vertex -33.147 16.5072 72
      vertex -40 3 72
      vertex -33.2926 16.5288 72
    endloop
  endfacet
  facet normal 0 0 -1
    outer loop
      vertex 34.4712 18.2926 72
      vertex 40 3 72
      vertex 34.4928 18.147 72
    endloop
  endfacet
  facet normal 0 0 -1
    outer loop
      vertex 40 3 72
      vertex 34.4712 18.2926 72
      vertex 40 47.8 72
    endloop
  endfacet
  facet normal 0 0 -1
    outer loop
      vertex 34.4354 18.4354 72
      vertex 40 47.8 72
      vertex 34.4712 18.2926 72
    endloop
  endfacet
  facet normal 0 0 -1
    outer loop
      vertex 34.3858 18.574 72
      vertex 40 47.8 72
      vertex 34.4354 18.4354 72
    endloop
  endfacet
  facet normal 0 0 -1
    outer loop
      vertex 34.3229 18.7071 72
      vertex 40 47.8 72
      vertex 34.3858 18.574 72
    endloop
  endfacet
  facet normal 0 0 -1
    outer loop
      vertex 34.2472 18.8334 72
      vertex 40 47.8 72
      vertex 34.3229 18.7071 72
    endloop
  endfacet
  facet normal 0 0 -1
    outer loop
      vertex 34.1595 18.9516 72
      vertex 40 47.8 72
      vertex 34.2472 18.8334 72
    endloop
  endfacet
  facet normal 0 0 -1
    outer loop
      vertex 34.0607 19.0607 72
      vertex 40 47.8 72
      vertex 34.1595 18.9516 72
    endloop
  endfacet
  facet normal 0 0 -1
    outer loop
      vertex 33.9516 19.1595 72
      vertex 40 47.8 72
      vertex 34.0607 19.0607 72
    endloop
  endfacet
  facet normal 0 0 -1
    outer loop
      vertex 33.8334 19.2472 72
      vertex 40 47.8 72
      vertex 33.9516 19.1595 72
    endloop
  endfacet
  facet normal 0 0 -1
    outer loop
      vertex 33.7071 19.3229 72
      vertex 40 47.8 72
      vertex 33.8334 19.2472 72
    endloop
  endfacet
  facet normal 0 0 -1
    outer loop
      vertex 33.574 19.3858 72
      vertex 40 47.8 72
      vertex 33.7071 19.3229 72
    endloop
  endfacet
  facet normal 0 0 -1
    outer loop
      vertex 33.4354 19.4354 72
      vertex 40 47.8 72
      vertex 33.574 19.3858 72
    endloop
  endfacet
  facet normal 0 0 -1
    outer loop
      vertex 33.2926 19.4712 72
      vertex 40 47.8 72
      vertex 33.4354 19.4354 72
    endloop
  endfacet
  facet normal 0 0 -1
    outer loop
      vertex 33.147 19.4928 72
      vertex 40 47.8 72
      vertex 33.2926 19.4712 72
    endloop
  endfacet
  facet normal 0 0 -1
    outer loop
      vertex 33 19.5 72
      vertex 40 47.8 72
      vertex 33.147 19.4928 72
    endloop
  endfacet
  facet normal 0 0 -1
    outer loop
      vertex 32.853 19.4928 72
      vertex 40 47.8 72
      vertex 33 19.5 72
    endloop
  endfacet
  facet normal 0 0 -1
    outer loop
      vertex 32.7074 19.4712 72
      vertex 40 47.8 72
      vertex 32.853 19.4928 72
    endloop
  endfacet
  facet normal 0 0 -1
    outer loop
      vertex 32.5646 19.4354 72
      vertex 40 47.8 72
      vertex 32.7074 19.4712 72
    endloop
  endfacet
  facet normal 0 0 -1
    outer loop
      vertex 32.426 19.3858 72
      vertex 40 47.8 72
      vertex 32.5646 19.4354 72
    endloop
  endfacet
  facet normal 0 0 -1
    outer loop
      vertex 32.2929 19.3229 72
      vertex 40 47.8 72
      vertex 32.426 19.3858 72
    endloop
  endfacet
  facet normal 0 0 -1
    outer loop
      vertex 32.1666 19.2472 72
      vertex 40 47.8 72
      vertex 32.2929 19.3229 72
    endloop
  endfacet
  facet normal 0 0 -1
    outer loop
      vertex 32.0484 19.1595 72
      vertex 40 47.8 72
      vertex 32.1666 19.2472 72
    endloop
  endfacet
  facet normal 0 0 -1
    outer loop
      vertex 31.9393 19.0607 72
      vertex 40 47.8 72
      vertex 32.0484 19.1595 72
    endloop
  endfacet
  facet normal 0 0 -1
    outer loop
      vertex 31.8405 18.9516 72
      vertex 40 47.8 72
      vertex 31.9393 19.0607 72
    endloop
  endfacet
  facet normal 0 0 -1
    outer loop
      vertex -31.8405 18.9516 72
      vertex 31.8405 18.9516 72
      vertex 31.7528 18.8334 72
    endloop
  endfacet
  facet normal 0 0 -1
    outer loop
      vertex -31.7528 18.8334 72
      vertex 31.7528 18.8334 72
      vertex 31.6771 18.7071 72
    endloop
  endfacet
  facet normal 0 0 -1
    outer loop
      vertex -31.6771 18.7071 72
      vertex 31.6771 18.7071 72
      vertex 31.6142 18.574 72
    endloop
  endfacet
  facet normal 0 0 -1
    outer loop
      vertex -31.6142 18.574 72
      vertex 31.6142 18.574 72
      vertex 31.5646 18.4354 72
    endloop
  endfacet
  facet normal 0 0 -1
    outer loop
      vertex -31.5 18 72
      vertex 31.5072 18.147 72
      vertex 31.5 18 72
    endloop
  endfacet
  facet normal 0 0 -1
    outer loop
      vertex -31.5072 18.147 72
      vertex 31.5072 18.147 72
      vertex -31.5 18 72
    endloop
  endfacet
  facet normal 0 0 -1
    outer loop
      vertex 31.5072 18.147 72
      vertex -31.5072 18.147 72
      vertex 31.5288 18.2926 72
    endloop
  endfacet
  facet normal 0 0 -1
    outer loop
      vertex -31.5288 18.2926 72
      vertex 31.5288 18.2926 72
      vertex -31.5072 18.147 72
    endloop
  endfacet
  facet normal 0 0 -1
    outer loop
      vertex 31.5288 18.2926 72
      vertex -31.5288 18.2926 72
      vertex 31.5646 18.4354 72
    endloop
  endfacet
  facet normal 0 0 -1
    outer loop
      vertex -31.5646 18.4354 72
      vertex 31.5646 18.4354 72
      vertex -31.5288 18.2926 72
    endloop
  endfacet
  facet normal 0 0 -1
    outer loop
      vertex -31.6142 18.574 72
      vertex 31.5646 18.4354 72
      vertex -31.5646 18.4354 72
    endloop
  endfacet
  facet normal 0 0 -1
    outer loop
      vertex 31.6142 18.574 72
      vertex -31.6142 18.574 72
      vertex -31.6771 18.7071 72
    endloop
  endfacet
  facet normal 0 0 -1
    outer loop
      vertex 31.6771 18.7071 72
      vertex -31.6771 18.7071 72
      vertex -31.7528 18.8334 72
    endloop
  endfacet
  facet normal 0 0 -1
    outer loop
      vertex 31.7528 18.8334 72
      vertex -31.7528 18.8334 72
      vertex -31.8405 18.9516 72
    endloop
  endfacet
  facet normal 0 0 -1
    outer loop
      vertex 31.8405 18.9516 72
      vertex -31.8405 18.9516 72
      vertex 40 47.8 72
    endloop
  endfacet
  facet normal 0 0 -1
    outer loop
      vertex -40 47.8 72
      vertex -31.8405 18.9516 72
      vertex -31.9393 19.0607 72
    endloop
  endfacet
  facet normal 0 0 -1
    outer loop
      vertex -40 47.8 72
      vertex -31.9393 19.0607 72
      vertex -32.0484 19.1595 72
    endloop
  endfacet
  facet normal 0 0 -1
    outer loop
      vertex -40 47.8 72
      vertex -32.0484 19.1595 72
      vertex -32.1666 19.2472 72
    endloop
  endfacet
  facet normal 0 0 -1
    outer loop
      vertex -40 47.8 72
      vertex -32.1666 19.2472 72
      vertex -32.2929 19.3229 72
    endloop
  endfacet
  facet normal 0 0 -1
    outer loop
      vertex -40 47.8 72
      vertex -32.2929 19.3229 72
      vertex -32.426 19.3858 72
    endloop
  endfacet
  facet normal 0 0 -1
    outer loop
      vertex -40 47.8 72
      vertex -32.426 19.3858 72
      vertex -32.5646 19.4354 72
    endloop
  endfacet
  facet normal 0 0 -1
    outer loop
      vertex -40 47.8 72
      vertex -32.5646 19.4354 72
      vertex -32.7074 19.4712 72
    endloop
  endfacet
  facet normal 0 0 -1
    outer loop
      vertex -40 47.8 72
      vertex -32.7074 19.4712 72
      vertex -32.853 19.4928 72
    endloop
  endfacet
  facet normal 0 0 -1
    outer loop
      vertex -40 47.8 72
      vertex -32.853 19.4928 72
      vertex -33 19.5 72
    endloop
  endfacet
  facet normal 0 0 -1
    outer loop
      vertex -40 47.8 72
      vertex -33 19.5 72
      vertex -33.147 19.4928 72
    endloop
  endfacet
  facet normal 0 0 -1
    outer loop
      vertex -40 47.8 72
      vertex -33.147 19.4928 72
      vertex -33.2926 19.4712 72
    endloop
  endfacet
  facet normal 0 0 -1
    outer loop
      vertex -40 47.8 72
      vertex -33.2926 19.4712 72
      vertex -33.4354 19.4354 72
    endloop
  endfacet
  facet normal 0 0 -1
    outer loop
      vertex -40 47.8 72
      vertex -33.4354 19.4354 72
      vertex -33.574 19.3858 72
    endloop
  endfacet
  facet normal 0 0 -1
    outer loop
      vertex -40 3 72
      vertex -34.4928 18.147 72
      vertex -34.5 18 72
    endloop
  endfacet
  facet normal 0 0 -1
    outer loop
      vertex -40 3 72
      vertex -34.4712 18.2926 72
      vertex -34.4928 18.147 72
    endloop
  endfacet
  facet normal 0 0 -1
    outer loop
      vertex -40 47.8 72
      vertex -34.4712 18.2926 72
      vertex -40 3 72
    endloop
  endfacet
  facet normal 0 0 -1
    outer loop
      vertex -34.4712 18.2926 72
      vertex -40 47.8 72
      vertex -34.4354 18.4354 72
    endloop
  endfacet
  facet normal 0 0 -1
    outer loop
      vertex -31.8405 18.9516 72
      vertex -40 47.8 72
      vertex 40 47.8 72
    endloop
  endfacet
  facet normal 0 0 -1
    outer loop
      vertex -33.7071 19.3229 72
      vertex -40 47.8 72
      vertex -33.574 19.3858 72
    endloop
  endfacet
  facet normal 0 0 -1
    outer loop
      vertex -33.8334 19.2472 72
      vertex -40 47.8 72
      vertex -33.7071 19.3229 72
    endloop
  endfacet
  facet normal 0 0 -1
    outer loop
      vertex -33.9516 19.1595 72
      vertex -40 47.8 72
      vertex -33.8334 19.2472 72
    endloop
  endfacet
  facet normal 0 0 -1
    outer loop
      vertex -34.0607 19.0607 72
      vertex -40 47.8 72
      vertex -33.9516 19.1595 72
    endloop
  endfacet
  facet normal 0 0 -1
    outer loop
      vertex -34.1595 18.9516 72
      vertex -40 47.8 72
      vertex -34.0607 19.0607 72
    endloop
  endfacet
  facet normal 0 0 -1
    outer loop
      vertex -34.2472 18.8334 72
      vertex -40 47.8 72
      vertex -34.1595 18.9516 72
    endloop
  endfacet
  facet normal 0 0 -1
    outer loop
      vertex -34.3229 18.7071 72
      vertex -40 47.8 72
      vertex -34.2472 18.8334 72
    endloop
  endfacet
  facet normal 0 0 -1
    outer loop
      vertex -34.3858 18.574 72
      vertex -40 47.8 72
      vertex -34.3229 18.7071 72
    endloop
  endfacet
  facet normal 0 0 -1
    outer loop
      vertex -34.4354 18.4354 72
      vertex -40 47.8 72
      vertex -34.3858 18.574 72
    endloop
  endfacet
  facet normal -1 0 0
    outer loop
      vertex 40 3 3
      vertex 40 47.8 72
      vertex 40 47.8 3
    endloop
  endfacet
  facet normal -1 -0 0
    outer loop
      vertex 40 47.8 72
      vertex 40 3 3
      vertex 40 3 72
    endloop
  endfacet
  facet normal 0 -1 0
    outer loop
      vertex -6.97362 47.8 35.4235
      vertex -0.780361 47.8 61.0769
      vertex -7.04983 47.8 35.4419
    endloop
  endfacet
  facet normal 0 -1 0
    outer loop
      vertex 0 47.8 61
      vertex 7.78972 47.8 35.5803
      vertex 8.20577 47.8 35.6
    endloop
  endfacet
  facet normal 0 -1 -0
    outer loop
      vertex -0.780361 47.8 61.0769
      vertex -6.97362 47.8 35.4235
      vertex -0.392068 47.8 61.0193
    endloop
  endfacet
  facet normal 0 -1 0
    outer loop
      vertex 0 47.8 61
      vertex 7.37768 47.8 35.5212
      vertex 7.78972 47.8 35.5803
    endloop
  endfacet
  facet normal 0 -1 0
    outer loop
      vertex -6.58142 47.8 35.2879
      vertex -0.392068 47.8 61.0193
      vertex -6.97362 47.8 35.4235
    endloop
  endfacet
  facet normal 0 -1 0
    outer loop
      vertex 0 47.8 61
      vertex 7.04983 47.8 35.4419
      vertex 7.37768 47.8 35.5212
    endloop
  endfacet
  facet normal 0 -1 -0
    outer loop
      vertex -0.392068 47.8 61.0193
      vertex -6.58142 47.8 35.2879
      vertex 0 47.8 61
    endloop
  endfacet
  facet normal 0 -1 0
    outer loop
      vertex 0 47.8 61
      vertex 6.97362 47.8 35.4235
      vertex 7.04983 47.8 35.4419
    endloop
  endfacet
  facet normal 0 -1 0
    outer loop
      vertex -6.20486 47.8 35.1159
      vertex 0 47.8 61
      vertex -6.58142 47.8 35.2879
    endloop
  endfacet
  facet normal 0 -1 0
    outer loop
      vertex 0 47.8 61
      vertex 6.58142 47.8 35.2879
      vertex 6.97362 47.8 35.4235
    endloop
  endfacet
  facet normal 0 -1 0
    outer loop
      vertex 6.20486 47.8 35.1159
      vertex 0 47.8 61
      vertex -6.20486 47.8 35.1159
    endloop
  endfacet
  facet normal 0 -1 0
    outer loop
      vertex 0 47.8 61
      vertex 6.20486 47.8 35.1159
      vertex 6.58142 47.8 35.2879
    endloop
  endfacet
  facet normal 0 -1 0
    outer loop
      vertex -5.84758 47.8 34.909
      vertex 6.20486 47.8 35.1159
      vertex -6.20486 47.8 35.1159
    endloop
  endfacet
  facet normal 0 -1 0
    outer loop
      vertex -5.84758 47.8 34.909
      vertex 5.84758 47.8 34.909
      vertex 6.20486 47.8 35.1159
    endloop
  endfacet
  facet normal 0 -1 0
    outer loop
      vertex -5.513 47.8 34.6693
      vertex 5.84758 47.8 34.909
      vertex -5.84758 47.8 34.909
    endloop
  endfacet
  facet normal 0 -1 0
    outer loop
      vertex -5.513 47.8 34.6693
      vertex 5.513 47.8 34.6693
      vertex 5.84758 47.8 34.909
    endloop
  endfacet
  facet normal 0 -1 0
    outer loop
      vertex -5.44564 47.8 34.6104
      vertex 5.513 47.8 34.6693
      vertex -5.513 47.8 34.6693
    endloop
  endfacet
  facet normal 0 -1 0
    outer loop
      vertex -5.44564 47.8 34.6104
      vertex 5.44564 47.8 34.6104
      vertex 5.513 47.8 34.6693
    endloop
  endfacet
  facet normal 0 -1 0
    outer loop
      vertex -5.20436 47.8 34.3991
      vertex 5.44564 47.8 34.6104
      vertex -5.44564 47.8 34.6104
    endloop
  endfacet
  facet normal 0 -1 0
    outer loop
      vertex -5.20436 47.8 34.3991
      vertex 5.20436 47.8 34.3991
      vertex 5.44564 47.8 34.6104
    endloop
  endfacet
  facet normal 0 -1 0
    outer loop
      vertex -4.98805 47.8 34.1686
      vertex 5.20436 47.8 34.3991
      vertex -5.20436 47.8 34.3991
    endloop
  endfacet
  facet normal 0 -1 0
    outer loop
      vertex -4.98805 47.8 34.1686
      vertex 4.98805 47.8 34.1686
      vertex 5.20436 47.8 34.3991
    endloop
  endfacet
  facet normal 0 -1 0
    outer loop
      vertex -4.92463 47.8 34.101
      vertex 4.98805 47.8 34.1686
      vertex -4.98805 47.8 34.1686
    endloop
  endfacet
  facet normal 0 -1 0
    outer loop
      vertex -4.92463 47.8 34.101
      vertex 4.92463 47.8 34.101
      vertex 4.98805 47.8 34.1686
    endloop
  endfacet
  facet normal 0 -1 0
    outer loop
      vertex -4.86782 47.8 34.027
      vertex 4.92463 47.8 34.101
      vertex -4.92463 47.8 34.101
    endloop
  endfacet
  facet normal 0 -1 0
    outer loop
      vertex -4.86782 47.8 34.027
      vertex 4.86782 47.8 34.027
      vertex 4.92463 47.8 34.101
    endloop
  endfacet
  facet normal 0 -1 0
    outer loop
      vertex -4.67649 47.8 33.7778
      vertex 4.86782 47.8 34.027
      vertex -4.86782 47.8 34.027
    endloop
  endfacet
  facet normal 0 -1 0
    outer loop
      vertex -4.67649 47.8 33.7778
      vertex 4.67649 47.8 33.7778
      vertex 4.86782 47.8 34.027
    endloop
  endfacet
  facet normal 0 -1 0
    outer loop
      vertex -4.51277 47.8 33.514
      vertex 4.67649 47.8 33.7778
      vertex -4.67649 47.8 33.7778
    endloop
  endfacet
  facet normal 0 -1 0
    outer loop
      vertex -4.51277 47.8 33.514
      vertex 4.51277 47.8 33.514
      vertex 4.67649 47.8 33.7778
    endloop
  endfacet
  facet normal 0 -1 0
    outer loop
      vertex -4.46234 47.8 33.4327
      vertex 4.51277 47.8 33.514
      vertex -4.51277 47.8 33.514
    endloop
  endfacet
  facet normal 0 -1 0
    outer loop
      vertex -4.46234 47.8 33.4327
      vertex 4.46234 47.8 33.4327
      vertex 4.51277 47.8 33.514
    endloop
  endfacet
  facet normal 0 -1 0
    outer loop
      vertex -4.42009 47.8 33.3464
      vertex 4.46234 47.8 33.4327
      vertex -4.46234 47.8 33.4327
    endloop
  endfacet
  facet normal 0 -1 0
    outer loop
      vertex -4.42009 47.8 33.3464
      vertex 4.42009 47.8 33.3464
      vertex 4.46234 47.8 33.4327
    endloop
  endfacet
  facet normal 0 -1 0
    outer loop
      vertex -4.28424 47.8 33.069
      vertex 4.42009 47.8 33.3464
      vertex -4.42009 47.8 33.3464
    endloop
  endfacet
  facet normal 0 -1 0
    outer loop
      vertex -4.28424 47.8 33.069
      vertex 4.28424 47.8 33.069
      vertex 4.42009 47.8 33.3464
    endloop
  endfacet
  facet normal 0 -1 0
    outer loop
      vertex -4.17783 47.8 32.7817
      vertex 4.28424 47.8 33.069
      vertex -4.28424 47.8 33.069
    endloop
  endfacet
  facet normal 0 -1 0
    outer loop
      vertex -4.17783 47.8 32.7817
      vertex 4.17783 47.8 32.7817
      vertex 4.28424 47.8 33.069
    endloop
  endfacet
  facet normal 0 -1 0
    outer loop
      vertex -4.14391 47.8 32.6902
      vertex 4.17783 47.8 32.7817
      vertex -4.17783 47.8 32.7817
    endloop
  endfacet
  facet normal 0 -1 0
    outer loop
      vertex -4.14391 47.8 32.6902
      vertex 4.14391 47.8 32.6902
      vertex 4.17783 47.8 32.7817
    endloop
  endfacet
  facet normal 0 -1 0
    outer loop
      vertex -4.0427 47.8 32.2999
      vertex 4.14391 47.8 32.6902
      vertex -4.14391 47.8 32.6902
    endloop
  endfacet
  facet normal 0 -1 0
    outer loop
      vertex -4.0427 47.8 32.2999
      vertex 4.0427 47.8 32.2999
      vertex 4.14391 47.8 32.6902
    endloop
  endfacet
  facet normal 0 -1 0
    outer loop
      vertex -4.02776 47.8 32.2026
      vertex 4.0427 47.8 32.2999
      vertex -4.0427 47.8 32.2999
    endloop
  endfacet
  facet normal 0 -1 0
    outer loop
      vertex -4.02776 47.8 32.2026
      vertex 4.02776 47.8 32.2026
      vertex 4.0427 47.8 32.2999
    endloop
  endfacet
  facet normal 0 -1 0
    outer loop
      vertex -3.98158 47.8 31.9019
      vertex 4.02776 47.8 32.2026
      vertex -4.02776 47.8 32.2026
    endloop
  endfacet
  facet normal 0 -1 0
    outer loop
      vertex -3.98158 47.8 31.9019
      vertex 3.98158 47.8 31.9019
      vertex 4.02776 47.8 32.2026
    endloop
  endfacet
  facet normal 0 -1 0
    outer loop
      vertex -3.96616 47.8 31.5987
      vertex 3.98158 47.8 31.9019
      vertex -3.98158 47.8 31.9019
    endloop
  endfacet
  facet normal 0 -1 0
    outer loop
      vertex -3.96616 47.8 31.5987
      vertex 3.96616 47.8 31.5987
      vertex 3.98158 47.8 31.9019
    endloop
  endfacet
  facet normal 0 -1 0
    outer loop
      vertex -3.96114 47.8 31.5
      vertex 3.96616 47.8 31.5987
      vertex -3.96616 47.8 31.5987
    endloop
  endfacet
  facet normal 0 -1 0
    outer loop
      vertex -3.96114 47.8 31.5
      vertex 3.96114 47.8 31.5
      vertex 3.96616 47.8 31.5987
    endloop
  endfacet
  facet normal 0 -1 0
    outer loop
      vertex -3.96616 47.8 31.4013
      vertex 3.96114 47.8 31.5
      vertex -3.96114 47.8 31.5
    endloop
  endfacet
  facet normal 0 -1 0
    outer loop
      vertex -3.96616 47.8 31.4013
      vertex 3.96616 47.8 31.4013
      vertex 3.96114 47.8 31.5
    endloop
  endfacet
  facet normal 0 -1 0
    outer loop
      vertex -3.98158 47.8 31.0981
      vertex 3.96616 47.8 31.4013
      vertex -3.96616 47.8 31.4013
    endloop
  endfacet
  facet normal 0 -1 0
    outer loop
      vertex -3.98158 47.8 31.0981
      vertex 3.98158 47.8 31.0981
      vertex 3.96616 47.8 31.4013
    endloop
  endfacet
  facet normal 0 -1 0
    outer loop
      vertex -4.02776 47.8 30.7974
      vertex 3.98158 47.8 31.0981
      vertex -3.98158 47.8 31.0981
    endloop
  endfacet
  facet normal 0 -1 0
    outer loop
      vertex -4.02776 47.8 30.7974
      vertex 4.02776 47.8 30.7974
      vertex 3.98158 47.8 31.0981
    endloop
  endfacet
  facet normal 0 -1 0
    outer loop
      vertex -4.0427 47.8 30.7001
      vertex 4.02776 47.8 30.7974
      vertex -4.02776 47.8 30.7974
    endloop
  endfacet
  facet normal 0 -1 0
    outer loop
      vertex -4.0427 47.8 30.7001
      vertex 4.0427 47.8 30.7001
      vertex 4.02776 47.8 30.7974
    endloop
  endfacet
  facet normal 0 -1 0
    outer loop
      vertex -4.14391 47.8 30.3098
      vertex 4.0427 47.8 30.7001
      vertex -4.0427 47.8 30.7001
    endloop
  endfacet
  facet normal 0 -1 0
    outer loop
      vertex -4.14391 47.8 30.3098
      vertex 4.14391 47.8 30.3098
      vertex 4.0427 47.8 30.7001
    endloop
  endfacet
  facet normal 0 -1 0
    outer loop
      vertex -4.17783 47.8 30.2183
      vertex 4.14391 47.8 30.3098
      vertex -4.14391 47.8 30.3098
    endloop
  endfacet
  facet normal 0 -1 0
    outer loop
      vertex -4.17783 47.8 30.2183
      vertex 4.17783 47.8 30.2183
      vertex 4.14391 47.8 30.3098
    endloop
  endfacet
  facet normal 0 -1 0
    outer loop
      vertex -4.28424 47.8 29.931
      vertex 4.17783 47.8 30.2183
      vertex -4.17783 47.8 30.2183
    endloop
  endfacet
  facet normal 0 -1 0
    outer loop
      vertex -4.28424 47.8 29.931
      vertex 4.28424 47.8 29.931
      vertex 4.17783 47.8 30.2183
    endloop
  endfacet
  facet normal 0 -1 0
    outer loop
      vertex -4.42009 47.8 29.6536
      vertex 4.28424 47.8 29.931
      vertex -4.28424 47.8 29.931
    endloop
  endfacet
  facet normal 0 -1 0
    outer loop
      vertex -4.42009 47.8 29.6536
      vertex 4.42009 47.8 29.6536
      vertex 4.28424 47.8 29.931
    endloop
  endfacet
  facet normal 0 -1 0
    outer loop
      vertex -4.46234 47.8 29.5673
      vertex 4.42009 47.8 29.6536
      vertex -4.42009 47.8 29.6536
    endloop
  endfacet
  facet normal 0 -1 0
    outer loop
      vertex -4.46234 47.8 29.5673
      vertex 4.46234 47.8 29.5673
      vertex 4.42009 47.8 29.6536
    endloop
  endfacet
  facet normal 0 -1 0
    outer loop
      vertex -4.51277 47.8 29.486
      vertex 4.46234 47.8 29.5673
      vertex -4.46234 47.8 29.5673
    endloop
  endfacet
  facet normal 0 -1 0
    outer loop
      vertex -4.51277 47.8 29.486
      vertex 4.51277 47.8 29.486
      vertex 4.46234 47.8 29.5673
    endloop
  endfacet
  facet normal 0 -1 0
    outer loop
      vertex -4.67649 47.8 29.2222
      vertex 4.51277 47.8 29.486
      vertex -4.51277 47.8 29.486
    endloop
  endfacet
  facet normal 0 -1 0
    outer loop
      vertex -4.67649 47.8 29.2222
      vertex 4.67649 47.8 29.2222
      vertex 4.51277 47.8 29.486
    endloop
  endfacet
  facet normal 0 -1 0
    outer loop
      vertex -4.86782 47.8 28.973
      vertex 4.67649 47.8 29.2222
      vertex -4.67649 47.8 29.2222
    endloop
  endfacet
  facet normal 0 -1 0
    outer loop
      vertex -4.86782 47.8 28.973
      vertex 4.86782 47.8 28.973
      vertex 4.67649 47.8 29.2222
    endloop
  endfacet
  facet normal 0 -1 0
    outer loop
      vertex -4.92463 47.8 28.899
      vertex 4.86782 47.8 28.973
      vertex -4.86782 47.8 28.973
    endloop
  endfacet
  facet normal 0 -1 0
    outer loop
      vertex -4.92463 47.8 28.899
      vertex 4.92463 47.8 28.899
      vertex 4.86782 47.8 28.973
    endloop
  endfacet
  facet normal 0 -1 0
    outer loop
      vertex -4.98805 47.8 28.8314
      vertex 4.92463 47.8 28.899
      vertex -4.92463 47.8 28.899
    endloop
  endfacet
  facet normal 0 -1 0
    outer loop
      vertex -4.98805 47.8 28.8314
      vertex 4.98805 47.8 28.8314
      vertex 4.92463 47.8 28.899
    endloop
  endfacet
  facet normal 0 -1 0
    outer loop
      vertex -5.20436 47.8 28.6009
      vertex 4.98805 47.8 28.8314
      vertex -4.98805 47.8 28.8314
    endloop
  endfacet
  facet normal 0 -1 0
    outer loop
      vertex -5.20436 47.8 28.6009
      vertex 5.20436 47.8 28.6009
      vertex 4.98805 47.8 28.8314
    endloop
  endfacet
  facet normal 0 -1 0
    outer loop
      vertex -5.44564 47.8 28.3896
      vertex 5.20436 47.8 28.6009
      vertex -5.20436 47.8 28.6009
    endloop
  endfacet
  facet normal 0 -1 0
    outer loop
      vertex -5.44564 47.8 28.3896
      vertex 5.44564 47.8 28.3896
      vertex 5.20436 47.8 28.6009
    endloop
  endfacet
  facet normal 0 -1 0
    outer loop
      vertex -5.513 47.8 28.3307
      vertex 5.44564 47.8 28.3896
      vertex -5.44564 47.8 28.3896
    endloop
  endfacet
  facet normal 0 -1 0
    outer loop
      vertex -5.513 47.8 28.3307
      vertex 5.513 47.8 28.3307
      vertex 5.44564 47.8 28.3896
    endloop
  endfacet
  facet normal 0 -1 0
    outer loop
      vertex -5.84758 47.8 28.091
      vertex 5.513 47.8 28.3307
      vertex -5.513 47.8 28.3307
    endloop
  endfacet
  facet normal 0 -1 0
    outer loop
      vertex -5.84758 47.8 28.091
      vertex 5.84758 47.8 28.091
      vertex 5.513 47.8 28.3307
    endloop
  endfacet
  facet normal 0 -1 0
    outer loop
      vertex -6.20486 47.8 27.8841
      vertex 5.84758 47.8 28.091
      vertex -5.84758 47.8 28.091
    endloop
  endfacet
  facet normal 0 -1 0
    outer loop
      vertex -6.20486 47.8 27.8841
      vertex 6.20486 47.8 27.8841
      vertex 5.84758 47.8 28.091
    endloop
  endfacet
  facet normal 0 -1 0
    outer loop
      vertex -6.58142 47.8 27.7121
      vertex 6.20486 47.8 27.8841
      vertex -6.20486 47.8 27.8841
    endloop
  endfacet
  facet normal 0 -1 0
    outer loop
      vertex -6.58142 47.8 27.7121
      vertex 6.58142 47.8 27.7121
      vertex 6.20486 47.8 27.8841
    endloop
  endfacet
  facet normal 0 -1 0
    outer loop
      vertex -6.97362 47.8 27.5765
      vertex 6.58142 47.8 27.7121
      vertex -6.58142 47.8 27.7121
    endloop
  endfacet
  facet normal 0 -1 0
    outer loop
      vertex -6.97362 47.8 27.5765
      vertex 6.97362 47.8 27.5765
      vertex 6.58142 47.8 27.7121
    endloop
  endfacet
  facet normal 0 -1 0
    outer loop
      vertex -7.04983 47.8 27.5581
      vertex 6.97362 47.8 27.5765
      vertex -6.97362 47.8 27.5765
    endloop
  endfacet
  facet normal 0 -1 0
    outer loop
      vertex -7.04983 47.8 27.5581
      vertex 7.04983 47.8 27.5581
      vertex 6.97362 47.8 27.5765
    endloop
  endfacet
  facet normal 0 -1 0
    outer loop
      vertex -7.37768 47.8 27.4788
      vertex 7.04983 47.8 27.5581
      vertex -7.04983 47.8 27.5581
    endloop
  endfacet
  facet normal 0 -1 0
    outer loop
      vertex -7.37768 47.8 27.4788
      vertex 7.37768 47.8 27.4788
      vertex 7.04983 47.8 27.5581
    endloop
  endfacet
  facet normal 0 -1 0
    outer loop
      vertex -40 47.8 3
      vertex -7.37768 47.8 27.4788
      vertex -7.78972 47.8 27.4197
    endloop
  endfacet
  facet normal 0 -1 -0
    outer loop
      vertex -7.37768 47.8 27.4788
      vertex -40 47.8 3
      vertex 7.37768 47.8 27.4788
    endloop
  endfacet
  facet normal 0 -1 0
    outer loop
      vertex -40 47.8 3
      vertex -7.78972 47.8 27.4197
      vertex -8.20577 47.8 27.4
    endloop
  endfacet
  facet normal 0 -1 0
    outer loop
      vertex 40 47.8 3
      vertex 7.37768 47.8 27.4788
      vertex -40 47.8 3
    endloop
  endfacet
  facet normal 0 -1 0
    outer loop
      vertex -40 47.8 72
      vertex 0 47.8 69
      vertex 40 47.8 72
    endloop
  endfacet
  facet normal 0 -1 0
    outer loop
      vertex -40 47.8 72
      vertex -0.392068 47.8 68.9807
      vertex 0 47.8 69
    endloop
  endfacet
  facet normal 0 -1 0
    outer loop
      vertex -40 47.8 72
      vertex -0.780361 47.8 68.9231
      vertex -0.392068 47.8 68.9807
    endloop
  endfacet
  facet normal 0 -1 0
    outer loop
      vertex -40 47.8 72
      vertex -1.16114 47.8 68.8278
      vertex -0.780361 47.8 68.9231
    endloop
  endfacet
  facet normal 0 -1 0
    outer loop
      vertex -40 47.8 72
      vertex -1.53073 47.8 68.6955
      vertex -1.16114 47.8 68.8278
    endloop
  endfacet
  facet normal 0 -1 0
    outer loop
      vertex -40 47.8 72
      vertex -1.88559 47.8 68.5277
      vertex -1.53073 47.8 68.6955
    endloop
  endfacet
  facet normal 0 -1 0
    outer loop
      vertex -40 47.8 72
      vertex -2.22228 47.8 68.3259
      vertex -1.88559 47.8 68.5277
    endloop
  endfacet
  facet normal 0 -1 0
    outer loop
      vertex -40 47.8 72
      vertex -2.53757 47.8 68.092
      vertex -2.22228 47.8 68.3259
    endloop
  endfacet
  facet normal 0 -1 0
    outer loop
      vertex -40 47.8 72
      vertex -2.82843 47.8 67.8284
      vertex -2.53757 47.8 68.092
    endloop
  endfacet
  facet normal 0 -1 0
    outer loop
      vertex -40 47.8 72
      vertex -3.09204 47.8 67.5376
      vertex -2.82843 47.8 67.8284
    endloop
  endfacet
  facet normal 0 -1 0
    outer loop
      vertex -40 47.8 72
      vertex -3.32588 47.8 67.2223
      vertex -3.09204 47.8 67.5376
    endloop
  endfacet
  facet normal 0 -1 0
    outer loop
      vertex -40 47.8 72
      vertex -3.52768 47.8 66.8856
      vertex -3.32588 47.8 67.2223
    endloop
  endfacet
  facet normal 0 -1 0
    outer loop
      vertex -40 47.8 72
      vertex -3.69552 47.8 66.5307
      vertex -3.52768 47.8 66.8856
    endloop
  endfacet
  facet normal 0 -1 0
    outer loop
      vertex -40 47.8 72
      vertex -3.82776 47.8 66.1611
      vertex -3.69552 47.8 66.5307
    endloop
  endfacet
  facet normal 0 -1 0
    outer loop
      vertex -40 47.8 72
      vertex -3.92314 47.8 65.7804
      vertex -3.82776 47.8 66.1611
    endloop
  endfacet
  facet normal 0 -1 0
    outer loop
      vertex -40 47.8 72
      vertex -3.98074 47.8 65.3921
      vertex -3.92314 47.8 65.7804
    endloop
  endfacet
  facet normal 0 -1 0
    outer loop
      vertex -40 47.8 72
      vertex -4 47.8 65
      vertex -3.98074 47.8 65.3921
    endloop
  endfacet
  facet normal 0 -1 0
    outer loop
      vertex -40 47.8 72
      vertex -3.98074 47.8 64.6079
      vertex -4 47.8 65
    endloop
  endfacet
  facet normal 0 -1 0
    outer loop
      vertex -40 47.8 72
      vertex -3.92314 47.8 64.2196
      vertex -3.98074 47.8 64.6079
    endloop
  endfacet
  facet normal 0 -1 0
    outer loop
      vertex -40 47.8 72
      vertex -3.82776 47.8 63.8389
      vertex -3.92314 47.8 64.2196
    endloop
  endfacet
  facet normal 0 -1 0
    outer loop
      vertex -40 47.8 72
      vertex -3.69552 47.8 63.4693
      vertex -3.82776 47.8 63.8389
    endloop
  endfacet
  facet normal 0 -1 0
    outer loop
      vertex -10.8985 47.8 34.6693
      vertex -3.69552 47.8 63.4693
      vertex -40 47.8 72
    endloop
  endfacet
  facet normal 0 -1 -0
    outer loop
      vertex -3.69552 47.8 63.4693
      vertex -10.8985 47.8 34.6693
      vertex -3.52768 47.8 63.1144
    endloop
  endfacet
  facet normal -0 -1 0
    outer loop
      vertex -10.6051 47.8 34.8796
      vertex -3.52768 47.8 63.1144
      vertex -10.8985 47.8 34.6693
    endloop
  endfacet
  facet normal -0 -1 0
    outer loop
      vertex -10.564 47.8 34.909
      vertex -3.52768 47.8 63.1144
      vertex -10.6051 47.8 34.8796
    endloop
  endfacet
  facet normal 0 -1 -0
    outer loop
      vertex -3.52768 47.8 63.1144
      vertex -10.564 47.8 34.909
      vertex -3.32588 47.8 62.7777
    endloop
  endfacet
  facet normal -0 -1 0
    outer loop
      vertex -10.5195 47.8 34.9348
      vertex -3.32588 47.8 62.7777
      vertex -10.564 47.8 34.909
    endloop
  endfacet
  facet normal 0 -1 -0
    outer loop
      vertex -3.32588 47.8 62.7777
      vertex -10.2067 47.8 35.1159
      vertex -3.09204 47.8 62.4624
    endloop
  endfacet
  facet normal 0 -1 -0
    outer loop
      vertex -3.09204 47.8 62.4624
      vertex -9.83012 47.8 35.2879
      vertex -2.82843 47.8 62.1716
    endloop
  endfacet
  facet normal -0 -1 0
    outer loop
      vertex -9.43792 47.8 35.4235
      vertex -2.82843 47.8 62.1716
      vertex -9.83012 47.8 35.2879
    endloop
  endfacet
  facet normal 0 -1 -0
    outer loop
      vertex -1.16114 47.8 61.1722
      vertex -7.37768 47.8 35.5212
      vertex -0.780361 47.8 61.0769
    endloop
  endfacet
  facet normal 0 -1 0
    outer loop
      vertex -7.37768 47.8 35.5212
      vertex -1.16114 47.8 61.1722
      vertex -7.78972 47.8 35.5803
    endloop
  endfacet
  facet normal 0 -1 -0
    outer loop
      vertex -1.53073 47.8 61.3045
      vertex -7.78972 47.8 35.5803
      vertex -1.16114 47.8 61.1722
    endloop
  endfacet
  facet normal 0 -1 -0
    outer loop
      vertex -2.82843 47.8 62.1716
      vertex -9.43792 47.8 35.4235
      vertex -2.53757 47.8 61.908
    endloop
  endfacet
  facet normal 0 -1 0
    outer loop
      vertex -7.78972 47.8 35.5803
      vertex -1.53073 47.8 61.3045
      vertex -8.20577 47.8 35.6
    endloop
  endfacet
  facet normal 0 -1 -0
    outer loop
      vertex -1.88559 47.8 61.4723
      vertex -8.20577 47.8 35.6
      vertex -1.53073 47.8 61.3045
    endloop
  endfacet
  facet normal -0 -1 0
    outer loop
      vertex -8.20577 47.8 35.6
      vertex -1.88559 47.8 61.4723
      vertex -8.62182 47.8 35.5803
    endloop
  endfacet
  facet normal 0 -1 -0
    outer loop
      vertex -2.22228 47.8 61.6741
      vertex -8.62182 47.8 35.5803
      vertex -1.88559 47.8 61.4723
    endloop
  endfacet
  facet normal -0 -1 0
    outer loop
      vertex -8.62182 47.8 35.5803
      vertex -2.22228 47.8 61.6741
      vertex -9.03386 47.8 35.5212
    endloop
  endfacet
  facet normal 0 -1 -0
    outer loop
      vertex -2.53757 47.8 61.908
      vertex -9.03386 47.8 35.5212
      vertex -2.22228 47.8 61.6741
    endloop
  endfacet
  facet normal -0 -1 0
    outer loop
      vertex -9.03386 47.8 35.5212
      vertex -2.53757 47.8 61.908
      vertex -9.09479 47.8 35.5065
    endloop
  endfacet
  facet normal -0 -1 0
    outer loop
      vertex -9.09479 47.8 35.5065
      vertex -2.53757 47.8 61.908
      vertex -9.43792 47.8 35.4235
    endloop
  endfacet
  facet normal -0 -1 0
    outer loop
      vertex -9.83012 47.8 35.2879
      vertex -3.09204 47.8 62.4624
      vertex -10.2067 47.8 35.1159
    endloop
  endfacet
  facet normal -0 -1 0
    outer loop
      vertex -10.2067 47.8 35.1159
      vertex -3.32588 47.8 62.7777
      vertex -10.5195 47.8 34.9348
    endloop
  endfacet
  facet normal 0 -1 0
    outer loop
      vertex -40 47.8 72
      vertex -11.1725 47.8 34.4295
      vertex -10.8985 47.8 34.6693
    endloop
  endfacet
  facet normal 0 -1 0
    outer loop
      vertex -40 47.8 72
      vertex -11.2072 47.8 34.3991
      vertex -11.1725 47.8 34.4295
    endloop
  endfacet
  facet normal 0 -1 0
    outer loop
      vertex -40 47.8 72
      vertex -11.2383 47.8 34.366
      vertex -11.2072 47.8 34.3991
    endloop
  endfacet
  facet normal 0 -1 0
    outer loop
      vertex -40 47.8 72
      vertex -11.4869 47.8 34.101
      vertex -11.2383 47.8 34.366
    endloop
  endfacet
  facet normal 0 -1 0
    outer loop
      vertex -40 47.8 72
      vertex -11.7096 47.8 33.8109
      vertex -11.4869 47.8 34.101
    endloop
  endfacet
  facet normal 0 -1 0
    outer loop
      vertex -40 47.8 72
      vertex -11.7351 47.8 33.7778
      vertex -11.7096 47.8 33.8109
    endloop
  endfacet
  facet normal 0 -1 0
    outer loop
      vertex -40 47.8 72
      vertex -11.9492 47.8 33.4327
      vertex -11.7351 47.8 33.7778
    endloop
  endfacet
  facet normal 0 -1 0
    outer loop
      vertex -40 47.8 72
      vertex -12.1273 47.8 33.069
      vertex -11.9492 47.8 33.4327
    endloop
  endfacet
  facet normal 0 -1 0
    outer loop
      vertex -40 47.8 72
      vertex -12.1406 47.8 33.0332
      vertex -12.1273 47.8 33.069
    endloop
  endfacet
  facet normal 0 -1 0
    outer loop
      vertex -40 47.8 72
      vertex -12.2676 47.8 32.6902
      vertex -12.1406 47.8 33.0332
    endloop
  endfacet
  facet normal 0 -1 0
    outer loop
      vertex -40 47.8 72
      vertex -12.3688 47.8 32.2999
      vertex -12.2676 47.8 32.6902
    endloop
  endfacet
  facet normal 0 -1 0
    outer loop
      vertex -40 47.8 72
      vertex -12.4245 47.8 31.9374
      vertex -12.3688 47.8 32.2999
    endloop
  endfacet
  facet normal 0 -1 0
    outer loop
      vertex -40 47.8 72
      vertex -12.43 47.8 31.9019
      vertex -12.4245 47.8 31.9374
    endloop
  endfacet
  facet normal 0 -1 0
    outer loop
      vertex -40 47.8 3
      vertex -12.43 47.8 31.9019
      vertex -40 47.8 72
    endloop
  endfacet
  facet normal 0 -1 0
    outer loop
      vertex -12.43 47.8 31.9019
      vertex -40 47.8 3
      vertex -12.4318 47.8 31.8661
    endloop
  endfacet
  facet normal 0 -1 0
    outer loop
      vertex -12.4318 47.8 31.8661
      vertex -40 47.8 3
      vertex -12.4504 47.8 31.5
    endloop
  endfacet
  facet normal 0 -1 -0
    outer loop
      vertex -12.4504 47.8 31.5
      vertex -40 47.8 3
      vertex -12.4318 47.8 31.1339
    endloop
  endfacet
  facet normal 0 -1 -0
    outer loop
      vertex -12.4318 47.8 31.1339
      vertex -40 47.8 3
      vertex -12.43 47.8 31.0981
    endloop
  endfacet
  facet normal 0 -1 -0
    outer loop
      vertex -12.43 47.8 31.0981
      vertex -40 47.8 3
      vertex -12.4245 47.8 31.0626
    endloop
  endfacet
  facet normal 0 -1 -0
    outer loop
      vertex -12.4245 47.8 31.0626
      vertex -40 47.8 3
      vertex -12.3688 47.8 30.7001
    endloop
  endfacet
  facet normal 0 -1 -0
    outer loop
      vertex -12.3688 47.8 30.7001
      vertex -40 47.8 3
      vertex -12.2676 47.8 30.3098
    endloop
  endfacet
  facet normal 0 -1 -0
    outer loop
      vertex -12.2676 47.8 30.3098
      vertex -40 47.8 3
      vertex -12.1406 47.8 29.9668
    endloop
  endfacet
  facet normal 0 -1 -0
    outer loop
      vertex -12.1406 47.8 29.9668
      vertex -40 47.8 3
      vertex -12.1273 47.8 29.931
    endloop
  endfacet
  facet normal 0 -1 -0
    outer loop
      vertex -12.1273 47.8 29.931
      vertex -40 47.8 3
      vertex -11.9492 47.8 29.5673
    endloop
  endfacet
  facet normal 0 -1 0
    outer loop
      vertex -40 47.8 3
      vertex -11.7096 47.8 29.1891
      vertex -11.7351 47.8 29.2222
    endloop
  endfacet
  facet normal 0 -1 0
    outer loop
      vertex -40 47.8 3
      vertex -11.2383 47.8 28.634
      vertex -11.4869 47.8 28.899
    endloop
  endfacet
  facet normal 0 -1 0
    outer loop
      vertex -40 47.8 3
      vertex -11.1725 47.8 28.5705
      vertex -11.2072 47.8 28.6009
    endloop
  endfacet
  facet normal 0 -1 0
    outer loop
      vertex -40 47.8 3
      vertex -10.6051 47.8 28.1204
      vertex -10.8985 47.8 28.3307
    endloop
  endfacet
  facet normal 0 -1 0
    outer loop
      vertex -40 47.8 3
      vertex -10.5195 47.8 28.0652
      vertex -10.564 47.8 28.091
    endloop
  endfacet
  facet normal 0 1 0
    outer loop
      vertex -9.43792 47.8 27.5765
      vertex -9.03386 47.8 27.4788
      vertex -9.09479 47.8 27.4935
    endloop
  endfacet
  facet normal 0 -1 0
    outer loop
      vertex 7.37768 47.8 27.4788
      vertex 40 47.8 3
      vertex 7.78972 47.8 27.4197
    endloop
  endfacet
  facet normal 0 -1 -0
    outer loop
      vertex -8.62182 47.8 27.4197
      vertex -40 47.8 3
      vertex -8.20577 47.8 27.4
    endloop
  endfacet
  facet normal 0 -1 -0
    outer loop
      vertex -9.03386 47.8 27.4788
      vertex -40 47.8 3
      vertex -8.62182 47.8 27.4197
    endloop
  endfacet
  facet normal 0 -1 -0
    outer loop
      vertex -9.43792 47.8 27.5765
      vertex -40 47.8 3
      vertex -9.03386 47.8 27.4788
    endloop
  endfacet
  facet normal 0 -1 -0
    outer loop
      vertex -9.83012 47.8 27.7121
      vertex -40 47.8 3
      vertex -9.43792 47.8 27.5765
    endloop
  endfacet
  facet normal 0 -1 -0
    outer loop
      vertex -10.2067 47.8 27.8841
      vertex -40 47.8 3
      vertex -9.83012 47.8 27.7121
    endloop
  endfacet
  facet normal 0 -1 -0
    outer loop
      vertex -10.5195 47.8 28.0652
      vertex -40 47.8 3
      vertex -10.2067 47.8 27.8841
    endloop
  endfacet
  facet normal 0 -1 -0
    outer loop
      vertex -10.6051 47.8 28.1204
      vertex -40 47.8 3
      vertex -10.564 47.8 28.091
    endloop
  endfacet
  facet normal 0 -1 -0
    outer loop
      vertex -11.1725 47.8 28.5705
      vertex -40 47.8 3
      vertex -10.8985 47.8 28.3307
    endloop
  endfacet
  facet normal 0 -1 -0
    outer loop
      vertex -11.2383 47.8 28.634
      vertex -40 47.8 3
      vertex -11.2072 47.8 28.6009
    endloop
  endfacet
  facet normal 0 -1 -0
    outer loop
      vertex -11.7096 47.8 29.1891
      vertex -40 47.8 3
      vertex -11.4869 47.8 28.899
    endloop
  endfacet
  facet normal 0 -1 -0
    outer loop
      vertex -11.9492 47.8 29.5673
      vertex -40 47.8 3
      vertex -11.7351 47.8 29.2222
    endloop
  endfacet
  facet normal 0 -1 0
    outer loop
      vertex 0.392068 47.8 68.9807
      vertex 40 47.8 72
      vertex 0 47.8 69
    endloop
  endfacet
  facet normal 0 -1 0
    outer loop
      vertex 0.780361 47.8 68.9231
      vertex 40 47.8 72
      vertex 0.392068 47.8 68.9807
    endloop
  endfacet
  facet normal 0 -1 0
    outer loop
      vertex 1.16114 47.8 68.8278
      vertex 40 47.8 72
      vertex 0.780361 47.8 68.9231
    endloop
  endfacet
  facet normal 0 -1 0
    outer loop
      vertex 1.53073 47.8 68.6955
      vertex 40 47.8 72
      vertex 1.16114 47.8 68.8278
    endloop
  endfacet
  facet normal 0 -1 0
    outer loop
      vertex 1.88559 47.8 68.5277
      vertex 40 47.8 72
      vertex 1.53073 47.8 68.6955
    endloop
  endfacet
  facet normal 0 -1 0
    outer loop
      vertex 2.22228 47.8 68.3259
      vertex 40 47.8 72
      vertex 1.88559 47.8 68.5277
    endloop
  endfacet
  facet normal 0 -1 0
    outer loop
      vertex 2.53757 47.8 68.092
      vertex 40 47.8 72
      vertex 2.22228 47.8 68.3259
    endloop
  endfacet
  facet normal 0 -1 0
    outer loop
      vertex 2.82843 47.8 67.8284
      vertex 40 47.8 72
      vertex 2.53757 47.8 68.092
    endloop
  endfacet
  facet normal 0 -1 0
    outer loop
      vertex 3.09204 47.8 67.5376
      vertex 40 47.8 72
      vertex 2.82843 47.8 67.8284
    endloop
  endfacet
  facet normal 0 -1 0
    outer loop
      vertex 3.32588 47.8 67.2223
      vertex 40 47.8 72
      vertex 3.09204 47.8 67.5376
    endloop
  endfacet
  facet normal 0 -1 0
    outer loop
      vertex 3.52768 47.8 66.8856
      vertex 40 47.8 72
      vertex 3.32588 47.8 67.2223
    endloop
  endfacet
  facet normal 0 -1 0
    outer loop
      vertex 3.69552 47.8 66.5307
      vertex 40 47.8 72
      vertex 3.52768 47.8 66.8856
    endloop
  endfacet
  facet normal 0 -1 0
    outer loop
      vertex 3.82776 47.8 66.1611
      vertex 40 47.8 72
      vertex 3.69552 47.8 66.5307
    endloop
  endfacet
  facet normal 0 -1 0
    outer loop
      vertex 3.92314 47.8 65.7804
      vertex 40 47.8 72
      vertex 3.82776 47.8 66.1611
    endloop
  endfacet
  facet normal 0 -1 0
    outer loop
      vertex 3.98074 47.8 65.3921
      vertex 40 47.8 72
      vertex 3.92314 47.8 65.7804
    endloop
  endfacet
  facet normal 0 -1 0
    outer loop
      vertex 4 47.8 65
      vertex 40 47.8 72
      vertex 3.98074 47.8 65.3921
    endloop
  endfacet
  facet normal 0 -1 0
    outer loop
      vertex 3.98074 47.8 64.6079
      vertex 40 47.8 72
      vertex 4 47.8 65
    endloop
  endfacet
  facet normal 0 -1 0
    outer loop
      vertex 3.92314 47.8 64.2196
      vertex 40 47.8 72
      vertex 3.98074 47.8 64.6079
    endloop
  endfacet
  facet normal 0 -1 0
    outer loop
      vertex 3.82776 47.8 63.8389
      vertex 40 47.8 72
      vertex 3.92314 47.8 64.2196
    endloop
  endfacet
  facet normal 0 -1 0
    outer loop
      vertex 3.69552 47.8 63.4693
      vertex 40 47.8 72
      vertex 3.82776 47.8 63.8389
    endloop
  endfacet
  facet normal 0 -1 0
    outer loop
      vertex 10.8985 47.8 34.6693
      vertex 3.69552 47.8 63.4693
      vertex 3.52768 47.8 63.1144
    endloop
  endfacet
  facet normal 0 -1 0
    outer loop
      vertex 10.564 47.8 34.909
      vertex 3.52768 47.8 63.1144
      vertex 3.32588 47.8 62.7777
    endloop
  endfacet
  facet normal 0 -1 0
    outer loop
      vertex 10.2067 47.8 35.1159
      vertex 3.32588 47.8 62.7777
      vertex 3.09204 47.8 62.4624
    endloop
  endfacet
  facet normal 0 -1 0
    outer loop
      vertex 9.83012 47.8 35.2879
      vertex 3.09204 47.8 62.4624
      vertex 2.82843 47.8 62.1716
    endloop
  endfacet
  facet normal 0 -1 0
    outer loop
      vertex 9.43792 47.8 35.4235
      vertex 2.82843 47.8 62.1716
      vertex 2.53757 47.8 61.908
    endloop
  endfacet
  facet normal 0 -1 0
    outer loop
      vertex 9.03386 47.8 35.5212
      vertex 2.53757 47.8 61.908
      vertex 2.22228 47.8 61.6741
    endloop
  endfacet
  facet normal 0 -1 0
    outer loop
      vertex 8.62182 47.8 35.5803
      vertex 2.22228 47.8 61.6741
      vertex 1.88559 47.8 61.4723
    endloop
  endfacet
  facet normal 0 -1 0
    outer loop
      vertex 8.20577 47.8 35.6
      vertex 1.88559 47.8 61.4723
      vertex 1.53073 47.8 61.3045
    endloop
  endfacet
  facet normal 0 -1 0
    outer loop
      vertex 8.20577 47.8 35.6
      vertex 1.53073 47.8 61.3045
      vertex 1.16114 47.8 61.1722
    endloop
  endfacet
  facet normal 0 -1 0
    outer loop
      vertex -7.04983 47.8 35.4419
      vertex -0.780361 47.8 61.0769
      vertex -7.37768 47.8 35.5212
    endloop
  endfacet
  facet normal 0 -1 0
    outer loop
      vertex 0 47.8 61
      vertex 8.20577 47.8 35.6
      vertex 0.392068 47.8 61.0193
    endloop
  endfacet
  facet normal 0 -1 0
    outer loop
      vertex 0.392068 47.8 61.0193
      vertex 8.20577 47.8 35.6
      vertex 0.780361 47.8 61.0769
    endloop
  endfacet
  facet normal 0 -1 0
    outer loop
      vertex 0.780361 47.8 61.0769
      vertex 8.20577 47.8 35.6
      vertex 1.16114 47.8 61.1722
    endloop
  endfacet
  facet normal 0 -1 0
    outer loop
      vertex 1.88559 47.8 61.4723
      vertex 8.20577 47.8 35.6
      vertex 8.62182 47.8 35.5803
    endloop
  endfacet
  facet normal 0 -1 0
    outer loop
      vertex 2.22228 47.8 61.6741
      vertex 8.62182 47.8 35.5803
      vertex 9.03386 47.8 35.5212
    endloop
  endfacet
  facet normal 0 -1 0
    outer loop
      vertex 2.53757 47.8 61.908
      vertex 9.03386 47.8 35.5212
      vertex 9.09479 47.8 35.5065
    endloop
  endfacet
  facet normal 0 -1 0
    outer loop
      vertex 2.53757 47.8 61.908
      vertex 9.09479 47.8 35.5065
      vertex 9.43792 47.8 35.4235
    endloop
  endfacet
  facet normal 0 -1 0
    outer loop
      vertex 2.82843 47.8 62.1716
      vertex 9.43792 47.8 35.4235
      vertex 9.83012 47.8 35.2879
    endloop
  endfacet
  facet normal 0 -1 0
    outer loop
      vertex 3.09204 47.8 62.4624
      vertex 9.83012 47.8 35.2879
      vertex 10.2067 47.8 35.1159
    endloop
  endfacet
  facet normal 0 -1 0
    outer loop
      vertex 3.32588 47.8 62.7777
      vertex 10.2067 47.8 35.1159
      vertex 10.5195 47.8 34.9348
    endloop
  endfacet
  facet normal 0 -1 0
    outer loop
      vertex 3.32588 47.8 62.7777
      vertex 10.5195 47.8 34.9348
      vertex 10.564 47.8 34.909
    endloop
  endfacet
  facet normal 0 -1 0
    outer loop
      vertex 3.52768 47.8 63.1144
      vertex 10.564 47.8 34.909
      vertex 10.6051 47.8 34.8796
    endloop
  endfacet
  facet normal 0 -1 0
    outer loop
      vertex 3.52768 47.8 63.1144
      vertex 10.6051 47.8 34.8796
      vertex 10.8985 47.8 34.6693
    endloop
  endfacet
  facet normal 0 -1 0
    outer loop
      vertex 3.69552 47.8 63.4693
      vertex 10.8985 47.8 34.6693
      vertex 40 47.8 72
    endloop
  endfacet
  facet normal 0 -1 0
    outer loop
      vertex 11.1725 47.8 34.4295
      vertex 40 47.8 72
      vertex 10.8985 47.8 34.6693
    endloop
  endfacet
  facet normal 0 -1 0
    outer loop
      vertex 11.2072 47.8 34.3991
      vertex 40 47.8 72
      vertex 11.1725 47.8 34.4295
    endloop
  endfacet
  facet normal 0 -1 0
    outer loop
      vertex 11.2383 47.8 34.366
      vertex 40 47.8 72
      vertex 11.2072 47.8 34.3991
    endloop
  endfacet
  facet normal 0 -1 0
    outer loop
      vertex 11.4869 47.8 34.101
      vertex 40 47.8 72
      vertex 11.2383 47.8 34.366
    endloop
  endfacet
  facet normal 0 -1 0
    outer loop
      vertex 11.7096 47.8 33.8109
      vertex 40 47.8 72
      vertex 11.4869 47.8 34.101
    endloop
  endfacet
  facet normal 0 -1 0
    outer loop
      vertex 11.7351 47.8 33.7778
      vertex 40 47.8 72
      vertex 11.7096 47.8 33.8109
    endloop
  endfacet
  facet normal 0 -1 0
    outer loop
      vertex 11.9492 47.8 33.4327
      vertex 40 47.8 72
      vertex 11.7351 47.8 33.7778
    endloop
  endfacet
  facet normal 0 -1 0
    outer loop
      vertex 12.1273 47.8 33.069
      vertex 40 47.8 72
      vertex 11.9492 47.8 33.4327
    endloop
  endfacet
  facet normal 0 -1 0
    outer loop
      vertex 12.1406 47.8 33.0332
      vertex 40 47.8 72
      vertex 12.1273 47.8 33.069
    endloop
  endfacet
  facet normal 0 -1 0
    outer loop
      vertex 12.2676 47.8 32.6902
      vertex 40 47.8 72
      vertex 12.1406 47.8 33.0332
    endloop
  endfacet
  facet normal 0 -1 0
    outer loop
      vertex 12.3688 47.8 32.2999
      vertex 40 47.8 72
      vertex 12.2676 47.8 32.6902
    endloop
  endfacet
  facet normal 0 -1 0
    outer loop
      vertex 12.4245 47.8 31.9374
      vertex 40 47.8 72
      vertex 12.3688 47.8 32.2999
    endloop
  endfacet
  facet normal 0 -1 0
    outer loop
      vertex 12.43 47.8 31.9019
      vertex 40 47.8 72
      vertex 12.4245 47.8 31.9374
    endloop
  endfacet
  facet normal 0 -1 0
    outer loop
      vertex 40 47.8 3
      vertex 12.43 47.8 31.9019
      vertex 12.4318 47.8 31.8661
    endloop
  endfacet
  facet normal 0 -1 0
    outer loop
      vertex 40 47.8 3
      vertex 12.4318 47.8 31.8661
      vertex 12.4504 47.8 31.5
    endloop
  endfacet
  facet normal 0 -1 0
    outer loop
      vertex 40 47.8 3
      vertex 12.4504 47.8 31.5
      vertex 12.4318 47.8 31.1339
    endloop
  endfacet
  facet normal 0 -1 0
    outer loop
      vertex 40 47.8 3
      vertex 12.4318 47.8 31.1339
      vertex 12.43 47.8 31.0981
    endloop
  endfacet
  facet normal 0 -1 0
    outer loop
      vertex 40 47.8 3
      vertex 12.43 47.8 31.0981
      vertex 12.4245 47.8 31.0626
    endloop
  endfacet
  facet normal 0 -1 0
    outer loop
      vertex 40 47.8 3
      vertex 12.4245 47.8 31.0626
      vertex 12.3688 47.8 30.7001
    endloop
  endfacet
  facet normal 0 -1 0
    outer loop
      vertex 40 47.8 3
      vertex 12.3688 47.8 30.7001
      vertex 12.2676 47.8 30.3098
    endloop
  endfacet
  facet normal 0 -1 0
    outer loop
      vertex 40 47.8 3
      vertex 12.2676 47.8 30.3098
      vertex 12.1406 47.8 29.9668
    endloop
  endfacet
  facet normal 0 -1 0
    outer loop
      vertex 40 47.8 3
      vertex 12.1406 47.8 29.9668
      vertex 12.1273 47.8 29.931
    endloop
  endfacet
  facet normal 0 -1 0
    outer loop
      vertex 40 47.8 3
      vertex 12.1273 47.8 29.931
      vertex 11.9492 47.8 29.5673
    endloop
  endfacet
  facet normal 0 -1 0
    outer loop
      vertex 40 47.8 3
      vertex 11.9492 47.8 29.5673
      vertex 11.7351 47.8 29.2222
    endloop
  endfacet
  facet normal 0 -1 0
    outer loop
      vertex 40 47.8 3
      vertex 11.7096 47.8 29.1891
      vertex 11.4869 47.8 28.899
    endloop
  endfacet
  facet normal 0 -1 0
    outer loop
      vertex 40 47.8 3
      vertex 11.2383 47.8 28.634
      vertex 11.2072 47.8 28.6009
    endloop
  endfacet
  facet normal 0 -1 0
    outer loop
      vertex 40 47.8 3
      vertex 11.1725 47.8 28.5705
      vertex 10.8985 47.8 28.3307
    endloop
  endfacet
  facet normal 0 -1 0
    outer loop
      vertex 40 47.8 3
      vertex 10.6051 47.8 28.1204
      vertex 10.564 47.8 28.091
    endloop
  endfacet
  facet normal 0 -1 0
    outer loop
      vertex 40 47.8 3
      vertex 10.5195 47.8 28.0652
      vertex 10.2067 47.8 27.8841
    endloop
  endfacet
  facet normal 0 1 0
    outer loop
      vertex 9.03386 47.8 27.4788
      vertex 9.43792 47.8 27.5765
      vertex 9.09479 47.8 27.4935
    endloop
  endfacet
  facet normal 0 -1 0
    outer loop
      vertex 7.78972 47.8 27.4197
      vertex 40 47.8 3
      vertex 8.20577 47.8 27.4
    endloop
  endfacet
  facet normal 0 -1 0
    outer loop
      vertex 8.20577 47.8 27.4
      vertex 40 47.8 3
      vertex 8.62182 47.8 27.4197
    endloop
  endfacet
  facet normal 0 -1 0
    outer loop
      vertex 8.62182 47.8 27.4197
      vertex 40 47.8 3
      vertex 9.03386 47.8 27.4788
    endloop
  endfacet
  facet normal 0 -1 0
    outer loop
      vertex 9.03386 47.8 27.4788
      vertex 40 47.8 3
      vertex 9.43792 47.8 27.5765
    endloop
  endfacet
  facet normal 0 -1 0
    outer loop
      vertex 9.43792 47.8 27.5765
      vertex 40 47.8 3
      vertex 9.83012 47.8 27.7121
    endloop
  endfacet
  facet normal 0 -1 0
    outer loop
      vertex 12.43 47.8 31.9019
      vertex 40 47.8 3
      vertex 40 47.8 72
    endloop
  endfacet
  facet normal 0 -1 0
    outer loop
      vertex 11.7096 47.8 29.1891
      vertex 40 47.8 3
      vertex 11.7351 47.8 29.2222
    endloop
  endfacet
  facet normal 0 -1 0
    outer loop
      vertex 11.2383 47.8 28.634
      vertex 40 47.8 3
      vertex 11.4869 47.8 28.899
    endloop
  endfacet
  facet normal 0 -1 0
    outer loop
      vertex 11.1725 47.8 28.5705
      vertex 40 47.8 3
      vertex 11.2072 47.8 28.6009
    endloop
  endfacet
  facet normal 0 -1 0
    outer loop
      vertex 10.6051 47.8 28.1204
      vertex 40 47.8 3
      vertex 10.8985 47.8 28.3307
    endloop
  endfacet
  facet normal 0 -1 0
    outer loop
      vertex 10.5195 47.8 28.0652
      vertex 40 47.8 3
      vertex 10.564 47.8 28.091
    endloop
  endfacet
  facet normal 0 -1 0
    outer loop
      vertex 9.83012 47.8 27.7121
      vertex 40 47.8 3
      vertex 10.2067 47.8 27.8841
    endloop
  endfacet
  facet normal -0 0 1
    outer loop
      vertex 37.9759 18.4901 3
      vertex 40 3 3
      vertex 40 47.8 3
    endloop
  endfacet
  facet normal 0 0 1
    outer loop
      vertex 40 3 3
      vertex 37.9759 18.4901 3
      vertex 38 18 3
    endloop
  endfacet
  facet normal 0 0 1
    outer loop
      vertex 40 47.8 3
      vertex 37.9039 18.9755 3
      vertex 37.9759 18.4901 3
    endloop
  endfacet
  facet normal 0 0 1
    outer loop
      vertex 40 47.8 3
      vertex 37.7847 19.4514 3
      vertex 37.9039 18.9755 3
    endloop
  endfacet
  facet normal 0 0 1
    outer loop
      vertex 40 47.8 3
      vertex 37.6194 19.9134 3
      vertex 37.7847 19.4514 3
    endloop
  endfacet
  facet normal 0 0 1
    outer loop
      vertex 40 47.8 3
      vertex 37.4096 20.357 3
      vertex 37.6194 19.9134 3
    endloop
  endfacet
  facet normal 0 0 1
    outer loop
      vertex 40 47.8 3
      vertex 37.1573 20.7779 3
      vertex 37.4096 20.357 3
    endloop
  endfacet
  facet normal 0 0 1
    outer loop
      vertex 40 47.8 3
      vertex 36.8651 21.172 3
      vertex 37.1573 20.7779 3
    endloop
  endfacet
  facet normal 0 0 1
    outer loop
      vertex 40 47.8 3
      vertex 36.5355 21.5355 3
      vertex 36.8651 21.172 3
    endloop
  endfacet
  facet normal 0 0 1
    outer loop
      vertex 40 47.8 3
      vertex 36.172 21.8651 3
      vertex 36.5355 21.5355 3
    endloop
  endfacet
  facet normal 0 0 1
    outer loop
      vertex 40 47.8 3
      vertex 35.7779 22.1573 3
      vertex 36.172 21.8651 3
    endloop
  endfacet
  facet normal 0 0 1
    outer loop
      vertex 40 47.8 3
      vertex 35.357 22.4096 3
      vertex 35.7779 22.1573 3
    endloop
  endfacet
  facet normal 0 0 1
    outer loop
      vertex 40 47.8 3
      vertex 34.9134 22.6194 3
      vertex 35.357 22.4096 3
    endloop
  endfacet
  facet normal 0 0 1
    outer loop
      vertex 40 47.8 3
      vertex 34.4514 22.7847 3
      vertex 34.9134 22.6194 3
    endloop
  endfacet
  facet normal 0 0 1
    outer loop
      vertex 40 47.8 3
      vertex 33.9755 22.9039 3
      vertex 34.4514 22.7847 3
    endloop
  endfacet
  facet normal 0 0 1
    outer loop
      vertex 40 47.8 3
      vertex 33.4901 22.9759 3
      vertex 33.9755 22.9039 3
    endloop
  endfacet
  facet normal 0 0 1
    outer loop
      vertex 40 47.8 3
      vertex 33 23 3
      vertex 33.4901 22.9759 3
    endloop
  endfacet
  facet normal 0 0 1
    outer loop
      vertex 40 47.8 3
      vertex 32.5099 22.9759 3
      vertex 33 23 3
    endloop
  endfacet
  facet normal 0 0 1
    outer loop
      vertex 40 47.8 3
      vertex 32.0245 22.9039 3
      vertex 32.5099 22.9759 3
    endloop
  endfacet
  facet normal 0 0 1
    outer loop
      vertex 40 47.8 3
      vertex 31.5486 22.7847 3
      vertex 32.0245 22.9039 3
    endloop
  endfacet
  facet normal 0 0 1
    outer loop
      vertex 40 47.8 3
      vertex 31.0866 22.6194 3
      vertex 31.5486 22.7847 3
    endloop
  endfacet
  facet normal 0 0 1
    outer loop
      vertex 40 47.8 3
      vertex 30.643 22.4096 3
      vertex 31.0866 22.6194 3
    endloop
  endfacet
  facet normal 0 0 1
    outer loop
      vertex 40 47.8 3
      vertex 30.2221 22.1573 3
      vertex 30.643 22.4096 3
    endloop
  endfacet
  facet normal 0 0 1
    outer loop
      vertex 40 47.8 3
      vertex 29.828 21.8651 3
      vertex 30.2221 22.1573 3
    endloop
  endfacet
  facet normal 0 0 1
    outer loop
      vertex 40 47.8 3
      vertex 29.4645 21.5355 3
      vertex 29.828 21.8651 3
    endloop
  endfacet
  facet normal 0 0 1
    outer loop
      vertex -29.4645 21.5355 3
      vertex 29.4645 21.5355 3
      vertex 40 47.8 3
    endloop
  endfacet
  facet normal 0 0 1
    outer loop
      vertex 29.4645 21.5355 3
      vertex -29.4645 21.5355 3
      vertex 29.1349 21.172 3
    endloop
  endfacet
  facet normal 0 0 1
    outer loop
      vertex 29.1349 21.172 3
      vertex -29.1349 21.172 3
      vertex 28.8427 20.7779 3
    endloop
  endfacet
  facet normal 0 -0 1
    outer loop
      vertex -28.8427 20.7779 3
      vertex 28.8427 20.7779 3
      vertex -29.1349 21.172 3
    endloop
  endfacet
  facet normal 0 0 1
    outer loop
      vertex 28.0241 18.4901 3
      vertex -28 18 3
      vertex 28 18 3
    endloop
  endfacet
  facet normal 0 0 1
    outer loop
      vertex -28.0241 18.4901 3
      vertex 28.0241 18.4901 3
      vertex 28.0961 18.9755 3
    endloop
  endfacet
  facet normal 0 0 1
    outer loop
      vertex -28.0961 18.9755 3
      vertex 28.0961 18.9755 3
      vertex 28.2153 19.4514 3
    endloop
  endfacet
  facet normal 0 0 1
    outer loop
      vertex -28.2153 19.4514 3
      vertex 28.2153 19.4514 3
      vertex 28.3806 19.9134 3
    endloop
  endfacet
  facet normal 0 0 1
    outer loop
      vertex 28.8427 20.7779 3
      vertex -28.8427 20.7779 3
      vertex 28.5904 20.357 3
    endloop
  endfacet
  facet normal 0 0 1
    outer loop
      vertex 28.0241 18.4901 3
      vertex -28.0241 18.4901 3
      vertex -28 18 3
    endloop
  endfacet
  facet normal 0 0 1
    outer loop
      vertex 28.0961 18.9755 3
      vertex -28.0961 18.9755 3
      vertex -28.0241 18.4901 3
    endloop
  endfacet
  facet normal 0 0 1
    outer loop
      vertex 28.2153 19.4514 3
      vertex -28.2153 19.4514 3
      vertex -28.0961 18.9755 3
    endloop
  endfacet
  facet normal 0 0 1
    outer loop
      vertex 28.3806 19.9134 3
      vertex -28.3806 19.9134 3
      vertex -28.2153 19.4514 3
    endloop
  endfacet
  facet normal 0 0 1
    outer loop
      vertex 28.3806 19.9134 3
      vertex -28.5904 20.357 3
      vertex -28.3806 19.9134 3
    endloop
  endfacet
  facet normal 0 0 1
    outer loop
      vertex 28.5904 20.357 3
      vertex -28.5904 20.357 3
      vertex 28.3806 19.9134 3
    endloop
  endfacet
  facet normal 0 -0 1
    outer loop
      vertex -28.5904 20.357 3
      vertex 28.5904 20.357 3
      vertex -28.8427 20.7779 3
    endloop
  endfacet
  facet normal 0 0 1
    outer loop
      vertex 29.1349 21.172 3
      vertex -29.4645 21.5355 3
      vertex -29.1349 21.172 3
    endloop
  endfacet
  facet normal -0 0 1
    outer loop
      vertex -40 47.8 3
      vertex -29.4645 21.5355 3
      vertex 40 47.8 3
    endloop
  endfacet
  facet normal 0 0 1
    outer loop
      vertex -29.4645 21.5355 3
      vertex -40 47.8 3
      vertex -29.828 21.8651 3
    endloop
  endfacet
  facet normal 0 0 1
    outer loop
      vertex -29.828 21.8651 3
      vertex -40 47.8 3
      vertex -30.2221 22.1573 3
    endloop
  endfacet
  facet normal 0 0 1
    outer loop
      vertex -30.2221 22.1573 3
      vertex -40 47.8 3
      vertex -30.643 22.4096 3
    endloop
  endfacet
  facet normal 0 0 1
    outer loop
      vertex -30.643 22.4096 3
      vertex -40 47.8 3
      vertex -31.0866 22.6194 3
    endloop
  endfacet
  facet normal 0 0 1
    outer loop
      vertex -31.0866 22.6194 3
      vertex -40 47.8 3
      vertex -31.5486 22.7847 3
    endloop
  endfacet
  facet normal 0 0 1
    outer loop
      vertex -31.5486 22.7847 3
      vertex -40 47.8 3
      vertex -32.0245 22.9039 3
    endloop
  endfacet
  facet normal 0 0 1
    outer loop
      vertex -32.0245 22.9039 3
      vertex -40 47.8 3
      vertex -32.5099 22.9759 3
    endloop
  endfacet
  facet normal 0 0 1
    outer loop
      vertex -32.5099 22.9759 3
      vertex -40 47.8 3
      vertex -33 23 3
    endloop
  endfacet
  facet normal 0 0 1
    outer loop
      vertex -33 23 3
      vertex -40 47.8 3
      vertex -33.4901 22.9759 3
    endloop
  endfacet
  facet normal 0 0 1
    outer loop
      vertex -33.4901 22.9759 3
      vertex -40 47.8 3
      vertex -33.9755 22.9039 3
    endloop
  endfacet
  facet normal 0 0 1
    outer loop
      vertex -40 3 3
      vertex -37.9759 18.4901 3
      vertex -40 47.8 3
    endloop
  endfacet
  facet normal 0 0 1
    outer loop
      vertex -37.9039 18.9755 3
      vertex -40 47.8 3
      vertex -37.9759 18.4901 3
    endloop
  endfacet
  facet normal 0 0 1
    outer loop
      vertex -37.7847 19.4514 3
      vertex -40 47.8 3
      vertex -37.9039 18.9755 3
    endloop
  endfacet
  facet normal 0 0 1
    outer loop
      vertex -37.6194 19.9134 3
      vertex -40 47.8 3
      vertex -37.7847 19.4514 3
    endloop
  endfacet
  facet normal 0 0 1
    outer loop
      vertex -37.4096 20.357 3
      vertex -40 47.8 3
      vertex -37.6194 19.9134 3
    endloop
  endfacet
  facet normal 0 0 1
    outer loop
      vertex -37.1573 20.7779 3
      vertex -40 47.8 3
      vertex -37.4096 20.357 3
    endloop
  endfacet
  facet normal 0 0 1
    outer loop
      vertex -36.8651 21.172 3
      vertex -40 47.8 3
      vertex -37.1573 20.7779 3
    endloop
  endfacet
  facet normal 0 0 1
    outer loop
      vertex -36.5355 21.5355 3
      vertex -40 47.8 3
      vertex -36.8651 21.172 3
    endloop
  endfacet
  facet normal 0 0 1
    outer loop
      vertex -36.172 21.8651 3
      vertex -40 47.8 3
      vertex -36.5355 21.5355 3
    endloop
  endfacet
  facet normal 0 0 1
    outer loop
      vertex -35.7779 22.1573 3
      vertex -40 47.8 3
      vertex -36.172 21.8651 3
    endloop
  endfacet
  facet normal 0 0 1
    outer loop
      vertex -35.357 22.4096 3
      vertex -40 47.8 3
      vertex -35.7779 22.1573 3
    endloop
  endfacet
  facet normal 0 0 1
    outer loop
      vertex -34.9134 22.6194 3
      vertex -40 47.8 3
      vertex -35.357 22.4096 3
    endloop
  endfacet
  facet normal 0 0 1
    outer loop
      vertex -34.4514 22.7847 3
      vertex -40 47.8 3
      vertex -34.9134 22.6194 3
    endloop
  endfacet
  facet normal 0 0 1
    outer loop
      vertex -33.9755 22.9039 3
      vertex -40 47.8 3
      vertex -34.4514 22.7847 3
    endloop
  endfacet
  facet normal -0 0 1
    outer loop
      vertex 37.9759 17.5099 3
      vertex 40 3 3
      vertex 38 18 3
    endloop
  endfacet
  facet normal -0 0 1
    outer loop
      vertex 37.9039 17.0245 3
      vertex 40 3 3
      vertex 37.9759 17.5099 3
    endloop
  endfacet
  facet normal -0 0 1
    outer loop
      vertex 37.7847 16.5486 3
      vertex 40 3 3
      vertex 37.9039 17.0245 3
    endloop
  endfacet
  facet normal -0 0 1
    outer loop
      vertex 37.6194 16.0866 3
      vertex 40 3 3
      vertex 37.7847 16.5486 3
    endloop
  endfacet
  facet normal -0 0 1
    outer loop
      vertex 37.4096 15.643 3
      vertex 40 3 3
      vertex 37.6194 16.0866 3
    endloop
  endfacet
  facet normal -0 0 1
    outer loop
      vertex 37.1573 15.2221 3
      vertex 40 3 3
      vertex 37.4096 15.643 3
    endloop
  endfacet
  facet normal -0 0 1
    outer loop
      vertex 36.8651 14.828 3
      vertex 40 3 3
      vertex 37.1573 15.2221 3
    endloop
  endfacet
  facet normal -0 0 1
    outer loop
      vertex 36.5355 14.4645 3
      vertex 40 3 3
      vertex 36.8651 14.828 3
    endloop
  endfacet
  facet normal -0 0 1
    outer loop
      vertex 36.172 14.1349 3
      vertex 40 3 3
      vertex 36.5355 14.4645 3
    endloop
  endfacet
  facet normal -0 0 1
    outer loop
      vertex 35.7779 13.8427 3
      vertex 40 3 3
      vertex 36.172 14.1349 3
    endloop
  endfacet
  facet normal -0 0 1
    outer loop
      vertex 35.357 13.5904 3
      vertex 40 3 3
      vertex 35.7779 13.8427 3
    endloop
  endfacet
  facet normal -0 0 1
    outer loop
      vertex 34.9134 13.3806 3
      vertex 40 3 3
      vertex 35.357 13.5904 3
    endloop
  endfacet
  facet normal -0 0 1
    outer loop
      vertex 34.4514 13.2153 3
      vertex 40 3 3
      vertex 34.9134 13.3806 3
    endloop
  endfacet
  facet normal -0 0 1
    outer loop
      vertex 33.9755 13.0961 3
      vertex 40 3 3
      vertex 34.4514 13.2153 3
    endloop
  endfacet
  facet normal -0 0 1
    outer loop
      vertex 33.4901 13.0241 3
      vertex 40 3 3
      vertex 33.9755 13.0961 3
    endloop
  endfacet
  facet normal -0 0 1
    outer loop
      vertex 33 13 3
      vertex 40 3 3
      vertex 33.4901 13.0241 3
    endloop
  endfacet
  facet normal 0 0 1
    outer loop
      vertex 32.5099 13.0241 3
      vertex 40 3 3
      vertex 33 13 3
    endloop
  endfacet
  facet normal 0 0 1
    outer loop
      vertex 32.0245 13.0961 3
      vertex 40 3 3
      vertex 32.5099 13.0241 3
    endloop
  endfacet
  facet normal 0 0 1
    outer loop
      vertex 31.5486 13.2153 3
      vertex 40 3 3
      vertex 32.0245 13.0961 3
    endloop
  endfacet
  facet normal 0 0 1
    outer loop
      vertex 31.0866 13.3806 3
      vertex 40 3 3
      vertex 31.5486 13.2153 3
    endloop
  endfacet
  facet normal 0 0 1
    outer loop
      vertex 30.643 13.5904 3
      vertex 40 3 3
      vertex 31.0866 13.3806 3
    endloop
  endfacet
  facet normal 0 0 1
    outer loop
      vertex 30.2221 13.8427 3
      vertex 40 3 3
      vertex 30.643 13.5904 3
    endloop
  endfacet
  facet normal 0 0 1
    outer loop
      vertex 29.828 14.1349 3
      vertex 40 3 3
      vertex 30.2221 13.8427 3
    endloop
  endfacet
  facet normal 0 0 1
    outer loop
      vertex -29.828 14.1349 3
      vertex 29.828 14.1349 3
      vertex 29.4645 14.4645 3
    endloop
  endfacet
  facet normal -0 0 1
    outer loop
      vertex -28 18 3
      vertex 28.0241 17.5099 3
      vertex 28 18 3
    endloop
  endfacet
  facet normal 0 0 1
    outer loop
      vertex -28.0241 17.5099 3
      vertex 28.0241 17.5099 3
      vertex -28 18 3
    endloop
  endfacet
  facet normal 0 0 1
    outer loop
      vertex 28.0241 17.5099 3
      vertex -28.0241 17.5099 3
      vertex 28.0961 17.0245 3
    endloop
  endfacet
  facet normal 0 0 1
    outer loop
      vertex -28.0961 17.0245 3
      vertex 28.0961 17.0245 3
      vertex -28.0241 17.5099 3
    endloop
  endfacet
  facet normal 0 0 1
    outer loop
      vertex 28.0961 17.0245 3
      vertex -28.0961 17.0245 3
      vertex 28.2153 16.5486 3
    endloop
  endfacet
  facet normal 0 0 1
    outer loop
      vertex -28.2153 16.5486 3
      vertex 28.2153 16.5486 3
      vertex -28.0961 17.0245 3
    endloop
  endfacet
  facet normal 0 0 1
    outer loop
      vertex 28.2153 16.5486 3
      vertex -28.2153 16.5486 3
      vertex 28.3806 16.0866 3
    endloop
  endfacet
  facet normal 0 0 1
    outer loop
      vertex -28.3806 16.0866 3
      vertex 28.3806 16.0866 3
      vertex -28.2153 16.5486 3
    endloop
  endfacet
  facet normal 0 0 1
    outer loop
      vertex 28.3806 16.0866 3
      vertex -28.3806 16.0866 3
      vertex 28.5904 15.643 3
    endloop
  endfacet
  facet normal 0 0 1
    outer loop
      vertex -28.5904 15.643 3
      vertex 28.5904 15.643 3
      vertex -28.3806 16.0866 3
    endloop
  endfacet
  facet normal 0 0 1
    outer loop
      vertex 28.5904 15.643 3
      vertex -28.5904 15.643 3
      vertex 28.8427 15.2221 3
    endloop
  endfacet
  facet normal 0 0 1
    outer loop
      vertex -28.8427 15.2221 3
      vertex 28.8427 15.2221 3
      vertex -28.5904 15.643 3
    endloop
  endfacet
  facet normal 0 0 1
    outer loop
      vertex 28.8427 15.2221 3
      vertex -28.8427 15.2221 3
      vertex 29.1349 14.828 3
    endloop
  endfacet
  facet normal 0 0 1
    outer loop
      vertex -29.1349 14.828 3
      vertex 29.1349 14.828 3
      vertex -28.8427 15.2221 3
    endloop
  endfacet
  facet normal 0 0 1
    outer loop
      vertex 29.1349 14.828 3
      vertex -29.1349 14.828 3
      vertex 29.4645 14.4645 3
    endloop
  endfacet
  facet normal 0 0 1
    outer loop
      vertex -29.4645 14.4645 3
      vertex 29.4645 14.4645 3
      vertex -29.1349 14.828 3
    endloop
  endfacet
  facet normal 0 0 1
    outer loop
      vertex -29.828 14.1349 3
      vertex 29.4645 14.4645 3
      vertex -29.4645 14.4645 3
    endloop
  endfacet
  facet normal 0 0 1
    outer loop
      vertex 29.828 14.1349 3
      vertex -29.828 14.1349 3
      vertex 40 3 3
    endloop
  endfacet
  facet normal 0 0 1
    outer loop
      vertex -40 3 3
      vertex -29.828 14.1349 3
      vertex -30.2221 13.8427 3
    endloop
  endfacet
  facet normal 0 0 1
    outer loop
      vertex -40 3 3
      vertex -30.2221 13.8427 3
      vertex -30.643 13.5904 3
    endloop
  endfacet
  facet normal 0 0 1
    outer loop
      vertex -40 3 3
      vertex -30.643 13.5904 3
      vertex -31.0866 13.3806 3
    endloop
  endfacet
  facet normal 0 0 1
    outer loop
      vertex -40 3 3
      vertex -31.0866 13.3806 3
      vertex -31.5486 13.2153 3
    endloop
  endfacet
  facet normal 0 0 1
    outer loop
      vertex -40 3 3
      vertex -31.5486 13.2153 3
      vertex -32.0245 13.0961 3
    endloop
  endfacet
  facet normal 0 0 1
    outer loop
      vertex -40 3 3
      vertex -32.0245 13.0961 3
      vertex -32.5099 13.0241 3
    endloop
  endfacet
  facet normal 0 0 1
    outer loop
      vertex -40 3 3
      vertex -32.5099 13.0241 3
      vertex -33 13 3
    endloop
  endfacet
  facet normal 0 0 1
    outer loop
      vertex -40 3 3
      vertex -33 13 3
      vertex -33.4901 13.0241 3
    endloop
  endfacet
  facet normal 0 0 1
    outer loop
      vertex -37.9759 18.4901 3
      vertex -40 3 3
      vertex -38 18 3
    endloop
  endfacet
  facet normal 0 0 1
    outer loop
      vertex -29.828 14.1349 3
      vertex -40 3 3
      vertex 40 3 3
    endloop
  endfacet
  facet normal 0 0 1
    outer loop
      vertex -33.9755 13.0961 3
      vertex -40 3 3
      vertex -33.4901 13.0241 3
    endloop
  endfacet
  facet normal 0 0 1
    outer loop
      vertex -34.4514 13.2153 3
      vertex -40 3 3
      vertex -33.9755 13.0961 3
    endloop
  endfacet
  facet normal 0 0 1
    outer loop
      vertex -34.9134 13.3806 3
      vertex -40 3 3
      vertex -34.4514 13.2153 3
    endloop
  endfacet
  facet normal 0 0 1
    outer loop
      vertex -35.357 13.5904 3
      vertex -40 3 3
      vertex -34.9134 13.3806 3
    endloop
  endfacet
  facet normal 0 0 1
    outer loop
      vertex -35.7779 13.8427 3
      vertex -40 3 3
      vertex -35.357 13.5904 3
    endloop
  endfacet
  facet normal 0 0 1
    outer loop
      vertex -36.172 14.1349 3
      vertex -40 3 3
      vertex -35.7779 13.8427 3
    endloop
  endfacet
  facet normal 0 0 1
    outer loop
      vertex -36.5355 14.4645 3
      vertex -40 3 3
      vertex -36.172 14.1349 3
    endloop
  endfacet
  facet normal 0 0 1
    outer loop
      vertex -36.8651 14.828 3
      vertex -40 3 3
      vertex -36.5355 14.4645 3
    endloop
  endfacet
  facet normal 0 0 1
    outer loop
      vertex -37.1573 15.2221 3
      vertex -40 3 3
      vertex -36.8651 14.828 3
    endloop
  endfacet
  facet normal 0 0 1
    outer loop
      vertex -37.4096 15.643 3
      vertex -40 3 3
      vertex -37.1573 15.2221 3
    endloop
  endfacet
  facet normal 0 0 1
    outer loop
      vertex -37.6194 16.0866 3
      vertex -40 3 3
      vertex -37.4096 15.643 3
    endloop
  endfacet
  facet normal 0 0 1
    outer loop
      vertex -37.7847 16.5486 3
      vertex -40 3 3
      vertex -37.6194 16.0866 3
    endloop
  endfacet
  facet normal 0 0 1
    outer loop
      vertex -37.9039 17.0245 3
      vertex -40 3 3
      vertex -37.7847 16.5486 3
    endloop
  endfacet
  facet normal 0 0 1
    outer loop
      vertex -37.9759 17.5099 3
      vertex -40 3 3
      vertex -37.9039 17.0245 3
    endloop
  endfacet
  facet normal 0 0 1
    outer loop
      vertex -38 18 3
      vertex -40 3 3
      vertex -37.9759 17.5099 3
    endloop
  endfacet
  facet normal 0 1 0
    outer loop
      vertex 40 3 72
      vertex 0 3 54.2
      vertex -40 3 72
    endloop
  endfacet
  facet normal 0 1 0
    outer loop
      vertex 40 3 72
      vertex 2.22499 3 54.0907
      vertex 0 3 54.2
    endloop
  endfacet
  facet normal 0 1 0
    outer loop
      vertex 40 3 72
      vertex 4.42855 3 53.7638
      vertex 2.22499 3 54.0907
    endloop
  endfacet
  facet normal 0 1 0
    outer loop
      vertex 40 3 72
      vertex 6.58946 3 53.2225
      vertex 4.42855 3 53.7638
    endloop
  endfacet
  facet normal 0 1 0
    outer loop
      vertex 40 3 72
      vertex 8.68691 3 52.4721
      vertex 6.58946 3 53.2225
    endloop
  endfacet
  facet normal 0 1 0
    outer loop
      vertex 40 3 72
      vertex 10.7007 3 51.5196
      vertex 8.68691 3 52.4721
    endloop
  endfacet
  facet normal 0 1 0
    outer loop
      vertex 40 3 72
      vertex 12.6114 3 50.3744
      vertex 10.7007 3 51.5196
    endloop
  endfacet
  facet normal 0 1 0
    outer loop
      vertex 40 3 72
      vertex 14.4007 3 49.0473
      vertex 12.6114 3 50.3744
    endloop
  endfacet
  facet normal 0 1 0
    outer loop
      vertex 40 3 72
      vertex 16.0513 3 47.5513
      vertex 14.4007 3 49.0473
    endloop
  endfacet
  facet normal 0 1 0
    outer loop
      vertex 40 3 72
      vertex 17.5473 3 45.9007
      vertex 16.0513 3 47.5513
    endloop
  endfacet
  facet normal 0 1 0
    outer loop
      vertex 40 3 72
      vertex 18.8744 3 44.1114
      vertex 17.5473 3 45.9007
    endloop
  endfacet
  facet normal 0 1 0
    outer loop
      vertex 40 3 72
      vertex 20.0196 3 42.2007
      vertex 18.8744 3 44.1114
    endloop
  endfacet
  facet normal 0 1 0
    outer loop
      vertex 40 3 72
      vertex 20.9721 3 40.1869
      vertex 20.0196 3 42.2007
    endloop
  endfacet
  facet normal 0 1 0
    outer loop
      vertex 40 3 72
      vertex 21.7225 3 38.0895
      vertex 20.9721 3 40.1869
    endloop
  endfacet
  facet normal 0 1 0
    outer loop
      vertex 40 3 72
      vertex 22.2638 3 35.9286
      vertex 21.7225 3 38.0895
    endloop
  endfacet
  facet normal 0 1 0
    outer loop
      vertex 40 3 72
      vertex 22.5907 3 33.725
      vertex 22.2638 3 35.9286
    endloop
  endfacet
  facet normal 0 1 -0
    outer loop
      vertex 40 3 3
      vertex 22.5907 3 33.725
      vertex 40 3 72
    endloop
  endfacet
  facet normal 0 1 0
    outer loop
      vertex 22.5907 3 33.725
      vertex 40 3 3
      vertex 22.7 3 31.5
    endloop
  endfacet
  facet normal 0 1 0
    outer loop
      vertex 22.7 3 31.5
      vertex 40 3 3
      vertex 22.5907 3 29.275
    endloop
  endfacet
  facet normal 0 1 0
    outer loop
      vertex 22.5907 3 29.275
      vertex 40 3 3
      vertex 22.2638 3 27.0714
    endloop
  endfacet
  facet normal 0 1 0
    outer loop
      vertex 22.2638 3 27.0714
      vertex 40 3 3
      vertex 21.7225 3 24.9105
    endloop
  endfacet
  facet normal 0 1 0
    outer loop
      vertex 2.22499 3 8.90931
      vertex 40 3 3
      vertex 0 3 8.8
    endloop
  endfacet
  facet normal 0 1 0
    outer loop
      vertex 4.42855 3 9.23617
      vertex 40 3 3
      vertex 2.22499 3 8.90931
    endloop
  endfacet
  facet normal 0 1 0
    outer loop
      vertex 6.58946 3 9.77745
      vertex 40 3 3
      vertex 4.42855 3 9.23617
    endloop
  endfacet
  facet normal 0 1 0
    outer loop
      vertex 8.68691 3 10.5279
      vertex 40 3 3
      vertex 6.58946 3 9.77745
    endloop
  endfacet
  facet normal 0 1 0
    outer loop
      vertex 10.7007 3 11.4804
      vertex 40 3 3
      vertex 8.68691 3 10.5279
    endloop
  endfacet
  facet normal 0 1 0
    outer loop
      vertex 12.6114 3 12.6256
      vertex 40 3 3
      vertex 10.7007 3 11.4804
    endloop
  endfacet
  facet normal 0 1 0
    outer loop
      vertex 14.4007 3 13.9527
      vertex 40 3 3
      vertex 12.6114 3 12.6256
    endloop
  endfacet
  facet normal 0 1 0
    outer loop
      vertex 16.0513 3 15.4487
      vertex 40 3 3
      vertex 14.4007 3 13.9527
    endloop
  endfacet
  facet normal 0 1 0
    outer loop
      vertex 17.5473 3 17.0993
      vertex 40 3 3
      vertex 16.0513 3 15.4487
    endloop
  endfacet
  facet normal 0 1 0
    outer loop
      vertex 18.8744 3 18.8886
      vertex 40 3 3
      vertex 17.5473 3 17.0993
    endloop
  endfacet
  facet normal 0 1 0
    outer loop
      vertex 20.0196 3 20.7993
      vertex 40 3 3
      vertex 18.8744 3 18.8886
    endloop
  endfacet
  facet normal 0 1 0
    outer loop
      vertex 20.9721 3 22.8131
      vertex 40 3 3
      vertex 20.0196 3 20.7993
    endloop
  endfacet
  facet normal 0 1 0
    outer loop
      vertex 21.7225 3 24.9105
      vertex 40 3 3
      vertex 20.9721 3 22.8131
    endloop
  endfacet
  facet normal 0 1 -0
    outer loop
      vertex -2.22499 3 54.0907
      vertex -40 3 72
      vertex 0 3 54.2
    endloop
  endfacet
  facet normal 0 1 -0
    outer loop
      vertex -4.42855 3 53.7638
      vertex -40 3 72
      vertex -2.22499 3 54.0907
    endloop
  endfacet
  facet normal 0 1 -0
    outer loop
      vertex -6.58946 3 53.2225
      vertex -40 3 72
      vertex -4.42855 3 53.7638
    endloop
  endfacet
  facet normal 0 1 -0
    outer loop
      vertex -8.68691 3 52.4721
      vertex -40 3 72
      vertex -6.58946 3 53.2225
    endloop
  endfacet
  facet normal 0 1 -0
    outer loop
      vertex -10.7007 3 51.5196
      vertex -40 3 72
      vertex -8.68691 3 52.4721
    endloop
  endfacet
  facet normal 0 1 -0
    outer loop
      vertex -12.6114 3 50.3744
      vertex -40 3 72
      vertex -10.7007 3 51.5196
    endloop
  endfacet
  facet normal 0 1 -0
    outer loop
      vertex -14.4007 3 49.0473
      vertex -40 3 72
      vertex -12.6114 3 50.3744
    endloop
  endfacet
  facet normal 0 1 -0
    outer loop
      vertex -16.0513 3 47.5513
      vertex -40 3 72
      vertex -14.4007 3 49.0473
    endloop
  endfacet
  facet normal 0 1 -0
    outer loop
      vertex -17.5473 3 45.9007
      vertex -40 3 72
      vertex -16.0513 3 47.5513
    endloop
  endfacet
  facet normal 0 1 -0
    outer loop
      vertex -18.8744 3 44.1114
      vertex -40 3 72
      vertex -17.5473 3 45.9007
    endloop
  endfacet
  facet normal 0 1 -0
    outer loop
      vertex -20.0196 3 42.2007
      vertex -40 3 72
      vertex -18.8744 3 44.1114
    endloop
  endfacet
  facet normal 0 1 -0
    outer loop
      vertex -20.9721 3 40.1869
      vertex -40 3 72
      vertex -20.0196 3 42.2007
    endloop
  endfacet
  facet normal 0 1 -0
    outer loop
      vertex -21.7225 3 38.0895
      vertex -40 3 72
      vertex -20.9721 3 40.1869
    endloop
  endfacet
  facet normal 0 1 -0
    outer loop
      vertex -22.2638 3 35.9286
      vertex -40 3 72
      vertex -21.7225 3 38.0895
    endloop
  endfacet
  facet normal 0 1 -0
    outer loop
      vertex -22.5907 3 33.725
      vertex -40 3 72
      vertex -22.2638 3 35.9286
    endloop
  endfacet
  facet normal 0 1 0
    outer loop
      vertex -40 3 3
      vertex -22.5907 3 33.725
      vertex -22.7 3 31.5
    endloop
  endfacet
  facet normal 0 1 0
    outer loop
      vertex -40 3 3
      vertex -22.7 3 31.5
      vertex -22.5907 3 29.275
    endloop
  endfacet
  facet normal 0 1 0
    outer loop
      vertex -40 3 3
      vertex -22.5907 3 29.275
      vertex -22.2638 3 27.0714
    endloop
  endfacet
  facet normal 0 1 0
    outer loop
      vertex -40 3 3
      vertex -22.2638 3 27.0714
      vertex -21.7225 3 24.9105
    endloop
  endfacet
  facet normal 0 1 0
    outer loop
      vertex -40 3 3
      vertex -21.7225 3 24.9105
      vertex -20.9721 3 22.8131
    endloop
  endfacet
  facet normal 0 1 0
    outer loop
      vertex -40 3 3
      vertex 0 3 8.8
      vertex 40 3 3
    endloop
  endfacet
  facet normal 0 1 0
    outer loop
      vertex -22.5907 3 33.725
      vertex -40 3 3
      vertex -40 3 72
    endloop
  endfacet
  facet normal 0 1 0
    outer loop
      vertex -20.0196 3 20.7993
      vertex -40 3 3
      vertex -20.9721 3 22.8131
    endloop
  endfacet
  facet normal 0 1 0
    outer loop
      vertex -18.8744 3 18.8886
      vertex -40 3 3
      vertex -20.0196 3 20.7993
    endloop
  endfacet
  facet normal 0 1 0
    outer loop
      vertex -17.5473 3 17.0993
      vertex -40 3 3
      vertex -18.8744 3 18.8886
    endloop
  endfacet
  facet normal 0 1 0
    outer loop
      vertex -16.0513 3 15.4487
      vertex -40 3 3
      vertex -17.5473 3 17.0993
    endloop
  endfacet
  facet normal 0 1 0
    outer loop
      vertex -14.4007 3 13.9527
      vertex -40 3 3
      vertex -16.0513 3 15.4487
    endloop
  endfacet
  facet normal 0 1 0
    outer loop
      vertex -12.6114 3 12.6256
      vertex -40 3 3
      vertex -14.4007 3 13.9527
    endloop
  endfacet
  facet normal 0 1 0
    outer loop
      vertex -10.7007 3 11.4804
      vertex -40 3 3
      vertex -12.6114 3 12.6256
    endloop
  endfacet
  facet normal 0 1 0
    outer loop
      vertex -8.68691 3 10.5279
      vertex -40 3 3
      vertex -10.7007 3 11.4804
    endloop
  endfacet
  facet normal 0 1 0
    outer loop
      vertex -6.58946 3 9.77745
      vertex -40 3 3
      vertex -8.68691 3 10.5279
    endloop
  endfacet
  facet normal 0 1 0
    outer loop
      vertex -4.42855 3 9.23617
      vertex -40 3 3
      vertex -6.58946 3 9.77745
    endloop
  endfacet
  facet normal 0 1 0
    outer loop
      vertex -2.22499 3 8.90931
      vertex -40 3 3
      vertex -4.42855 3 9.23617
    endloop
  endfacet
  facet normal 0 1 0
    outer loop
      vertex 0 3 8.8
      vertex -40 3 3
      vertex -2.22499 3 8.90931
    endloop
  endfacet
  facet normal -0.671555 0 0.740955
    outer loop
      vertex 14.4007 3 13.9527
      vertex 16.0513 0 15.4487
      vertex 16.0513 3 15.4487
    endloop
  endfacet
  facet normal -0.671555 0 0.740955
    outer loop
      vertex 16.0513 0 15.4487
      vertex 14.4007 3 13.9527
      vertex 14.4007 0 13.9527
    endloop
  endfacet
  facet normal 0.336878 0 0.941548
    outer loop
      vertex -8.68691 3 10.5279
      vertex -6.58946 0 9.77745
      vertex -6.58946 3 9.77745
    endloop
  endfacet
  facet normal 0.336878 0 0.941548
    outer loop
      vertex -6.58946 0 9.77745
      vertex -8.68691 3 10.5279
      vertex -8.68691 0 10.5279
    endloop
  endfacet
  facet normal 0.903982 -0 0.427571
    outer loop
      vertex -20.9721 0 22.8131
      vertex -20.0196 3 20.7993
      vertex -20.9721 3 22.8131
    endloop
  endfacet
  facet normal 0.903982 0 0.427571
    outer loop
      vertex -20.0196 3 20.7993
      vertex -20.9721 0 22.8131
      vertex -20.0196 0 20.7993
    endloop
  endfacet
  facet normal -0.903982 0 -0.427571
    outer loop
      vertex 20.9721 0 40.1869
      vertex 20.0196 3 42.2007
      vertex 20.9721 3 40.1869
    endloop
  endfacet
  facet normal -0.903982 -0 -0.427571
    outer loop
      vertex 20.0196 3 42.2007
      vertex 20.9721 0 40.1869
      vertex 20.0196 0 42.2007
    endloop
  endfacet
  facet normal 0.427573 0 -0.903981
    outer loop
      vertex -10.7007 0 51.5196
      vertex -8.68691 3 52.4721
      vertex -8.68691 0 52.4721
    endloop
  endfacet
  facet normal 0.427573 0 -0.903981
    outer loop
      vertex -8.68691 3 52.4721
      vertex -10.7007 0 51.5196
      vertex -10.7007 3 51.5196
    endloop
  endfacet
  facet normal -0.941553 0 0.336865
    outer loop
      vertex 20.9721 0 22.8131
      vertex 21.7225 3 24.9105
      vertex 20.9721 3 22.8131
    endloop
  endfacet
  facet normal -0.941553 0 0.336865
    outer loop
      vertex 21.7225 3 24.9105
      vertex 20.9721 0 22.8131
      vertex 21.7225 0 24.9105
    endloop
  endfacet
  facet normal -0.989175 0 0.146742
    outer loop
      vertex 22.2638 0 27.0714
      vertex 22.5907 3 29.275
      vertex 22.2638 3 27.0714
    endloop
  endfacet
  facet normal -0.989175 0 0.146742
    outer loop
      vertex 22.5907 3 29.275
      vertex 22.2638 0 27.0714
      vertex 22.5907 0 29.275
    endloop
  endfacet
  facet normal -0.903982 0 0.427571
    outer loop
      vertex 20.0196 0 20.7993
      vertex 20.9721 3 22.8131
      vertex 20.0196 3 20.7993
    endloop
  endfacet
  facet normal -0.903982 0 0.427571
    outer loop
      vertex 20.9721 3 22.8131
      vertex 20.0196 0 20.7993
      vertex 20.9721 0 22.8131
    endloop
  endfacet
  facet normal -0.427573 0 0.903981
    outer loop
      vertex 8.68691 3 10.5279
      vertex 10.7007 0 11.4804
      vertex 10.7007 3 11.4804
    endloop
  endfacet
  facet normal -0.427573 0 0.903981
    outer loop
      vertex 10.7007 0 11.4804
      vertex 8.68691 3 10.5279
      vertex 8.68691 0 10.5279
    endloop
  endfacet
  facet normal 0.989175 -0 0.146742
    outer loop
      vertex -22.5907 0 29.275
      vertex -22.2638 3 27.0714
      vertex -22.5907 3 29.275
    endloop
  endfacet
  facet normal 0.989175 0 0.146742
    outer loop
      vertex -22.2638 3 27.0714
      vertex -22.5907 0 29.275
      vertex -22.2638 0 27.0714
    endloop
  endfacet
  facet normal 0.740955 -0 0.671555
    outer loop
      vertex -17.5473 0 17.0993
      vertex -16.0513 3 15.4487
      vertex -17.5473 3 17.0993
    endloop
  endfacet
  facet normal 0.740955 0 0.671555
    outer loop
      vertex -16.0513 3 15.4487
      vertex -17.5473 0 17.0993
      vertex -16.0513 0 15.4487
    endloop
  endfacet
  facet normal 0.146727 0 0.989177
    outer loop
      vertex -4.42855 3 9.23617
      vertex -2.22499 0 8.90931
      vertex -2.22499 3 8.90931
    endloop
  endfacet
  facet normal 0.146727 0 0.989177
    outer loop
      vertex -2.22499 0 8.90931
      vertex -4.42855 3 9.23617
      vertex -4.42855 0 9.23617
    endloop
  endfacet
  facet normal -0.998796 0 -0.0490644
    outer loop
      vertex 22.7 0 31.5
      vertex 22.5907 3 33.725
      vertex 22.7 3 31.5
    endloop
  endfacet
  facet normal -0.998796 -0 -0.0490644
    outer loop
      vertex 22.5907 3 33.725
      vertex 22.7 0 31.5
      vertex 22.5907 0 33.725
    endloop
  endfacet
  facet normal -0.740955 0 -0.671555
    outer loop
      vertex 17.5473 0 45.9007
      vertex 16.0513 3 47.5513
      vertex 17.5473 3 45.9007
    endloop
  endfacet
  facet normal -0.740955 -0 -0.671555
    outer loop
      vertex 16.0513 3 47.5513
      vertex 17.5473 0 45.9007
      vertex 16.0513 0 47.5513
    endloop
  endfacet
  facet normal 0.146745 0 -0.989174
    outer loop
      vertex -4.42855 0 53.7638
      vertex -2.22499 3 54.0907
      vertex -2.22499 0 54.0907
    endloop
  endfacet
  facet normal 0.146745 0 -0.989174
    outer loop
      vertex -2.22499 3 54.0907
      vertex -4.42855 0 53.7638
      vertex -4.42855 3 53.7638
    endloop
  endfacet
  facet normal 0.671555 0 -0.740955
    outer loop
      vertex -16.0513 0 47.5513
      vertex -14.4007 3 49.0473
      vertex -14.4007 0 49.0473
    endloop
  endfacet
  facet normal 0.671555 0 -0.740955
    outer loop
      vertex -14.4007 3 49.0473
      vertex -16.0513 0 47.5513
      vertex -16.0513 3 47.5513
    endloop
  endfacet
  facet normal 0.803194 0 -0.595718
    outer loop
      vertex -17.5473 0 45.9007
      vertex -18.8744 3 44.1114
      vertex -17.5473 3 45.9007
    endloop
  endfacet
  facet normal 0.803194 0 -0.595718
    outer loop
      vertex -18.8744 3 44.1114
      vertex -17.5473 0 45.9007
      vertex -18.8744 0 44.1114
    endloop
  endfacet
  facet normal -0.970029 0 0.24299
    outer loop
      vertex 21.7225 0 24.9105
      vertex 22.2638 3 27.0714
      vertex 21.7225 3 24.9105
    endloop
  endfacet
  facet normal -0.970029 0 0.24299
    outer loop
      vertex 22.2638 3 27.0714
      vertex 21.7225 0 24.9105
      vertex 22.2638 0 27.0714
    endloop
  endfacet
  facet normal -0.803194 0 0.595718
    outer loop
      vertex 17.5473 0 17.0993
      vertex 18.8744 3 18.8886
      vertex 17.5473 3 17.0993
    endloop
  endfacet
  facet normal -0.803194 0 0.595718
    outer loop
      vertex 18.8744 3 18.8886
      vertex 17.5473 0 17.0993
      vertex 18.8744 0 18.8886
    endloop
  endfacet
  facet normal -0.857734 0 0.514093
    outer loop
      vertex 18.8744 0 18.8886
      vertex 20.0196 3 20.7993
      vertex 18.8744 3 18.8886
    endloop
  endfacet
  facet normal -0.857734 0 0.514093
    outer loop
      vertex 20.0196 3 20.7993
      vertex 18.8744 0 18.8886
      vertex 20.0196 0 20.7993
    endloop
  endfacet
  facet normal -0.740955 0 0.671555
    outer loop
      vertex 16.0513 0 15.4487
      vertex 17.5473 3 17.0993
      vertex 16.0513 3 15.4487
    endloop
  endfacet
  facet normal -0.740955 0 0.671555
    outer loop
      vertex 17.5473 3 17.0993
      vertex 16.0513 0 15.4487
      vertex 17.5473 0 17.0993
    endloop
  endfacet
  facet normal -0.595718 0 0.803194
    outer loop
      vertex 12.6114 3 12.6256
      vertex 14.4007 0 13.9527
      vertex 14.4007 3 13.9527
    endloop
  endfacet
  facet normal -0.595718 0 0.803194
    outer loop
      vertex 14.4007 0 13.9527
      vertex 12.6114 3 12.6256
      vertex 12.6114 0 12.6256
    endloop
  endfacet
  facet normal -0.0490691 0 0.998795
    outer loop
      vertex 0 3 8.8
      vertex 2.22499 0 8.90931
      vertex 2.22499 3 8.90931
    endloop
  endfacet
  facet normal -0.0490691 0 0.998795
    outer loop
      vertex 2.22499 0 8.90931
      vertex 0 3 8.8
      vertex 0 0 8.8
    endloop
  endfacet
  facet normal -0.514093 0 0.857734
    outer loop
      vertex 10.7007 3 11.4804
      vertex 12.6114 0 12.6256
      vertex 12.6114 3 12.6256
    endloop
  endfacet
  facet normal -0.514093 0 0.857734
    outer loop
      vertex 12.6114 0 12.6256
      vertex 10.7007 3 11.4804
      vertex 10.7007 0 11.4804
    endloop
  endfacet
  facet normal -0.336878 0 0.941548
    outer loop
      vertex 6.58946 3 9.77745
      vertex 8.68691 0 10.5279
      vertex 8.68691 3 10.5279
    endloop
  endfacet
  facet normal -0.336878 0 0.941548
    outer loop
      vertex 8.68691 0 10.5279
      vertex 6.58946 3 9.77745
      vertex 6.58946 0 9.77745
    endloop
  endfacet
  facet normal -0.24298 0 0.970031
    outer loop
      vertex 4.42855 3 9.23617
      vertex 6.58946 0 9.77745
      vertex 6.58946 3 9.77745
    endloop
  endfacet
  facet normal -0.24298 0 0.970031
    outer loop
      vertex 6.58946 0 9.77745
      vertex 4.42855 3 9.23617
      vertex 4.42855 0 9.23617
    endloop
  endfacet
  facet normal 0.998796 -0 0.0490644
    outer loop
      vertex -22.7 0 31.5
      vertex -22.5907 3 29.275
      vertex -22.7 3 31.5
    endloop
  endfacet
  facet normal 0.998796 0 0.0490644
    outer loop
      vertex -22.5907 3 29.275
      vertex -22.7 0 31.5
      vertex -22.5907 0 29.275
    endloop
  endfacet
  facet normal 0.941553 -0 0.336865
    outer loop
      vertex -21.7225 0 24.9105
      vertex -20.9721 3 22.8131
      vertex -21.7225 3 24.9105
    endloop
  endfacet
  facet normal 0.941553 0 0.336865
    outer loop
      vertex -20.9721 3 22.8131
      vertex -21.7225 0 24.9105
      vertex -20.9721 0 22.8131
    endloop
  endfacet
  facet normal 0.970029 -0 0.24299
    outer loop
      vertex -22.2638 0 27.0714
      vertex -21.7225 3 24.9105
      vertex -22.2638 3 27.0714
    endloop
  endfacet
  facet normal 0.970029 0 0.24299
    outer loop
      vertex -21.7225 3 24.9105
      vertex -22.2638 0 27.0714
      vertex -21.7225 0 24.9105
    endloop
  endfacet
  facet normal 0.857734 -0 0.514093
    outer loop
      vertex -20.0196 0 20.7993
      vertex -18.8744 3 18.8886
      vertex -20.0196 3 20.7993
    endloop
  endfacet
  facet normal 0.857734 0 0.514093
    outer loop
      vertex -18.8744 3 18.8886
      vertex -20.0196 0 20.7993
      vertex -18.8744 0 18.8886
    endloop
  endfacet
  facet normal 0.803194 -0 0.595718
    outer loop
      vertex -18.8744 0 18.8886
      vertex -17.5473 3 17.0993
      vertex -18.8744 3 18.8886
    endloop
  endfacet
  facet normal 0.803194 0 0.595718
    outer loop
      vertex -17.5473 3 17.0993
      vertex -18.8744 0 18.8886
      vertex -17.5473 0 17.0993
    endloop
  endfacet
  facet normal 0.24298 0 0.970031
    outer loop
      vertex -6.58946 3 9.77745
      vertex -4.42855 0 9.23617
      vertex -4.42855 3 9.23617
    endloop
  endfacet
  facet normal 0.24298 0 0.970031
    outer loop
      vertex -4.42855 0 9.23617
      vertex -6.58946 3 9.77745
      vertex -6.58946 0 9.77745
    endloop
  endfacet
  facet normal 0.0490691 0 0.998795
    outer loop
      vertex -2.22499 3 8.90931
      vertex 0 0 8.8
      vertex 0 3 8.8
    endloop
  endfacet
  facet normal 0.0490691 0 0.998795
    outer loop
      vertex 0 0 8.8
      vertex -2.22499 3 8.90931
      vertex -2.22499 0 8.90931
    endloop
  endfacet
  facet normal 0.514093 0 0.857734
    outer loop
      vertex -12.6114 3 12.6256
      vertex -10.7007 0 11.4804
      vertex -10.7007 3 11.4804
    endloop
  endfacet
  facet normal 0.514093 0 0.857734
    outer loop
      vertex -10.7007 0 11.4804
      vertex -12.6114 3 12.6256
      vertex -12.6114 0 12.6256
    endloop
  endfacet
  facet normal 0.595718 0 0.803194
    outer loop
      vertex -14.4007 3 13.9527
      vertex -12.6114 0 12.6256
      vertex -12.6114 3 12.6256
    endloop
  endfacet
  facet normal 0.595718 0 0.803194
    outer loop
      vertex -12.6114 0 12.6256
      vertex -14.4007 3 13.9527
      vertex -14.4007 0 13.9527
    endloop
  endfacet
  facet normal 0.427573 0 0.903981
    outer loop
      vertex -10.7007 3 11.4804
      vertex -8.68691 0 10.5279
      vertex -8.68691 3 10.5279
    endloop
  endfacet
  facet normal 0.427573 0 0.903981
    outer loop
      vertex -8.68691 0 10.5279
      vertex -10.7007 3 11.4804
      vertex -10.7007 0 11.4804
    endloop
  endfacet
  facet normal 0.671555 0 0.740955
    outer loop
      vertex -16.0513 3 15.4487
      vertex -14.4007 0 13.9527
      vertex -14.4007 3 13.9527
    endloop
  endfacet
  facet normal 0.671555 0 0.740955
    outer loop
      vertex -14.4007 0 13.9527
      vertex -16.0513 3 15.4487
      vertex -16.0513 0 15.4487
    endloop
  endfacet
  facet normal -0.998796 0 0.0490644
    outer loop
      vertex 22.5907 0 29.275
      vertex 22.7 3 31.5
      vertex 22.5907 3 29.275
    endloop
  endfacet
  facet normal -0.998796 0 0.0490644
    outer loop
      vertex 22.7 3 31.5
      vertex 22.5907 0 29.275
      vertex 22.7 0 31.5
    endloop
  endfacet
  facet normal -0.0490647 0 -0.998796
    outer loop
      vertex 0 0 54.2
      vertex 2.22499 3 54.0907
      vertex 2.22499 0 54.0907
    endloop
  endfacet
  facet normal -0.0490647 0 -0.998796
    outer loop
      vertex 2.22499 3 54.0907
      vertex 0 0 54.2
      vertex 0 3 54.2
    endloop
  endfacet
  facet normal -0.941553 0 -0.336865
    outer loop
      vertex 21.7225 0 38.0895
      vertex 20.9721 3 40.1869
      vertex 21.7225 3 38.0895
    endloop
  endfacet
  facet normal -0.941553 -0 -0.336865
    outer loop
      vertex 20.9721 3 40.1869
      vertex 21.7225 0 38.0895
      vertex 20.9721 0 40.1869
    endloop
  endfacet
  facet normal -0.146745 0 -0.989174
    outer loop
      vertex 2.22499 0 54.0907
      vertex 4.42855 3 53.7638
      vertex 4.42855 0 53.7638
    endloop
  endfacet
  facet normal -0.146745 0 -0.989174
    outer loop
      vertex 4.42855 3 53.7638
      vertex 2.22499 0 54.0907
      vertex 2.22499 3 54.0907
    endloop
  endfacet
  facet normal -0.242989 0 -0.970029
    outer loop
      vertex 4.42855 0 53.7638
      vertex 6.58946 3 53.2225
      vertex 6.58946 0 53.2225
    endloop
  endfacet
  facet normal -0.242989 0 -0.970029
    outer loop
      vertex 6.58946 3 53.2225
      vertex 4.42855 0 53.7638
      vertex 4.42855 3 53.7638
    endloop
  endfacet
  facet normal -0.595718 0 -0.803194
    outer loop
      vertex 12.6114 0 50.3744
      vertex 14.4007 3 49.0473
      vertex 14.4007 0 49.0473
    endloop
  endfacet
  facet normal -0.595718 0 -0.803194
    outer loop
      vertex 14.4007 3 49.0473
      vertex 12.6114 0 50.3744
      vertex 12.6114 3 50.3744
    endloop
  endfacet
  facet normal -0.427573 0 -0.903981
    outer loop
      vertex 8.68691 0 52.4721
      vertex 10.7007 3 51.5196
      vertex 10.7007 0 51.5196
    endloop
  endfacet
  facet normal -0.427573 0 -0.903981
    outer loop
      vertex 10.7007 3 51.5196
      vertex 8.68691 0 52.4721
      vertex 8.68691 3 52.4721
    endloop
  endfacet
  facet normal -0.857734 0 -0.514093
    outer loop
      vertex 20.0196 0 42.2007
      vertex 18.8744 3 44.1114
      vertex 20.0196 3 42.2007
    endloop
  endfacet
  facet normal -0.857734 -0 -0.514093
    outer loop
      vertex 18.8744 3 44.1114
      vertex 20.0196 0 42.2007
      vertex 18.8744 0 44.1114
    endloop
  endfacet
  facet normal 0.0490647 0 -0.998796
    outer loop
      vertex -2.22499 0 54.0907
      vertex 0 3 54.2
      vertex 0 0 54.2
    endloop
  endfacet
  facet normal 0.0490647 0 -0.998796
    outer loop
      vertex 0 3 54.2
      vertex -2.22499 0 54.0907
      vertex -2.22499 3 54.0907
    endloop
  endfacet
  facet normal 0.336858 0 -0.941555
    outer loop
      vertex -8.68691 0 52.4721
      vertex -6.58946 3 53.2225
      vertex -6.58946 0 53.2225
    endloop
  endfacet
  facet normal 0.336858 0 -0.941555
    outer loop
      vertex -6.58946 3 53.2225
      vertex -8.68691 0 52.4721
      vertex -8.68691 3 52.4721
    endloop
  endfacet
  facet normal 0.514093 0 -0.857734
    outer loop
      vertex -12.6114 0 50.3744
      vertex -10.7007 3 51.5196
      vertex -10.7007 0 51.5196
    endloop
  endfacet
  facet normal 0.514093 0 -0.857734
    outer loop
      vertex -10.7007 3 51.5196
      vertex -12.6114 0 50.3744
      vertex -12.6114 3 50.3744
    endloop
  endfacet
  facet normal 0.998796 0 -0.0490644
    outer loop
      vertex -22.5907 0 33.725
      vertex -22.7 3 31.5
      vertex -22.5907 3 33.725
    endloop
  endfacet
  facet normal 0.998796 0 -0.0490644
    outer loop
      vertex -22.7 3 31.5
      vertex -22.5907 0 33.725
      vertex -22.7 0 31.5
    endloop
  endfacet
  facet normal 0.970029 0 -0.24299
    outer loop
      vertex -21.7225 0 38.0895
      vertex -22.2638 3 35.9286
      vertex -21.7225 3 38.0895
    endloop
  endfacet
  facet normal 0.970029 0 -0.24299
    outer loop
      vertex -22.2638 3 35.9286
      vertex -21.7225 0 38.0895
      vertex -22.2638 0 35.9286
    endloop
  endfacet
  facet normal 0.903982 0 -0.427571
    outer loop
      vertex -20.0196 0 42.2007
      vertex -20.9721 3 40.1869
      vertex -20.0196 3 42.2007
    endloop
  endfacet
  facet normal 0.903982 0 -0.427571
    outer loop
      vertex -20.9721 3 40.1869
      vertex -20.0196 0 42.2007
      vertex -20.9721 0 40.1869
    endloop
  endfacet
  facet normal -0.146727 0 0.989177
    outer loop
      vertex 2.22499 3 8.90931
      vertex 4.42855 0 9.23617
      vertex 4.42855 3 9.23617
    endloop
  endfacet
  facet normal -0.146727 0 0.989177
    outer loop
      vertex 4.42855 0 9.23617
      vertex 2.22499 3 8.90931
      vertex 2.22499 0 8.90931
    endloop
  endfacet
  facet normal -0.970029 0 -0.24299
    outer loop
      vertex 22.2638 0 35.9286
      vertex 21.7225 3 38.0895
      vertex 22.2638 3 35.9286
    endloop
  endfacet
  facet normal -0.970029 -0 -0.24299
    outer loop
      vertex 21.7225 3 38.0895
      vertex 22.2638 0 35.9286
      vertex 21.7225 0 38.0895
    endloop
  endfacet
  facet normal -0.989175 0 -0.146742
    outer loop
      vertex 22.5907 0 33.725
      vertex 22.2638 3 35.9286
      vertex 22.5907 3 33.725
    endloop
  endfacet
  facet normal -0.989175 -0 -0.146742
    outer loop
      vertex 22.2638 3 35.9286
      vertex 22.5907 0 33.725
      vertex 22.2638 0 35.9286
    endloop
  endfacet
  facet normal -0.336858 0 -0.941555
    outer loop
      vertex 6.58946 0 53.2225
      vertex 8.68691 3 52.4721
      vertex 8.68691 0 52.4721
    endloop
  endfacet
  facet normal -0.336858 0 -0.941555
    outer loop
      vertex 8.68691 3 52.4721
      vertex 6.58946 0 53.2225
      vertex 6.58946 3 53.2225
    endloop
  endfacet
  facet normal -0.671555 0 -0.740955
    outer loop
      vertex 14.4007 0 49.0473
      vertex 16.0513 3 47.5513
      vertex 16.0513 0 47.5513
    endloop
  endfacet
  facet normal -0.671555 0 -0.740955
    outer loop
      vertex 16.0513 3 47.5513
      vertex 14.4007 0 49.0473
      vertex 14.4007 3 49.0473
    endloop
  endfacet
  facet normal -0.514093 0 -0.857734
    outer loop
      vertex 10.7007 0 51.5196
      vertex 12.6114 3 50.3744
      vertex 12.6114 0 50.3744
    endloop
  endfacet
  facet normal -0.514093 0 -0.857734
    outer loop
      vertex 12.6114 3 50.3744
      vertex 10.7007 0 51.5196
      vertex 10.7007 3 51.5196
    endloop
  endfacet
  facet normal -0.803194 0 -0.595718
    outer loop
      vertex 18.8744 0 44.1114
      vertex 17.5473 3 45.9007
      vertex 18.8744 3 44.1114
    endloop
  endfacet
  facet normal -0.803194 -0 -0.595718
    outer loop
      vertex 17.5473 3 45.9007
      vertex 18.8744 0 44.1114
      vertex 17.5473 0 45.9007
    endloop
  endfacet
  facet normal 0.242989 0 -0.970029
    outer loop
      vertex -6.58946 0 53.2225
      vertex -4.42855 3 53.7638
      vertex -4.42855 0 53.7638
    endloop
  endfacet
  facet normal 0.242989 0 -0.970029
    outer loop
      vertex -4.42855 3 53.7638
      vertex -6.58946 0 53.2225
      vertex -6.58946 3 53.2225
    endloop
  endfacet
  facet normal 0.595718 0 -0.803194
    outer loop
      vertex -14.4007 0 49.0473
      vertex -12.6114 3 50.3744
      vertex -12.6114 0 50.3744
    endloop
  endfacet
  facet normal 0.595718 0 -0.803194
    outer loop
      vertex -12.6114 3 50.3744
      vertex -14.4007 0 49.0473
      vertex -14.4007 3 49.0473
    endloop
  endfacet
  facet normal 0.941553 0 -0.336865
    outer loop
      vertex -20.9721 0 40.1869
      vertex -21.7225 3 38.0895
      vertex -20.9721 3 40.1869
    endloop
  endfacet
  facet normal 0.941553 0 -0.336865
    outer loop
      vertex -21.7225 3 38.0895
      vertex -20.9721 0 40.1869
      vertex -21.7225 0 38.0895
    endloop
  endfacet
  facet normal 0.989175 0 -0.146742
    outer loop
      vertex -22.2638 0 35.9286
      vertex -22.5907 3 33.725
      vertex -22.2638 3 35.9286
    endloop
  endfacet
  facet normal 0.989175 0 -0.146742
    outer loop
      vertex -22.5907 3 33.725
      vertex -22.2638 0 35.9286
      vertex -22.5907 0 33.725
    endloop
  endfacet
  facet normal 0.857734 0 -0.514093
    outer loop
      vertex -18.8744 0 44.1114
      vertex -20.0196 3 42.2007
      vertex -18.8744 3 44.1114
    endloop
  endfacet
  facet normal 0.857734 0 -0.514093
    outer loop
      vertex -20.0196 3 42.2007
      vertex -18.8744 0 44.1114
      vertex -20.0196 0 42.2007
    endloop
  endfacet
  facet normal 0.740955 0 -0.671555
    outer loop
      vertex -16.0513 0 47.5513
      vertex -17.5473 3 45.9007
      vertex -16.0513 3 47.5513
    endloop
  endfacet
  facet normal 0.740955 0 -0.671555
    outer loop
      vertex -17.5473 3 45.9007
      vertex -16.0513 0 47.5513
      vertex -17.5473 0 45.9007
    endloop
  endfacet
  facet normal -0.998796 0 -0.049061
    outer loop
      vertex 4 47.8 65
      vertex 3.98074 50.8 65.3921
      vertex 4 50.8 65
    endloop
  endfacet
  facet normal -0.998796 -0 -0.049061
    outer loop
      vertex 3.98074 50.8 65.3921
      vertex 4 47.8 65
      vertex 3.98074 47.8 65.3921
    endloop
  endfacet
  facet normal -0.989176 0 -0.146733
    outer loop
      vertex 3.98074 47.8 65.3921
      vertex 3.92314 50.8 65.7804
      vertex 3.98074 50.8 65.3921
    endloop
  endfacet
  facet normal -0.989176 -0 -0.146733
    outer loop
      vertex 3.92314 50.8 65.7804
      vertex 3.98074 47.8 65.3921
      vertex 3.92314 47.8 65.7804
    endloop
  endfacet
  facet normal 0.0491666 0 -0.998791
    outer loop
      vertex -0.392068 47.8 68.9807
      vertex 0 50.8 69
      vertex 0 47.8 69
    endloop
  endfacet
  facet normal 0.0491666 0 -0.998791
    outer loop
      vertex 0 50.8 69
      vertex -0.392068 47.8 68.9807
      vertex -0.392068 50.8 68.9807
    endloop
  endfacet
  facet normal -0.671531 0 -0.740977
    outer loop
      vertex 2.53757 47.8 68.092
      vertex 2.82843 50.8 67.8284
      vertex 2.82843 47.8 67.8284
    endloop
  endfacet
  facet normal -0.671531 0 -0.740977
    outer loop
      vertex 2.82843 50.8 67.8284
      vertex 2.53757 47.8 68.092
      vertex 2.53757 50.8 68.092
    endloop
  endfacet
  facet normal 0.740895 0 -0.671621
    outer loop
      vertex -2.82843 47.8 67.8284
      vertex -3.09204 50.8 67.5376
      vertex -2.82843 50.8 67.8284
    endloop
  endfacet
  facet normal 0.740895 0 -0.671621
    outer loop
      vertex -3.09204 50.8 67.5376
      vertex -2.82843 47.8 67.8284
      vertex -3.09204 47.8 67.5376
    endloop
  endfacet
  facet normal -0.146736 0 0.989176
    outer loop
      vertex 0.392068 50.8 61.0193
      vertex 0.780361 47.8 61.0769
      vertex 0.780361 50.8 61.0769
    endloop
  endfacet
  facet normal -0.146736 0 0.989176
    outer loop
      vertex 0.780361 47.8 61.0769
      vertex 0.392068 50.8 61.0193
      vertex 0.392068 47.8 61.0193
    endloop
  endfacet
  facet normal -0.904004 0 -0.427523
    outer loop
      vertex 3.69552 47.8 66.5307
      vertex 3.52768 50.8 66.8856
      vertex 3.69552 50.8 66.5307
    endloop
  endfacet
  facet normal -0.904004 -0 -0.427523
    outer loop
      vertex 3.52768 50.8 66.8856
      vertex 3.69552 47.8 66.5307
      vertex 3.52768 47.8 66.8856
    endloop
  endfacet
  facet normal -0.337022 0 -0.941497
    outer loop
      vertex 1.16114 47.8 68.8278
      vertex 1.53073 50.8 68.6955
      vertex 1.53073 47.8 68.6955
    endloop
  endfacet
  facet normal -0.337022 0 -0.941497
    outer loop
      vertex 1.53073 50.8 68.6955
      vertex 1.16114 47.8 68.8278
      vertex 1.16114 50.8 68.8278
    endloop
  endfacet
  facet normal -0.514095 0 -0.857733
    outer loop
      vertex 1.88559 47.8 68.5277
      vertex 2.22228 50.8 68.3259
      vertex 2.22228 47.8 68.3259
    endloop
  endfacet
  facet normal -0.514095 0 -0.857733
    outer loop
      vertex 2.22228 50.8 68.3259
      vertex 1.88559 47.8 68.5277
      vertex 1.88559 50.8 68.5277
    endloop
  endfacet
  facet normal 0.941548 0 -0.336879
    outer loop
      vertex -3.69552 47.8 66.5307
      vertex -3.82776 50.8 66.1611
      vertex -3.69552 50.8 66.5307
    endloop
  endfacet
  facet normal 0.941548 0 -0.336879
    outer loop
      vertex -3.82776 50.8 66.1611
      vertex -3.69552 47.8 66.5307
      vertex -3.82776 47.8 66.1611
    endloop
  endfacet
  facet normal 0.80321 0 -0.595695
    outer loop
      vertex -3.09204 47.8 67.5376
      vertex -3.32588 50.8 67.2223
      vertex -3.09204 50.8 67.5376
    endloop
  endfacet
  facet normal 0.80321 0 -0.595695
    outer loop
      vertex -3.32588 50.8 67.2223
      vertex -3.09204 47.8 67.5376
      vertex -3.32588 47.8 67.2223
    endloop
  endfacet
  facet normal 0.242788 0 -0.970079
    outer loop
      vertex -1.16114 47.8 68.8278
      vertex -0.780361 50.8 68.9231
      vertex -0.780361 47.8 68.9231
    endloop
  endfacet
  facet normal 0.242788 0 -0.970079
    outer loop
      vertex -0.780361 50.8 68.9231
      vertex -1.16114 47.8 68.8278
      vertex -1.16114 50.8 68.8278
    endloop
  endfacet
  facet normal -0.80321 0 0.595695
    outer loop
      vertex 3.09204 47.8 62.4624
      vertex 3.32588 50.8 62.7777
      vertex 3.09204 50.8 62.4624
    endloop
  endfacet
  facet normal -0.80321 0 0.595695
    outer loop
      vertex 3.32588 50.8 62.7777
      vertex 3.09204 47.8 62.4624
      vertex 3.32588 47.8 62.7777
    endloop
  endfacet
  facet normal -0.970019 0 0.243027
    outer loop
      vertex 3.82776 47.8 63.8389
      vertex 3.92314 50.8 64.2196
      vertex 3.82776 50.8 63.8389
    endloop
  endfacet
  facet normal -0.970019 0 0.243027
    outer loop
      vertex 3.92314 50.8 64.2196
      vertex 3.82776 47.8 63.8389
      vertex 3.92314 47.8 64.2196
    endloop
  endfacet
  facet normal 0.595806 0 0.803128
    outer loop
      vertex -2.53757 50.8 61.908
      vertex -2.22228 47.8 61.6741
      vertex -2.22228 50.8 61.6741
    endloop
  endfacet
  facet normal 0.595806 0 0.803128
    outer loop
      vertex -2.22228 47.8 61.6741
      vertex -2.53757 50.8 61.908
      vertex -2.53757 47.8 61.908
    endloop
  endfacet
  facet normal 0.671531 0 0.740977
    outer loop
      vertex -2.82843 50.8 62.1716
      vertex -2.53757 47.8 61.908
      vertex -2.53757 50.8 61.908
    endloop
  endfacet
  facet normal 0.671531 0 0.740977
    outer loop
      vertex -2.53757 47.8 61.908
      vertex -2.82843 50.8 62.1716
      vertex -2.82843 47.8 62.1716
    endloop
  endfacet
  facet normal -0.970019 0 -0.243027
    outer loop
      vertex 3.92314 47.8 65.7804
      vertex 3.82776 50.8 66.1611
      vertex 3.92314 50.8 65.7804
    endloop
  endfacet
  facet normal -0.970019 -0 -0.243027
    outer loop
      vertex 3.82776 50.8 66.1611
      vertex 3.92314 47.8 65.7804
      vertex 3.82776 47.8 66.1611
    endloop
  endfacet
  facet normal -0.80321 0 -0.595695
    outer loop
      vertex 3.32588 47.8 67.2223
      vertex 3.09204 50.8 67.5376
      vertex 3.32588 50.8 67.2223
    endloop
  endfacet
  facet normal -0.80321 -0 -0.595695
    outer loop
      vertex 3.09204 50.8 67.5376
      vertex 3.32588 47.8 67.2223
      vertex 3.09204 47.8 67.5376
    endloop
  endfacet
  facet normal -0.85774 0 -0.514084
    outer loop
      vertex 3.52768 47.8 66.8856
      vertex 3.32588 50.8 67.2223
      vertex 3.52768 50.8 66.8856
    endloop
  endfacet
  facet normal -0.85774 -0 -0.514084
    outer loop
      vertex 3.32588 50.8 67.2223
      vertex 3.52768 47.8 66.8856
      vertex 3.32588 47.8 67.2223
    endloop
  endfacet
  facet normal -0.146736 0 -0.989176
    outer loop
      vertex 0.392068 47.8 68.9807
      vertex 0.780361 50.8 68.9231
      vertex 0.780361 47.8 68.9231
    endloop
  endfacet
  facet normal -0.146736 0 -0.989176
    outer loop
      vertex 0.780361 50.8 68.9231
      vertex 0.392068 47.8 68.9807
      vertex 0.392068 50.8 68.9807
    endloop
  endfacet
  facet normal -0.242788 0 -0.970079
    outer loop
      vertex 0.780361 47.8 68.9231
      vertex 1.16114 50.8 68.8278
      vertex 1.16114 47.8 68.8278
    endloop
  endfacet
  facet normal -0.242788 0 -0.970079
    outer loop
      vertex 1.16114 50.8 68.8278
      vertex 0.780361 47.8 68.9231
      vertex 0.780361 50.8 68.9231
    endloop
  endfacet
  facet normal -0.595806 0 -0.803128
    outer loop
      vertex 2.22228 47.8 68.3259
      vertex 2.53757 50.8 68.092
      vertex 2.53757 47.8 68.092
    endloop
  endfacet
  facet normal -0.595806 0 -0.803128
    outer loop
      vertex 2.53757 50.8 68.092
      vertex 2.22228 47.8 68.3259
      vertex 2.22228 50.8 68.3259
    endloop
  endfacet
  facet normal 0.989176 0 -0.146733
    outer loop
      vertex -3.92314 47.8 65.7804
      vertex -3.98074 50.8 65.3921
      vertex -3.92314 50.8 65.7804
    endloop
  endfacet
  facet normal 0.989176 0 -0.146733
    outer loop
      vertex -3.98074 50.8 65.3921
      vertex -3.92314 47.8 65.7804
      vertex -3.98074 47.8 65.3921
    endloop
  endfacet
  facet normal 0.85774 0 -0.514084
    outer loop
      vertex -3.32588 47.8 67.2223
      vertex -3.52768 50.8 66.8856
      vertex -3.32588 50.8 67.2223
    endloop
  endfacet
  facet normal 0.85774 0 -0.514084
    outer loop
      vertex -3.52768 50.8 66.8856
      vertex -3.32588 47.8 67.2223
      vertex -3.52768 47.8 66.8856
    endloop
  endfacet
  facet normal 0.970019 0 -0.243027
    outer loop
      vertex -3.82776 47.8 66.1611
      vertex -3.92314 50.8 65.7804
      vertex -3.82776 50.8 66.1611
    endloop
  endfacet
  facet normal 0.970019 0 -0.243027
    outer loop
      vertex -3.92314 50.8 65.7804
      vertex -3.82776 47.8 66.1611
      vertex -3.92314 47.8 65.7804
    endloop
  endfacet
  facet normal 0.595806 0 -0.803128
    outer loop
      vertex -2.53757 47.8 68.092
      vertex -2.22228 50.8 68.3259
      vertex -2.22228 47.8 68.3259
    endloop
  endfacet
  facet normal 0.595806 0 -0.803128
    outer loop
      vertex -2.22228 50.8 68.3259
      vertex -2.53757 47.8 68.092
      vertex -2.53757 50.8 68.092
    endloop
  endfacet
  facet normal 0.514095 0 -0.857733
    outer loop
      vertex -2.22228 47.8 68.3259
      vertex -1.88559 50.8 68.5277
      vertex -1.88559 47.8 68.5277
    endloop
  endfacet
  facet normal 0.514095 0 -0.857733
    outer loop
      vertex -1.88559 50.8 68.5277
      vertex -2.22228 47.8 68.3259
      vertex -2.22228 50.8 68.3259
    endloop
  endfacet
  facet normal 0.146736 0 -0.989176
    outer loop
      vertex -0.780361 47.8 68.9231
      vertex -0.392068 50.8 68.9807
      vertex -0.392068 47.8 68.9807
    endloop
  endfacet
  facet normal 0.146736 0 -0.989176
    outer loop
      vertex -0.392068 50.8 68.9807
      vertex -0.780361 47.8 68.9231
      vertex -0.780361 50.8 68.9231
    endloop
  endfacet
  facet normal -0.514095 0 0.857733
    outer loop
      vertex 1.88559 50.8 61.4723
      vertex 2.22228 47.8 61.6741
      vertex 2.22228 50.8 61.6741
    endloop
  endfacet
  facet normal -0.514095 0 0.857733
    outer loop
      vertex 2.22228 47.8 61.6741
      vertex 1.88559 50.8 61.4723
      vertex 1.88559 47.8 61.4723
    endloop
  endfacet
  facet normal 0.242788 0 0.970079
    outer loop
      vertex -1.16114 50.8 61.1722
      vertex -0.780361 47.8 61.0769
      vertex -0.780361 50.8 61.0769
    endloop
  endfacet
  facet normal 0.242788 0 0.970079
    outer loop
      vertex -0.780361 47.8 61.0769
      vertex -1.16114 50.8 61.1722
      vertex -1.16114 47.8 61.1722
    endloop
  endfacet
  facet normal 0.80321 -0 0.595695
    outer loop
      vertex -3.32588 47.8 62.7777
      vertex -3.09204 50.8 62.4624
      vertex -3.32588 50.8 62.7777
    endloop
  endfacet
  facet normal 0.80321 0 0.595695
    outer loop
      vertex -3.09204 50.8 62.4624
      vertex -3.32588 47.8 62.7777
      vertex -3.09204 47.8 62.4624
    endloop
  endfacet
  facet normal 0.85774 -0 0.514084
    outer loop
      vertex -3.52768 47.8 63.1144
      vertex -3.32588 50.8 62.7777
      vertex -3.52768 50.8 63.1144
    endloop
  endfacet
  facet normal 0.85774 0 0.514084
    outer loop
      vertex -3.32588 50.8 62.7777
      vertex -3.52768 47.8 63.1144
      vertex -3.32588 47.8 62.7777
    endloop
  endfacet
  facet normal 0.740895 -0 0.671621
    outer loop
      vertex -3.09204 47.8 62.4624
      vertex -2.82843 50.8 62.1716
      vertex -3.09204 50.8 62.4624
    endloop
  endfacet
  facet normal 0.740895 0 0.671621
    outer loop
      vertex -2.82843 50.8 62.1716
      vertex -3.09204 47.8 62.4624
      vertex -2.82843 47.8 62.1716
    endloop
  endfacet
  facet normal 0.904004 -0 0.427523
    outer loop
      vertex -3.69552 47.8 63.4693
      vertex -3.52768 50.8 63.1144
      vertex -3.69552 50.8 63.4693
    endloop
  endfacet
  facet normal 0.904004 0 0.427523
    outer loop
      vertex -3.52768 50.8 63.1144
      vertex -3.69552 47.8 63.4693
      vertex -3.52768 47.8 63.1144
    endloop
  endfacet
  facet normal 0.989176 -0 0.146733
    outer loop
      vertex -3.98074 47.8 64.6079
      vertex -3.92314 50.8 64.2196
      vertex -3.98074 50.8 64.6079
    endloop
  endfacet
  facet normal 0.989176 0 0.146733
    outer loop
      vertex -3.92314 50.8 64.2196
      vertex -3.98074 47.8 64.6079
      vertex -3.92314 47.8 64.2196
    endloop
  endfacet
  facet normal -0.941548 0 -0.336879
    outer loop
      vertex 3.82776 47.8 66.1611
      vertex 3.69552 50.8 66.5307
      vertex 3.82776 50.8 66.1611
    endloop
  endfacet
  facet normal -0.941548 -0 -0.336879
    outer loop
      vertex 3.69552 50.8 66.5307
      vertex 3.82776 47.8 66.1611
      vertex 3.69552 47.8 66.5307
    endloop
  endfacet
  facet normal -0.740895 0 -0.671621
    outer loop
      vertex 3.09204 47.8 67.5376
      vertex 2.82843 50.8 67.8284
      vertex 3.09204 50.8 67.5376
    endloop
  endfacet
  facet normal -0.740895 -0 -0.671621
    outer loop
      vertex 2.82843 50.8 67.8284
      vertex 3.09204 47.8 67.5376
      vertex 2.82843 47.8 67.8284
    endloop
  endfacet
  facet normal -0.0491666 0 -0.998791
    outer loop
      vertex 0 47.8 69
      vertex 0.392068 50.8 68.9807
      vertex 0.392068 47.8 68.9807
    endloop
  endfacet
  facet normal -0.0491666 0 -0.998791
    outer loop
      vertex 0.392068 50.8 68.9807
      vertex 0 47.8 69
      vertex 0 50.8 69
    endloop
  endfacet
  facet normal -0.42748 0 -0.904025
    outer loop
      vertex 1.53073 47.8 68.6955
      vertex 1.88559 50.8 68.5277
      vertex 1.88559 47.8 68.5277
    endloop
  endfacet
  facet normal -0.42748 0 -0.904025
    outer loop
      vertex 1.88559 50.8 68.5277
      vertex 1.53073 47.8 68.6955
      vertex 1.53073 50.8 68.6955
    endloop
  endfacet
  facet normal 0.904004 0 -0.427523
    outer loop
      vertex -3.52768 47.8 66.8856
      vertex -3.69552 50.8 66.5307
      vertex -3.52768 50.8 66.8856
    endloop
  endfacet
  facet normal 0.904004 0 -0.427523
    outer loop
      vertex -3.69552 50.8 66.5307
      vertex -3.52768 47.8 66.8856
      vertex -3.69552 47.8 66.5307
    endloop
  endfacet
  facet normal 0.998796 0 -0.049061
    outer loop
      vertex -3.98074 47.8 65.3921
      vertex -4 50.8 65
      vertex -3.98074 50.8 65.3921
    endloop
  endfacet
  facet normal 0.998796 0 -0.049061
    outer loop
      vertex -4 50.8 65
      vertex -3.98074 47.8 65.3921
      vertex -4 47.8 65
    endloop
  endfacet
  facet normal 0.998796 -0 0.049061
    outer loop
      vertex -4 47.8 65
      vertex -3.98074 50.8 64.6079
      vertex -4 50.8 65
    endloop
  endfacet
  facet normal 0.998796 0 0.049061
    outer loop
      vertex -3.98074 50.8 64.6079
      vertex -4 47.8 65
      vertex -3.98074 47.8 64.6079
    endloop
  endfacet
  facet normal 0.671531 0 -0.740977
    outer loop
      vertex -2.82843 47.8 67.8284
      vertex -2.53757 50.8 68.092
      vertex -2.53757 47.8 68.092
    endloop
  endfacet
  facet normal 0.671531 0 -0.740977
    outer loop
      vertex -2.53757 50.8 68.092
      vertex -2.82843 47.8 67.8284
      vertex -2.82843 50.8 67.8284
    endloop
  endfacet
  facet normal 0.337022 0 -0.941497
    outer loop
      vertex -1.53073 47.8 68.6955
      vertex -1.16114 50.8 68.8278
      vertex -1.16114 47.8 68.8278
    endloop
  endfacet
  facet normal 0.337022 0 -0.941497
    outer loop
      vertex -1.16114 50.8 68.8278
      vertex -1.53073 47.8 68.6955
      vertex -1.53073 50.8 68.6955
    endloop
  endfacet
  facet normal 0.42748 0 -0.904025
    outer loop
      vertex -1.88559 47.8 68.5277
      vertex -1.53073 50.8 68.6955
      vertex -1.53073 47.8 68.6955
    endloop
  endfacet
  facet normal 0.42748 0 -0.904025
    outer loop
      vertex -1.53073 50.8 68.6955
      vertex -1.88559 47.8 68.5277
      vertex -1.88559 50.8 68.5277
    endloop
  endfacet
  facet normal -0.242788 0 0.970079
    outer loop
      vertex 0.780361 50.8 61.0769
      vertex 1.16114 47.8 61.1722
      vertex 1.16114 50.8 61.1722
    endloop
  endfacet
  facet normal -0.242788 0 0.970079
    outer loop
      vertex 1.16114 47.8 61.1722
      vertex 0.780361 50.8 61.0769
      vertex 0.780361 47.8 61.0769
    endloop
  endfacet
  facet normal -0.337022 0 0.941497
    outer loop
      vertex 1.16114 50.8 61.1722
      vertex 1.53073 47.8 61.3045
      vertex 1.53073 50.8 61.3045
    endloop
  endfacet
  facet normal -0.337022 0 0.941497
    outer loop
      vertex 1.53073 47.8 61.3045
      vertex 1.16114 50.8 61.1722
      vertex 1.16114 47.8 61.1722
    endloop
  endfacet
  facet normal -0.42748 0 0.904025
    outer loop
      vertex 1.53073 50.8 61.3045
      vertex 1.88559 47.8 61.4723
      vertex 1.88559 50.8 61.4723
    endloop
  endfacet
  facet normal -0.42748 0 0.904025
    outer loop
      vertex 1.88559 47.8 61.4723
      vertex 1.53073 50.8 61.3045
      vertex 1.53073 47.8 61.3045
    endloop
  endfacet
  facet normal -0.671531 0 0.740977
    outer loop
      vertex 2.53757 50.8 61.908
      vertex 2.82843 47.8 62.1716
      vertex 2.82843 50.8 62.1716
    endloop
  endfacet
  facet normal -0.671531 0 0.740977
    outer loop
      vertex 2.82843 47.8 62.1716
      vertex 2.53757 50.8 61.908
      vertex 2.53757 47.8 61.908
    endloop
  endfacet
  facet normal -0.740895 0 0.671621
    outer loop
      vertex 2.82843 47.8 62.1716
      vertex 3.09204 50.8 62.4624
      vertex 2.82843 50.8 62.1716
    endloop
  endfacet
  facet normal -0.740895 0 0.671621
    outer loop
      vertex 3.09204 50.8 62.4624
      vertex 2.82843 47.8 62.1716
      vertex 3.09204 47.8 62.4624
    endloop
  endfacet
  facet normal -0.595806 0 0.803128
    outer loop
      vertex 2.22228 50.8 61.6741
      vertex 2.53757 47.8 61.908
      vertex 2.53757 50.8 61.908
    endloop
  endfacet
  facet normal -0.595806 0 0.803128
    outer loop
      vertex 2.53757 47.8 61.908
      vertex 2.22228 50.8 61.6741
      vertex 2.22228 47.8 61.6741
    endloop
  endfacet
  facet normal -0.85774 0 0.514084
    outer loop
      vertex 3.32588 47.8 62.7777
      vertex 3.52768 50.8 63.1144
      vertex 3.32588 50.8 62.7777
    endloop
  endfacet
  facet normal -0.85774 0 0.514084
    outer loop
      vertex 3.52768 50.8 63.1144
      vertex 3.32588 47.8 62.7777
      vertex 3.52768 47.8 63.1144
    endloop
  endfacet
  facet normal -0.904004 0 0.427523
    outer loop
      vertex 3.52768 47.8 63.1144
      vertex 3.69552 50.8 63.4693
      vertex 3.52768 50.8 63.1144
    endloop
  endfacet
  facet normal -0.904004 0 0.427523
    outer loop
      vertex 3.69552 50.8 63.4693
      vertex 3.52768 47.8 63.1144
      vertex 3.69552 47.8 63.4693
    endloop
  endfacet
  facet normal -0.941548 0 0.336879
    outer loop
      vertex 3.69552 47.8 63.4693
      vertex 3.82776 50.8 63.8389
      vertex 3.69552 50.8 63.4693
    endloop
  endfacet
  facet normal -0.941548 0 0.336879
    outer loop
      vertex 3.82776 50.8 63.8389
      vertex 3.69552 47.8 63.4693
      vertex 3.82776 47.8 63.8389
    endloop
  endfacet
  facet normal -0.989176 0 0.146733
    outer loop
      vertex 3.92314 47.8 64.2196
      vertex 3.98074 50.8 64.6079
      vertex 3.92314 50.8 64.2196
    endloop
  endfacet
  facet normal -0.989176 0 0.146733
    outer loop
      vertex 3.98074 50.8 64.6079
      vertex 3.92314 47.8 64.2196
      vertex 3.98074 47.8 64.6079
    endloop
  endfacet
  facet normal -0.998796 0 0.049061
    outer loop
      vertex 3.98074 47.8 64.6079
      vertex 4 50.8 65
      vertex 3.98074 50.8 64.6079
    endloop
  endfacet
  facet normal -0.998796 0 0.049061
    outer loop
      vertex 4 50.8 65
      vertex 3.98074 47.8 64.6079
      vertex 4 47.8 65
    endloop
  endfacet
  facet normal 0.514095 0 0.857733
    outer loop
      vertex -2.22228 50.8 61.6741
      vertex -1.88559 47.8 61.4723
      vertex -1.88559 50.8 61.4723
    endloop
  endfacet
  facet normal 0.514095 0 0.857733
    outer loop
      vertex -1.88559 47.8 61.4723
      vertex -2.22228 50.8 61.6741
      vertex -2.22228 47.8 61.6741
    endloop
  endfacet
  facet normal 0.42748 0 0.904025
    outer loop
      vertex -1.88559 50.8 61.4723
      vertex -1.53073 47.8 61.3045
      vertex -1.53073 50.8 61.3045
    endloop
  endfacet
  facet normal 0.42748 0 0.904025
    outer loop
      vertex -1.53073 47.8 61.3045
      vertex -1.88559 50.8 61.4723
      vertex -1.88559 47.8 61.4723
    endloop
  endfacet
  facet normal 0.337022 0 0.941497
    outer loop
      vertex -1.53073 50.8 61.3045
      vertex -1.16114 47.8 61.1722
      vertex -1.16114 50.8 61.1722
    endloop
  endfacet
  facet normal 0.337022 0 0.941497
    outer loop
      vertex -1.16114 47.8 61.1722
      vertex -1.53073 50.8 61.3045
      vertex -1.53073 47.8 61.3045
    endloop
  endfacet
  facet normal 0.146736 0 0.989176
    outer loop
      vertex -0.780361 50.8 61.0769
      vertex -0.392068 47.8 61.0193
      vertex -0.392068 50.8 61.0193
    endloop
  endfacet
  facet normal 0.146736 0 0.989176
    outer loop
      vertex -0.392068 47.8 61.0193
      vertex -0.780361 50.8 61.0769
      vertex -0.780361 47.8 61.0769
    endloop
  endfacet
  facet normal 0.0491666 0 0.998791
    outer loop
      vertex -0.392068 50.8 61.0193
      vertex 0 47.8 61
      vertex 0 50.8 61
    endloop
  endfacet
  facet normal 0.0491666 0 0.998791
    outer loop
      vertex 0 47.8 61
      vertex -0.392068 50.8 61.0193
      vertex -0.392068 47.8 61.0193
    endloop
  endfacet
  facet normal -0.0491666 0 0.998791
    outer loop
      vertex 0 50.8 61
      vertex 0.392068 47.8 61.0193
      vertex 0.392068 50.8 61.0193
    endloop
  endfacet
  facet normal -0.0491666 0 0.998791
    outer loop
      vertex 0.392068 47.8 61.0193
      vertex 0 50.8 61
      vertex 0 47.8 61
    endloop
  endfacet
  facet normal 0.941548 -0 0.336879
    outer loop
      vertex -3.82776 47.8 63.8389
      vertex -3.69552 50.8 63.4693
      vertex -3.82776 50.8 63.8389
    endloop
  endfacet
  facet normal 0.941548 0 0.336879
    outer loop
      vertex -3.69552 50.8 63.4693
      vertex -3.82776 47.8 63.8389
      vertex -3.69552 47.8 63.4693
    endloop
  endfacet
  facet normal 0.970019 -0 0.243027
    outer loop
      vertex -3.92314 47.8 64.2196
      vertex -3.82776 50.8 63.8389
      vertex -3.92314 50.8 64.2196
    endloop
  endfacet
  facet normal 0.970019 0 0.243027
    outer loop
      vertex -3.82776 50.8 63.8389
      vertex -3.92314 47.8 64.2196
      vertex -3.82776 47.8 63.8389
    endloop
  endfacet
endsolid OpenSCAD_Model
